id,name,name_code,attrition,age,gender,marital_status_id,distance_from_home,hourly_rate,daily_rate,monthly_rate,monthly_income,percent_salary_hike,job_level,job_role_id,business_travel_id,department_id,education_id,num_of_companies_worked,total_working_years,training_times_last_year,years_at_company,years_in_current_role,years_since_last_promotion,years_with_curr_manager,stock_option_level,environment_satisfaction_id,job_involvement_id,job_satisfaction_id,performance_rating_id,relationship_satisfaction_id,work_life_balance_id,over_time,workload_pressure_index,engagement_score,engagement_feedback_score,training_hours_last_year,training_hours_last_6_months,training_gap_score,promotion_stagnation_ratio,role_stability_ratio,attrition_risk_class_id,over_time_hours_last_month,late_arrivals_last_month,absence_days_last_month,absence_ratio,work_shift_id
0,John Martinez,john_martinez,True,41,False,2,1,94,1102,19479,5993,11,2,0,1,1,1,8,8,0,6,4,0,5,0,1,2,3,2,0,0,True,3,4,2,0,0,5,0.0,0.667,2,13.0,13,1,0.0434782608695652,2
1,David Garcia,david_garcia,False,49,True,1,8,61,279,24907,5130,23,2,1,2,0,0,1,10,3,10,7,1,7,1,2,1,1,3,3,2,True,3,2,4,47,22,3,0.1,0.7,0,18.7,8,1,0.0434782608695652,1
2,Patricia Williams,patricia_williams,True,37,True,2,2,92,1373,2396,2090,15,1,2,1,0,1,6,7,3,0,0,0,0,0,3,1,2,2,1,2,True,4,2,2,38,21,3,0.0,0.0,0,21.566666666666663,11,1,0.0434782608695652,2
3,Elizabeth Johnson,elizabeth_johnson,False,33,False,1,3,56,1392,23159,2909,11,1,1,2,0,3,1,8,3,8,7,3,0,0,3,2,2,2,2,2,True,4,2,3,32,17,3,0.375,0.875,0,15.183333333333334,14,1,0.0434782608695652,2
4,Linda Brown,linda_brown,False,27,True,1,2,40,591,16632,3468,12,1,2,1,0,0,9,6,3,2,2,2,2,1,0,2,1,2,3,2,True,2,2,4,39,21,3,1.0,1.0,1,13.2,10,2,0.0869565217391304,1
5,Jennifer Johnson,jennifer_johnson,False,32,True,2,2,79,1005,11864,3068,13,1,2,2,0,1,0,8,2,7,7,3,6,0,3,2,3,2,2,1,True,2,4,4,31,17,3,0.429,1.0,1,16.45,13,1,0.0434782608695652,1
6,Barbara Miller,barbara_miller,False,59,False,1,3,81,1324,9964,2670,20,1,2,1,0,2,4,12,3,1,0,0,0,3,2,3,0,3,0,1,True,3,3,3,31,18,3,0.0,0.0,2,18.516666666666666,11,1,0.0434782608695652,2
7,Linda Martinez,linda_martinez,False,30,True,0,24,67,1358,13335,2693,22,1,2,1,0,0,1,1,2,1,0,0,0,1,3,2,2,3,1,2,True,2,3,3,24,10,4,0.0,0.0,0,18.883333333333333,10,2,0.0869565217391304,2
8,James Rodriguez,james_rodriguez,False,38,True,2,23,44,216,8787,9526,21,3,3,2,0,2,0,10,2,9,7,1,8,0,3,1,2,3,1,2,True,2,2,3,31,15,3,0.111,0.778,0,15.916666666666666,9,2,0.0869565217391304,1
9,Barbara Jones,barbara_jones,False,36,True,1,27,94,1299,16577,5237,13,2,4,1,0,2,6,17,3,7,7,7,7,2,2,2,2,2,1,1,True,3,3,3,28,15,4,1.0,1.0,2,19.9,8,2,0.0869565217391304,1
10,Mary Johnson,mary_johnson,False,35,True,1,16,84,809,16479,2426,13,1,2,1,0,2,0,6,5,5,4,0,3,1,0,3,1,2,2,2,True,2,3,3,69,35,2,0.0,0.8,1,17.8,12,1,0.0434782608695652,1
11,Robert Smith,robert_smith,False,29,False,2,15,49,153,12682,4193,12,2,2,1,0,1,0,10,3,9,5,0,8,0,3,1,2,2,3,2,True,4,3,4,39,23,3,0.0,0.556,1,16.716666666666665,13,1,0.0434782608695652,1
12,William Jones,william_jones,False,31,True,0,26,31,670,15170,2911,17,1,1,1,0,0,1,5,1,5,2,4,3,1,0,2,2,2,3,1,True,3,3,4,13,4,4,0.8,0.4,2,17.383333333333333,9,1,0.0434782608695652,1
13,Elizabeth Williams,elizabeth_williams,False,34,True,0,19,93,1346,8758,2661,11,1,2,1,0,1,0,3,2,2,2,1,2,1,1,2,3,2,2,2,True,3,4,4,22,9,4,0.5,1.0,0,18.53333333333333,9,2,0.0869565217391304,2
14,Jennifer Johnson,jennifer_johnson,True,28,True,2,24,50,103,12947,2028,14,1,2,1,0,2,5,6,4,4,2,0,3,0,2,1,2,2,1,2,True,4,3,3,42,16,3,0.0,0.5,2,18.23333333333333,10,2,0.0869565217391304,2
15,Jennifer Davis,jennifer_davis,False,29,False,0,21,51,1389,10195,9980,11,3,3,1,0,3,1,10,1,10,9,8,8,1,1,3,0,2,2,2,True,3,3,3,13,5,4,0.8,0.9,2,18.25,11,1,0.0434782608695652,2
16,Mary Johnson,mary_johnson,False,32,True,0,5,80,334,15053,3298,12,1,1,1,0,1,0,7,5,6,2,0,5,2,0,3,1,2,3,1,True,5,3,3,49,18,3,0.0,0.333,2,19.7,11,1,0.0434782608695652,1
17,Robert Miller,robert_miller,False,22,True,0,16,96,1123,7324,2935,13,1,2,0,0,1,1,1,2,1,0,0,0,2,3,3,3,2,1,1,True,4,4,3,23,12,4,0.0,0.0,2,23.35,10,1,0.0434782608695652,1
18,Elizabeth Johnson,elizabeth_johnson,False,53,False,1,2,78,1219,22021,15427,16,4,5,1,1,3,2,31,3,25,8,3,7,0,0,1,3,2,2,2,True,2,3,4,29,9,4,0.12,0.32,0,20.85,10,2,0.0869565217391304,2
19,Linda Martinez,linda_martinez,False,38,True,2,2,45,371,4306,3944,11,1,1,1,0,2,5,6,3,3,2,1,2,0,3,2,3,2,2,2,True,4,3,3,24,13,4,0.333,0.667,1,18.78333333333333,9,1,0.0434782608695652,1
20,Robert Johnson,robert_johnson,False,24,False,0,11,96,673,8232,4011,18,2,3,0,0,1,0,5,5,4,2,1,3,1,0,3,2,2,3,1,True,1,3,4,79,40,2,0.25,0.5,2,20.683333333333334,11,1,0.0434782608695652,2
21,Jennifer Miller,jennifer_miller,True,36,True,2,9,82,1218,6986,3407,23,1,6,1,1,3,7,10,4,5,3,0,3,0,2,1,0,3,1,2,True,2,1,3,46,17,3,0.0,0.6,1,13.45,12,1,0.0434782608695652,1
22,Jennifer Jones,jennifer_jones,False,34,False,2,7,53,419,21293,11994,11,3,7,1,0,3,0,13,4,12,6,2,11,0,0,2,1,2,2,2,True,1,3,3,63,24,2,0.167,0.5,1,25.55,8,1,0.0434782608695652,2
23,Elizabeth Miller,elizabeth_miller,False,21,True,2,15,96,391,19281,1232,14,1,1,1,0,1,1,0,6,0,0,0,0,0,2,2,3,2,3,2,True,3,3,4,55,27,3,0.0,0.0,0,16.533333333333335,7,1,0.0434782608695652,1
24,Barbara Rodriguez,barbara_rodriguez,True,34,True,2,6,83,699,17102,2960,11,1,1,1,0,0,2,8,2,4,2,1,3,0,1,2,0,2,2,2,True,2,2,3,25,13,4,0.25,0.5,2,23.28333333333333,13,1,0.0434782608695652,2
25,John Davis,john_davis,False,53,False,0,5,58,1282,10735,19094,11,5,5,1,0,2,4,26,3,14,13,4,8,1,2,2,2,2,3,1,True,4,3,4,29,16,4,0.286,0.929,1,20.58333333333333,11,1,0.0434782608695652,1
26,Linda Rodriguez,linda_rodriguez,True,32,False,2,16,72,1125,4681,3919,22,1,1,2,0,0,1,10,5,10,2,6,7,0,1,0,0,3,1,2,True,3,1,3,72,40,2,0.6,0.2,2,22.1,6,1,0.0434782608695652,1
27,Patricia Smith,patricia_smith,False,42,True,1,8,48,691,21173,6825,11,2,0,1,1,3,0,10,2,9,7,4,2,1,2,2,1,2,3,2,True,2,2,3,29,17,4,0.444,0.778,1,18.46666666666667,10,2,0.0869565217391304,1
28,Barbara Smith,barbara_smith,False,44,False,1,7,42,477,2094,10248,14,3,4,1,0,3,3,24,4,22,6,5,17,1,0,1,3,2,3,2,True,1,3,4,36,17,3,0.227,0.273,0,22.03333333333333,13,2,0.0869565217391304,1
29,Mary Davis,mary_davis,False,46,False,2,2,83,705,22822,18947,12,5,5,1,1,3,3,22,2,2,2,2,1,0,1,2,0,2,3,1,True,4,2,4,31,18,3,1.0,1.0,2,20.58333333333333,11,1,0.0434782608695652,2
30,Linda Rodriguez,linda_rodriguez,False,33,True,2,2,78,924,6670,2496,11,1,2,1,0,2,4,7,3,1,1,0,0,0,2,2,3,2,3,2,True,3,4,3,29,16,4,0.0,1.0,0,15.833333333333334,6,1,0.0434782608695652,2
31,William Jones,william_jones,False,44,True,1,10,41,1459,19121,6465,13,2,4,1,0,3,2,9,5,4,2,1,3,0,3,2,3,2,3,3,True,3,4,3,65,37,2,0.25,0.5,0,15.833333333333334,9,1,0.0434782608695652,2
32,Linda Brown,linda_brown,False,30,True,2,9,83,125,16117,2206,13,1,2,1,0,1,1,10,5,10,0,1,8,0,3,1,2,2,0,2,True,2,2,1,79,24,2,0.1,0.0,0,18.9,8,2,0.0869565217391304,1
33,David Smith,david_smith,True,39,True,1,5,56,895,3335,2086,14,2,6,1,1,2,3,19,6,1,0,0,0,1,3,2,3,2,2,3,True,3,3,3,90,53,2,0.0,0.0,0,20.133333333333333,10,2,0.0869565217391304,2
34,Elizabeth Martinez,elizabeth_martinez,True,24,True,1,1,61,813,3020,2293,16,1,1,1,0,2,2,6,2,2,0,2,0,1,1,2,3,2,0,1,True,4,4,3,31,14,3,1.0,0.0,2,17.866666666666667,13,1,0.0434782608695652,1
35,Michael Rodriguez,michael_rodriguez,False,43,False,0,2,72,1273,21923,2645,12,1,1,1,0,1,1,6,3,5,3,1,4,2,3,3,2,2,3,1,True,2,3,3,32,17,3,0.2,0.6,1,17.2,11,1,0.0434782608695652,2
36,John Martinez,john_martinez,True,50,True,1,3,86,869,3810,2683,14,1,6,1,1,1,1,3,2,3,2,0,2,0,0,1,2,2,2,2,True,4,3,3,18,6,4,0.0,0.667,1,16.983333333333334,10,3,0.1304347826086956,1
37,Barbara Martinez,barbara_martinez,False,35,False,1,2,97,890,9687,2014,13,1,6,1,1,2,1,2,3,2,2,2,2,0,3,2,3,2,0,2,True,2,4,2,29,12,4,1.0,1.0,0,19.1,15,1,0.0434782608695652,1
38,James Martinez,james_martinez,False,36,False,1,5,82,852,13072,3419,14,1,1,1,0,3,9,6,3,1,1,0,0,1,1,1,0,2,3,3,True,3,2,3,36,14,3,0.0,1.0,2,16.916666666666668,10,1,0.0434782608695652,2
39,Michael Johnson,michael_johnson,False,33,False,1,1,42,1141,3193,5376,19,2,0,2,1,2,2,10,3,5,3,1,3,2,2,3,0,2,0,2,True,3,3,3,43,17,3,0.2,0.6,1,21.566666666666663,11,1,0.0434782608695652,1
40,Jennifer Smith,jennifer_smith,False,35,True,0,4,75,464,10910,1951,12,1,2,1,0,1,1,1,3,1,0,0,0,1,2,2,3,2,2,2,True,2,3,3,28,9,4,0.0,0.0,0,19.183333333333334,11,1,0.0434782608695652,2
41,Barbara Williams,barbara_williams,False,27,False,0,2,33,1240,19715,2341,13,1,2,1,0,3,1,1,6,1,0,0,0,1,3,2,0,2,3,2,True,2,2,5,80,43,2,0.0,0.0,1,17.783333333333335,12,2,0.0869565217391304,2
42,Linda Brown,linda_brown,True,26,True,2,25,48,1357,10558,2293,12,1,2,1,0,2,1,1,2,1,0,0,1,0,0,0,2,2,2,1,True,2,2,2,21,6,4,0.0,0.0,2,15.016666666666666,12,3,0.1304347826086956,1
43,Patricia Martinez,patricia_martinez,False,27,True,2,8,37,994,2975,8726,15,3,0,2,1,2,1,9,0,9,8,1,7,0,3,2,2,2,3,2,True,1,3,3,0,0,5,0.111,0.889,0,24.016666666666666,12,1,0.0434782608695652,2
44,Linda Miller,linda_miller,False,30,False,2,1,58,721,10781,4011,23,2,2,2,0,1,1,12,2,12,8,3,7,0,2,2,3,3,3,2,True,1,4,4,27,10,4,0.25,0.667,0,18.46666666666667,6,1,0.0434782608695652,2
45,Robert Garcia,robert_garcia,True,41,False,1,12,49,1360,16280,19545,12,5,7,1,0,2,1,23,0,22,15,15,8,0,1,2,2,2,3,2,True,3,4,4,0,0,5,0.682,0.682,1,16.166666666666668,14,1,0.0434782608695652,1
46,Linda Johnson,linda_johnson,False,34,True,2,23,72,1065,10034,4568,20,2,0,0,1,3,0,10,2,9,5,8,7,0,1,2,2,3,2,2,True,3,3,4,29,11,4,0.889,0.556,1,16.85,15,1,0.0434782608695652,2
47,Elizabeth Davis,elizabeth_davis,False,37,True,1,19,73,408,10227,3022,21,1,1,1,0,1,4,8,1,1,0,0,0,0,1,2,1,3,0,2,True,1,1,4,9,3,5,0.0,0.0,1,17.8,9,1,0.0434782608695652,1
48,Mary Davis,mary_davis,False,46,True,2,5,98,1211,20445,5772,21,2,0,2,1,3,4,14,4,9,6,0,8,0,0,2,3,3,2,2,True,4,3,4,57,25,3,0.0,0.667,1,11.716666666666669,11,2,0.0869565217391304,2
49,John Johnson,john_johnson,False,35,True,1,8,36,1229,4892,2269,19,1,2,1,0,0,1,1,2,1,0,0,1,0,3,3,3,2,3,2,True,2,5,4,17,8,4,0.0,0.0,0,20.55,9,1,0.0434782608695652,2
50,Patricia Williams,patricia_williams,True,48,True,2,1,98,626,19294,5381,13,3,2,1,0,1,9,23,2,1,0,0,0,0,0,1,2,2,3,2,True,4,3,3,19,6,4,0.0,0.0,2,17.916666666666668,9,2,0.0869565217391304,2
51,Patricia Garcia,patricia_garcia,True,28,True,2,5,50,1434,11179,3441,13,1,2,1,0,3,1,2,3,2,2,2,2,0,2,2,2,2,2,1,True,4,3,2,40,14,3,1.0,1.0,2,14.35,12,1,0.0434782608695652,1
52,Linda Smith,linda_smith,False,44,False,0,1,75,1488,4009,5454,21,2,0,1,1,4,5,9,2,4,3,1,3,1,1,2,0,3,2,1,True,4,2,4,30,11,4,0.25,0.75,2,20.116666666666667,9,1,0.0434782608695652,1
53,Robert Johnson,robert_johnson,False,35,True,1,11,79,1097,8302,9884,13,3,4,0,0,1,2,10,3,4,0,2,3,1,2,1,0,2,2,2,True,4,1,3,30,18,4,0.5,0.0,2,18.15,7,2,0.0869565217391304,1
54,Jennifer Miller,jennifer_miller,False,26,False,1,23,47,1443,21436,4157,19,2,0,1,1,2,7,5,2,2,2,0,0,1,2,1,3,2,2,1,True,5,4,4,21,9,4,0.0,1.0,2,21.066666666666663,9,1,0.0434782608695652,1
55,James Johnson,james_johnson,False,33,False,2,1,98,515,15146,13458,12,3,7,2,0,1,1,15,1,15,14,8,12,0,0,2,3,2,2,2,True,4,3,4,12,6,4,0.533,0.933,2,15.566666666666666,11,1,0.0434782608695652,2
56,Michael Johnson,michael_johnson,False,35,True,1,18,71,853,11031,9069,22,3,0,2,1,4,1,9,3,9,8,1,8,1,1,2,0,3,3,1,True,2,2,4,29,11,4,0.111,0.889,2,17.116666666666667,11,1,0.0434782608695652,1
57,Mary Rodriguez,mary_rodriguez,False,35,False,1,23,30,1142,16002,4014,15,1,2,1,0,3,3,4,3,2,2,2,2,1,2,2,0,2,2,2,True,4,1,3,43,19,3,1.0,1.0,2,20.916666666666668,9,1,0.0434782608695652,1
58,Michael Williams,michael_williams,False,31,True,0,7,48,655,9528,5915,22,2,2,1,0,3,3,10,3,7,7,1,7,1,3,2,3,3,3,1,True,3,3,4,43,14,3,0.143,1.0,0,20.216666666666665,11,1,0.0434782608695652,1
59,Mary Miller,mary_miller,False,37,True,0,1,51,1115,2689,5993,18,2,3,1,0,3,1,7,2,7,5,0,7,1,0,1,2,2,2,3,True,2,3,3,18,6,4,0.0,0.714,0,22.95,8,1,0.0434782608695652,2
60,David Johnson,david_johnson,False,32,True,1,1,33,427,10877,6162,22,2,3,1,0,2,1,9,3,9,8,7,8,1,0,2,3,3,1,2,True,4,3,2,35,15,3,0.778,0.889,2,17.75,11,2,0.0869565217391304,2
61,David Johnson,david_johnson,False,38,False,2,29,50,653,5456,2406,11,2,2,2,0,4,1,10,2,10,3,9,9,0,3,2,3,2,3,2,True,2,3,3,28,12,4,0.9,0.3,1,14.9,11,3,0.1304347826086956,1
62,John Martinez,john_martinez,False,50,False,0,7,43,989,16701,18740,12,5,7,1,0,1,5,29,2,27,3,13,8,1,1,1,2,2,3,1,True,5,3,4,21,7,4,0.481,0.111,2,16.95,7,3,0.1304347826086956,1
63,Robert Garcia,robert_garcia,False,59,False,2,25,99,1435,2354,7637,11,3,0,1,1,2,7,28,3,21,16,7,9,0,0,2,0,2,3,1,True,2,1,3,39,20,3,0.333,0.762,2,20.53333333333333,13,2,0.0869565217391304,1
64,Linda Rodriguez,linda_rodriguez,False,36,False,0,8,59,1223,8202,10096,13,3,4,1,0,2,1,17,2,17,14,12,8,3,2,2,2,2,1,2,True,2,2,2,17,10,4,0.706,0.824,0,16.116666666666667,11,2,0.0869565217391304,2
65,James Miller,james_miller,False,55,False,0,8,33,836,19730,14756,14,4,5,1,0,2,2,21,2,5,0,0,2,3,3,2,2,2,2,2,True,5,3,3,26,11,4,0.0,0.0,0,18.183333333333334,12,2,0.0869565217391304,2
66,Michael Rodriguez,michael_rodriguez,False,36,True,2,11,95,1195,22656,6499,13,2,3,2,0,2,1,6,3,6,5,0,3,0,1,1,1,2,2,2,True,2,2,4,28,14,4,0.0,0.833,1,22.55,9,2,0.0869565217391304,2
67,Michael Williams,michael_williams,False,45,True,0,7,59,1339,18787,9724,17,3,1,1,0,2,2,25,2,1,0,0,0,1,1,2,0,2,2,2,True,1,2,3,29,17,4,0.0,0.0,1,14.6,9,1,0.0434782608695652,1
68,Jennifer Jones,jennifer_jones,False,35,True,1,1,79,664,5868,2194,13,1,1,2,0,2,4,5,2,3,2,1,2,1,1,2,0,2,3,1,True,2,3,4,22,12,4,0.333,0.667,2,17.9,11,1,0.0434782608695652,2
69,William Davis,william_davis,True,36,True,1,9,79,318,21777,3388,17,1,1,1,0,2,0,2,0,1,0,0,0,1,3,1,2,2,0,1,True,4,3,2,0,0,5,0.0,0.0,2,20.883333333333333,11,1,0.0434782608695652,2
70,James Johnson,james_johnson,False,59,False,2,1,57,1225,24668,5473,11,2,0,2,1,0,7,20,2,4,3,1,3,0,0,1,2,2,3,1,True,1,2,3,29,15,4,0.25,0.75,1,17.066666666666666,12,1,0.0434782608695652,1
71,Barbara Smith,barbara_smith,False,29,True,1,2,76,1328,4956,2703,23,1,1,1,0,2,0,6,3,5,4,0,4,1,2,2,1,3,3,2,True,2,2,4,25,8,4,0.0,0.8,2,22.133333333333333,14,1,0.0434782608695652,2
72,Linda Brown,linda_brown,False,31,True,2,1,87,1082,18775,2501,17,1,1,1,0,3,1,1,4,1,1,1,0,0,2,2,1,2,1,2,True,2,3,3,45,20,3,1.0,1.0,0,20.28333333333333,8,2,0.0869565217391304,2
73,Elizabeth Davis,elizabeth_davis,False,32,True,1,1,66,548,7346,6220,17,2,1,1,0,2,1,10,3,10,4,0,9,2,1,2,1,2,1,2,True,3,3,2,33,13,3,0.0,0.4,1,13.2,12,1,0.0434782608695652,2
74,Patricia Brown,patricia_brown,False,36,False,1,6,55,132,22002,3038,12,1,2,1,0,2,3,5,3,1,0,0,0,0,1,3,3,2,1,2,True,1,5,3,31,11,3,0.0,0.0,0,23.883333333333333,13,1,0.0434782608695652,2
75,Robert Garcia,robert_garcia,False,31,False,2,8,61,746,20682,4424,23,2,3,1,0,3,1,11,2,11,7,1,8,0,2,2,3,3,3,2,True,2,3,4,31,13,3,0.091,0.636,0,16.75,9,1,0.0434782608695652,1
76,Patricia Smith,patricia_smith,False,35,True,2,1,32,776,23016,4312,14,2,0,1,1,3,0,16,2,15,13,2,8,0,2,1,0,2,1,2,True,3,2,2,28,10,4,0.133,0.867,1,14.066666666666666,8,2,0.0869565217391304,2
77,Jennifer Garcia,jennifer_garcia,False,45,True,1,6,52,193,15067,13245,14,3,7,1,0,3,4,17,3,0,0,0,0,0,3,2,0,2,1,3,True,4,2,3,26,13,4,0.0,0.0,2,14.883333333333333,12,1,0.0434782608695652,2
78,Jennifer Rodriguez,jennifer_rodriguez,False,37,True,2,7,30,397,25258,13664,13,3,7,1,0,3,4,16,3,5,2,0,2,0,0,2,2,2,0,3,True,2,2,3,41,18,3,0.0,0.4,0,22.316666666666663,8,2,0.0869565217391304,1
79,Michael Jones,michael_jones,False,46,True,0,5,80,945,10425,5021,22,2,8,1,2,1,8,16,2,4,2,0,2,1,1,2,1,3,3,2,True,4,2,4,24,11,4,0.0,0.5,2,20.366666666666667,12,1,0.0434782608695652,2
80,Robert Garcia,robert_garcia,False,30,True,1,1,55,852,15998,5126,12,2,2,1,0,0,1,10,1,10,8,3,0,2,3,1,3,2,2,1,True,4,3,2,15,5,4,0.3,0.8,2,18.46666666666667,11,1,0.0434782608695652,1
81,David Smith,david_smith,False,35,True,2,1,30,1214,26278,2859,18,1,1,1,0,2,1,6,3,6,4,0,4,0,1,1,2,2,0,2,True,3,2,1,32,11,3,0.0,0.667,0,19.7,9,2,0.0869565217391304,2
82,Patricia Miller,patricia_miller,False,55,True,1,1,70,111,18092,10239,14,3,0,1,1,1,3,24,4,1,0,1,0,1,0,2,3,2,3,2,True,2,2,5,50,24,3,1.0,0.0,0,24.35,10,3,0.1304347826086956,2
83,Barbara Rodriguez,barbara_rodriguez,False,38,False,0,6,79,573,15717,5329,12,2,1,0,0,2,7,17,3,13,11,1,9,3,1,0,3,2,3,2,True,4,2,4,36,21,3,0.077,0.846,1,20.8,10,1,0.0434782608695652,1
84,Robert Brown,robert_brown,False,34,True,1,1,94,1153,17736,4325,15,2,3,1,0,1,1,5,2,5,2,1,3,0,0,2,1,2,2,2,True,2,3,3,24,8,4,0.2,0.4,1,16.95,11,2,0.0869565217391304,1
85,Jennifer Jones,jennifer_jones,False,56,True,2,7,49,1400,21698,7260,11,3,3,1,0,2,4,37,3,6,4,0,2,0,3,0,3,2,0,1,True,2,2,2,35,14,3,0.0,0.667,0,15.633333333333333,14,1,0.0434782608695652,2
86,Patricia Johnson,patricia_johnson,False,23,True,0,2,62,541,9518,2322,13,1,6,1,1,0,3,3,3,0,0,0,0,1,2,2,0,2,2,2,True,2,2,2,29,16,4,0.0,0.0,1,16.316666666666666,13,1,0.0434782608695652,1
87,Patricia Miller,patricia_miller,False,51,True,1,9,96,432,18725,2075,23,1,2,1,0,3,3,10,4,4,2,0,3,2,3,2,3,3,1,2,True,2,3,4,56,18,3,0.0,0.5,0,21.016666666666666,13,1,0.0434782608695652,2
88,Patricia Garcia,patricia_garcia,False,30,True,1,2,99,288,15830,4152,19,2,4,1,0,2,1,11,3,11,10,10,8,3,2,1,3,2,0,2,True,1,2,3,35,20,3,0.909,0.909,0,22.316666666666663,9,1,0.0434782608695652,2
89,Patricia Garcia,patricia_garcia,True,46,True,2,9,64,669,13596,9619,16,3,0,1,1,1,1,9,3,9,8,4,7,0,2,1,3,2,3,2,True,2,3,3,47,21,3,0.444,0.889,0,20.666666666666668,11,1,0.0434782608695652,2
90,Jennifer Garcia,jennifer_garcia,False,40,True,1,1,78,530,14115,13503,22,4,4,2,0,3,1,22,3,22,3,11,11,1,2,1,1,3,3,1,True,3,1,5,30,13,4,0.5,0.136,2,22.58333333333333,16,1,0.0434782608695652,1
91,David Williams,david_williams,False,51,True,2,21,71,632,8423,5441,22,2,0,1,1,3,0,11,2,10,7,1,0,0,2,2,3,3,3,0,True,5,4,4,27,11,4,0.1,0.7,2,17.433333333333334,10,2,0.0869565217391304,2
92,Elizabeth Martinez,elizabeth_martinez,False,30,False,0,4,63,1334,19760,5209,12,2,0,1,1,1,1,11,4,11,8,2,7,3,2,1,1,2,1,1,True,4,3,3,62,24,2,0.182,0.727,2,23.216666666666665,17,1,0.0434782608695652,1
93,Mary Miller,mary_miller,False,46,True,1,1,40,638,3142,10673,13,3,4,2,0,2,2,21,5,10,9,9,5,1,2,1,0,2,2,1,True,4,1,3,67,26,2,0.9,0.9,2,17.416666666666668,10,1,0.0434782608695652,1
94,Mary Garcia,mary_garcia,False,32,True,2,6,87,1093,24301,5010,16,2,0,1,1,3,1,12,0,11,8,5,7,0,1,2,2,2,0,2,True,2,3,2,0,0,5,0.455,0.727,0,17.333333333333332,14,1,0.0434782608695652,2
95,Robert Davis,robert_davis,False,54,False,1,2,60,1217,24001,13549,12,3,7,1,0,3,9,16,5,4,3,0,3,1,0,2,2,2,0,0,True,2,3,3,73,38,2,0.0,0.75,1,19.83333333333333,14,2,0.0869565217391304,1
96,John Rodriguez,john_rodriguez,False,24,False,1,3,33,1353,17519,4999,21,2,0,1,1,1,0,4,2,3,2,0,2,1,0,2,2,3,0,1,True,2,3,3,22,11,4,0.0,0.667,2,20.33333333333333,15,1,0.0434782608695652,2
97,Jennifer Brown,jennifer_brown,False,28,True,1,4,43,120,8863,4221,15,2,0,0,1,2,1,5,3,5,4,0,4,0,1,2,2,2,1,3,True,2,4,3,38,21,3,0.0,0.8,1,19.96666666666667,12,2,0.0869565217391304,1
98,Jennifer Jones,jennifer_jones,False,58,True,2,10,37,682,24409,13872,13,4,0,1,1,3,0,38,1,37,10,1,8,0,3,2,2,2,2,1,True,2,3,2,9,3,5,0.027,0.27,1,13.883333333333333,10,1,0.0434782608695652,1
99,Linda Rodriguez,linda_rodriguez,False,44,True,1,23,67,489,25043,2042,12,2,2,0,0,2,4,17,3,3,2,1,2,1,1,2,1,2,2,3,True,2,2,2,37,18,3,0.333,0.667,2,22.916666666666668,10,1,0.0434782608695652,1
100,Barbara Miller,barbara_miller,True,37,True,0,6,63,807,23648,2073,22,1,8,1,2,3,4,7,3,3,2,0,2,0,2,2,0,3,3,2,True,3,3,4,30,13,4,0.0,0.667,2,18.8,10,1,0.0434782608695652,1
101,Elizabeth Brown,elizabeth_brown,False,32,True,2,1,71,827,15178,2956,13,1,1,1,0,0,1,1,2,1,0,0,0,0,3,2,0,2,3,2,True,2,2,4,28,15,4,0.0,0.0,1,20.28333333333333,11,1,0.0434782608695652,1
102,John Smith,john_smith,True,20,False,2,6,66,871,19783,2926,18,1,2,2,0,2,1,1,5,1,0,1,0,0,3,1,3,2,1,2,True,4,4,3,61,24,2,1.0,0.0,1,18.816666666666663,12,1,0.0434782608695652,2
103,Patricia Smith,patricia_smith,False,34,False,2,6,41,665,12482,4809,14,2,1,1,0,3,1,16,3,16,13,2,10,0,0,2,2,2,2,2,True,1,3,3,34,17,3,0.125,0.812,0,13.55,10,1,0.0434782608695652,2
104,Jennifer Garcia,jennifer_garcia,False,37,True,0,2,100,1040,15850,5163,14,2,4,0,0,1,5,17,2,1,0,0,0,1,2,1,3,2,3,3,True,2,3,3,20,11,4,0.0,0.0,0,21.566666666666663,8,2,0.0869565217391304,2
105,Patricia Smith,patricia_smith,False,59,False,1,2,32,1420,21922,18844,21,5,5,0,2,3,9,30,3,3,2,2,2,1,2,1,3,3,3,2,True,3,3,4,48,20,3,0.667,0.667,0,12.4,8,1,0.0434782608695652,2
106,John Miller,john_miller,False,50,False,1,1,73,1115,9755,18172,19,5,7,2,0,2,3,28,1,8,3,0,7,0,0,2,1,2,0,1,True,4,2,2,9,3,5,0.0,0.375,2,18.433333333333334,11,2,0.0869565217391304,2
107,David Miller,david_miller,True,25,True,2,5,46,240,26959,5744,11,2,0,1,1,2,1,6,1,6,4,0,3,0,2,1,2,2,3,2,True,3,2,3,8,4,5,0.0,0.667,1,21.15,11,1,0.0434782608695652,2
108,Mary Smith,mary_smith,False,25,True,1,7,64,1280,26897,2889,11,1,1,1,0,0,1,2,2,2,2,2,1,2,3,1,3,2,2,2,True,2,3,3,19,8,4,1.0,1.0,0,15.016666666666666,7,2,0.0869565217391304,2
109,Michael Martinez,michael_martinez,False,22,False,2,15,59,534,23785,2871,15,1,2,1,0,2,1,1,5,0,0,0,0,0,1,2,3,2,2,2,True,3,3,3,79,40,2,0.0,0.0,1,20.316666666666663,13,2,0.0869565217391304,1
110,Michael Smith,michael_smith,False,51,False,2,1,30,1456,25796,7484,20,3,4,2,0,3,3,23,1,13,12,12,8,0,0,1,0,3,2,1,True,2,2,4,16,9,4,0.923,0.923,2,20.366666666666667,9,1,0.0434782608695652,1
111,Mary Garcia,mary_garcia,True,34,True,2,7,66,658,22887,6074,24,2,2,2,0,2,1,9,3,9,7,0,6,0,0,0,2,3,3,2,True,5,3,5,40,18,3,0.0,0.778,1,17.45,13,1,0.0434782608695652,2
112,Mary Jones,mary_jones,False,54,False,2,26,30,142,13871,17328,12,4,5,0,2,2,2,23,3,5,3,4,4,0,3,3,3,2,2,2,True,4,4,3,45,20,3,0.8,0.6,1,19.816666666666663,5,1,0.0434782608695652,2
113,James Martinez,james_martinez,False,24,True,1,18,52,1127,13257,2774,12,1,2,1,0,0,0,6,2,5,3,1,2,1,1,2,2,2,2,2,True,2,3,3,19,9,4,0.2,0.6,1,16.7,8,1,0.0434782608695652,2
114,Linda Davis,linda_davis,False,34,False,0,6,45,1031,15000,4505,15,2,1,1,0,3,6,12,3,1,0,0,0,1,2,1,1,2,2,2,True,2,1,3,47,16,3,0.0,0.0,0,14.05,8,1,0.0434782608695652,2
115,Michael Johnson,michael_johnson,False,37,True,2,3,87,1189,14506,7428,12,3,0,1,1,2,2,12,3,5,3,1,3,0,2,2,3,2,0,2,True,2,4,2,27,10,4,0.2,0.6,0,20.03333333333333,16,1,0.0434782608695652,2
116,Elizabeth Johnson,elizabeth_johnson,False,34,False,2,5,45,1354,5615,11631,12,3,5,1,0,2,2,14,6,11,10,5,8,0,2,1,0,2,3,2,True,2,1,3,53,31,3,0.455,0.909,1,16.483333333333334,10,3,0.1304347826086956,2
117,Jennifer Rodriguez,jennifer_rodriguez,False,36,False,1,11,92,1467,22952,9738,14,3,0,2,1,1,0,10,6,9,7,2,8,1,1,2,3,2,2,2,True,1,4,3,53,27,3,0.222,0.778,0,17.983333333333334,13,1,0.0434782608695652,1
118,Elizabeth Miller,elizabeth_miller,False,36,False,0,3,39,922,2561,2835,22,1,2,1,0,1,5,7,2,1,0,0,0,1,0,2,3,3,0,2,True,3,3,3,25,8,4,0.0,0.0,0,22.45,13,1,0.0434782608695652,1
119,Mary Williams,mary_williams,False,43,True,1,26,92,394,19494,16959,12,4,5,2,1,1,1,25,3,25,12,4,12,2,2,2,3,2,3,3,True,4,3,3,43,16,3,0.16,0.48,1,20.85,14,2,0.0869565217391304,1
120,Michael Smith,michael_smith,False,30,True,0,23,96,1312,22310,2613,25,1,1,2,0,2,1,10,2,10,7,0,9,3,0,0,2,3,2,1,True,3,2,4,22,11,4,0.0,0.7,2,20.08333333333333,8,1,0.0434782608695652,2
121,William Martinez,william_martinez,False,33,True,1,22,95,750,15480,6146,13,2,0,0,1,1,0,8,2,7,7,0,7,1,2,2,1,2,0,3,True,2,2,1,32,17,3,0.0,1.0,1,21.83333333333333,9,1,0.0434782608695652,1
122,Linda Williams,linda_williams,True,56,False,1,14,72,441,4510,4963,18,1,1,1,0,3,9,7,2,5,4,4,3,3,1,2,1,2,0,2,True,5,2,3,23,13,4,0.8,0.8,2,23.5,14,1,0.0434782608695652,2
123,Robert Miller,robert_miller,False,51,True,2,6,51,684,6462,19537,13,5,7,1,0,2,7,23,5,20,18,15,15,0,0,2,2,2,2,2,True,2,3,3,46,18,3,0.75,0.9,0,17.683333333333334,8,3,0.1304347826086956,2
124,William Brown,william_brown,True,31,True,1,6,76,249,20739,6172,18,2,0,1,1,3,4,12,3,7,7,7,7,0,1,0,2,2,1,1,True,4,2,2,35,20,3,1.0,1.0,2,16.28333333333333,13,2,0.0869565217391304,2
125,Mary Rodriguez,mary_rodriguez,False,26,False,1,6,46,841,23300,2368,19,1,1,1,0,2,1,5,3,5,4,4,3,0,2,1,1,2,2,1,True,2,2,3,40,19,3,0.8,0.8,2,18.25,10,2,0.0869565217391304,2
126,John Garcia,john_garcia,True,58,False,1,23,94,147,3465,10312,12,3,4,1,0,3,1,40,3,40,10,15,6,1,3,2,3,2,3,1,True,2,4,3,44,22,3,0.375,0.25,1,13.366666666666667,13,2,0.0869565217391304,2
127,Michael Davis,michael_davis,True,19,True,2,22,50,528,26820,1675,19,1,6,1,1,0,1,0,2,0,0,0,0,0,3,2,2,2,3,1,True,3,3,4,23,11,4,0.0,0.0,2,20.15,11,2,0.0869565217391304,1
128,David Johnson,david_johnson,False,22,True,1,2,100,594,19299,2523,14,1,2,1,0,0,0,3,2,2,1,2,1,1,2,2,3,2,2,2,True,1,3,3,25,8,4,1.0,0.5,0,20.566666666666663,9,2,0.0869565217391304,1
129,Jennifer Johnson,jennifer_johnson,False,49,False,1,20,96,470,5549,6567,14,2,3,1,0,3,1,16,2,15,11,5,11,0,2,2,0,2,2,1,True,1,3,3,20,12,4,0.333,0.733,1,15.533333333333331,11,1,0.0434782608695652,1
130,Jennifer Jones,jennifer_jones,False,43,False,2,28,72,957,16090,4739,12,1,1,2,0,2,4,18,2,3,2,1,2,0,1,3,2,2,3,2,True,1,4,4,26,9,4,0.333,0.667,1,14.733333333333334,10,2,0.0869565217391304,2
131,Elizabeth Rodriguez,elizabeth_rodriguez,False,50,False,2,12,77,809,6645,9208,11,3,0,2,1,2,4,16,3,2,2,2,1,0,2,2,3,2,3,2,True,2,4,4,48,18,3,1.0,1.0,0,15.65,13,1,0.0434782608695652,1
132,Michael Williams,michael_williams,True,31,False,1,20,71,542,24788,4559,11,2,0,1,1,2,3,4,2,2,2,2,2,1,1,0,2,2,2,2,True,4,2,4,17,9,4,1.0,1.0,1,18.73333333333333,9,3,0.1304347826086956,2
133,Barbara Garcia,barbara_garcia,False,41,True,0,9,96,802,21196,8189,13,3,0,1,1,0,3,12,2,9,7,0,7,1,2,2,2,2,2,2,True,4,3,4,30,15,4,0.0,0.778,0,20.633333333333333,13,1,0.0434782608695652,2
134,Mary Smith,mary_smith,False,26,False,1,25,61,1355,8916,2942,23,1,8,1,2,0,1,8,3,8,7,5,7,1,2,2,2,3,3,2,True,3,3,4,37,20,3,0.625,0.875,1,17.733333333333334,12,1,0.0434782608695652,1
135,Elizabeth Johnson,elizabeth_johnson,False,36,True,0,6,84,216,2819,4941,20,2,3,1,0,1,6,7,0,3,2,0,1,2,1,2,1,3,3,2,True,3,2,5,0,0,5,0.0,0.667,0,13.666666666666666,10,1,0.0434782608695652,1
136,William Brown,william_brown,True,51,True,2,8,53,1150,25150,10650,15,3,3,2,0,3,2,18,2,4,2,0,3,0,0,0,3,2,3,2,True,2,3,4,31,13,3,0.0,0.5,0,18.566666666666663,8,2,0.0869565217391304,1
137,Patricia Martinez,patricia_martinez,False,39,False,1,4,47,1329,14590,5902,14,2,0,1,1,3,4,17,1,15,11,5,9,1,3,1,2,2,2,3,True,1,3,3,12,7,4,0.333,0.733,0,17.766666666666666,11,2,0.0869565217391304,2
138,Patricia Martinez,patricia_martinez,False,25,True,1,28,41,959,24835,8639,18,2,0,1,1,2,2,6,3,2,2,2,2,0,0,1,2,2,3,2,True,2,2,3,32,10,3,1.0,1.0,1,16.633333333333333,14,1,0.0434782608695652,2
139,Elizabeth Martinez,elizabeth_martinez,False,30,True,1,9,48,1240,13982,6347,19,2,8,1,2,2,0,12,2,11,9,4,7,0,2,2,3,2,3,0,True,4,4,4,19,11,4,0.364,0.818,1,18.4,13,2,0.0869565217391304,2
140,Linda Smith,linda_smith,True,32,False,2,9,41,1033,10224,4200,22,1,2,1,0,2,7,10,2,5,4,0,4,0,0,2,0,3,0,3,True,2,2,3,20,7,4,0.0,0.8,1,15.066666666666666,10,1,0.0434782608695652,1
141,Robert Davis,robert_davis,False,45,True,2,29,83,1316,9752,3452,13,1,1,1,0,2,5,9,2,6,5,0,3,0,2,2,3,2,1,1,True,3,4,3,29,16,4,0.0,0.833,1,19.6,10,1,0.0434782608695652,1
142,Linda Williams,linda_williams,False,38,False,2,3,32,364,2302,4317,20,2,1,1,0,4,3,19,2,3,2,2,2,0,3,2,2,3,1,2,True,4,3,4,26,9,4,0.667,0.667,0,17.5,11,1,0.0434782608695652,1
143,William Davis,william_davis,False,30,False,2,18,75,438,23910,2632,14,1,1,1,0,2,1,5,4,5,4,0,4,0,0,2,2,2,2,1,True,1,2,4,61,29,2,0.0,0.8,2,13.883333333333333,10,1,0.0434782608695652,2
144,Linda Brown,linda_brown,False,32,True,0,9,35,689,22812,4668,17,2,0,2,1,1,0,9,2,8,7,0,7,3,3,0,3,2,3,3,True,2,3,3,20,11,4,0.0,0.875,0,17.133333333333333,7,3,0.1304347826086956,1
145,Jennifer Williams,jennifer_williams,False,30,False,0,5,84,201,10415,3204,14,1,1,1,0,2,5,8,3,3,2,2,2,1,3,2,0,2,3,2,True,3,2,3,27,12,4,0.667,0.667,1,18.466666666666665,9,2,0.0869565217391304,2
146,Michael Rodriguez,michael_rodriguez,False,30,True,2,2,35,1427,11162,2720,13,1,2,1,0,0,0,6,3,5,3,1,2,0,1,1,3,2,3,2,True,2,3,4,24,13,4,0.2,0.6,0,25.116666666666667,9,1,0.0434782608695652,1
147,Jennifer Rodriguez,jennifer_rodriguez,False,41,True,0,10,91,857,12888,17181,13,4,5,2,0,2,4,21,2,7,6,7,7,1,3,1,0,2,1,1,True,1,2,3,24,13,4,1.0,0.857,2,21.25,13,1,0.0434782608695652,1
148,Robert Smith,robert_smith,False,41,True,1,9,94,933,6961,2238,21,1,2,1,0,3,2,7,2,5,0,1,4,1,2,2,0,3,3,2,True,2,2,4,32,17,3,0.2,0.0,0,19.45,13,1,0.0434782608695652,2
149,Elizabeth Martinez,elizabeth_martinez,False,19,False,2,3,79,1181,16102,1483,14,1,2,1,0,0,1,1,3,1,0,0,0,0,1,2,1,2,3,2,True,1,3,3,41,24,3,0.0,0.0,2,19.83333333333333,18,1,0.0434782608695652,2
150,Robert Martinez,robert_martinez,False,40,False,0,26,54,1395,8504,5605,11,2,1,2,0,2,1,20,2,20,7,2,13,1,1,2,1,2,0,2,True,2,2,1,21,9,4,0.1,0.35,2,10.483333333333333,12,2,0.0869565217391304,2
151,Elizabeth Davis,elizabeth_davis,False,35,True,1,1,94,662,11439,7295,13,3,0,1,1,4,1,10,3,10,8,0,6,2,2,2,1,2,0,2,True,1,2,3,45,16,3,0.0,0.8,1,21.73333333333333,13,1,0.0434782608695652,2
152,Barbara Garcia,barbara_garcia,False,53,True,1,6,34,1436,16047,2306,20,2,6,1,1,1,2,13,3,7,7,4,5,1,1,2,2,3,3,0,True,3,3,5,43,14,3,0.571,1.0,2,20.8,12,2,0.0869565217391304,1
153,Jennifer Garcia,jennifer_garcia,False,45,True,0,9,60,194,10901,2348,18,2,2,1,0,2,8,20,2,17,9,0,15,1,1,2,1,2,2,0,True,2,3,3,16,6,4,0.0,0.529,2,18.433333333333334,11,1,0.0434782608695652,1
154,Linda Garcia,linda_garcia,False,32,False,2,8,43,967,15589,8998,14,3,0,2,1,2,1,9,2,9,8,3,7,0,1,2,3,2,3,2,True,3,4,4,29,10,4,0.333,0.889,0,18.516666666666666,11,1,0.0434782608695652,2
155,Michael Jones,michael_jones,False,29,True,1,1,41,1496,26283,4319,13,2,3,0,0,0,1,10,1,10,7,0,9,1,3,2,2,2,0,2,True,2,3,3,10,5,5,0.0,0.7,0,22.516666666666666,15,1,0.0434782608695652,1
156,Robert Miller,robert_miller,False,51,True,1,7,34,1169,13983,6132,17,2,3,1,0,3,2,10,2,1,0,0,0,0,1,1,2,2,2,2,True,1,2,3,18,6,4,0.0,0.0,0,16.266666666666666,10,2,0.0869565217391304,1
157,Michael Miller,michael_miller,False,58,False,1,9,75,1145,11873,3346,20,1,1,1,0,2,4,9,3,1,0,0,0,1,1,1,1,3,1,1,True,4,3,3,29,9,4,0.0,0.0,2,19.3,9,1,0.0434782608695652,2
158,Elizabeth Davis,elizabeth_davis,False,40,True,1,4,67,630,8552,10855,11,3,0,1,1,3,7,15,2,12,11,2,11,1,2,1,3,2,0,1,True,2,3,1,23,7,4,0.167,0.917,0,20.966666666666665,8,1,0.0434782608695652,1
159,Michael Rodriguez,michael_rodriguez,False,34,False,1,2,75,303,11314,2231,18,1,6,2,1,3,6,6,3,4,3,1,2,1,2,2,2,2,3,2,True,3,2,4,34,19,3,0.25,0.75,0,14.683333333333334,9,1,0.0434782608695652,2
160,Barbara Garcia,barbara_garcia,False,22,True,1,19,80,1256,11992,2323,24,1,1,1,0,0,1,2,6,2,2,2,2,2,2,2,3,3,0,2,True,2,3,3,62,30,2,1.0,1.0,0,15.266666666666667,7,1,0.0434782608695652,1
161,Michael Davis,michael_davis,False,27,True,0,9,57,691,5970,2024,18,1,1,0,0,2,6,6,1,2,2,2,2,1,3,2,1,2,3,0,True,2,2,3,9,4,5,1.0,1.0,2,24.03333333333333,9,1,0.0434782608695652,1
162,William Brown,william_brown,False,28,True,1,21,42,440,6672,2713,11,1,1,1,0,2,1,5,2,5,2,0,2,1,2,2,3,2,2,0,True,2,3,3,28,16,4,0.0,0.4,2,15.1,6,1,0.0434782608695652,1
163,Jennifer Rodriguez,jennifer_rodriguez,False,57,True,0,24,83,334,23402,9439,16,3,4,1,0,1,3,12,2,5,3,1,4,1,2,3,3,2,1,0,True,4,4,3,32,10,3,0.2,0.6,2,21.616666666666667,12,1,0.0434782608695652,2
164,Jennifer Miller,jennifer_miller,False,27,True,0,3,79,1450,25326,2566,15,1,1,0,0,2,1,1,2,1,1,0,1,1,2,1,2,2,3,1,True,5,1,4,28,17,4,0.0,1.0,2,20.166666666666668,14,1,0.0434782608695652,2
165,William Jones,william_jones,False,50,False,2,11,53,1452,17053,19926,15,5,5,1,0,2,3,21,5,5,4,4,4,0,2,2,1,2,1,2,True,3,2,2,52,25,3,0.8,0.8,1,18.183333333333334,9,2,0.0869565217391304,2
166,Patricia Miller,patricia_miller,False,41,True,0,14,56,465,4609,2451,12,1,1,1,0,2,4,13,2,9,8,1,8,1,0,2,2,2,0,2,True,2,3,2,20,7,4,0.111,0.889,1,19.366666666666667,11,1,0.0434782608695652,2
167,James Miller,james_miller,False,30,False,1,5,41,1339,8053,9419,12,3,0,1,1,2,2,12,2,10,9,7,4,1,1,2,3,2,2,2,True,3,4,3,19,10,4,0.7,0.9,1,20.83333333333333,14,1,0.0434782608695652,1
168,John Davis,john_davis,False,38,False,2,1,59,702,12930,8686,22,2,0,1,1,3,4,12,2,8,3,0,7,0,0,1,3,3,2,3,True,2,4,4,18,10,4,0.0,0.375,0,17.416666666666668,7,2,0.0869565217391304,1
169,Barbara Garcia,barbara_garcia,False,32,True,2,6,43,120,12430,3038,20,1,1,1,0,4,3,8,2,5,4,1,4,0,2,2,2,3,0,2,True,2,4,3,25,11,4,0.2,0.8,0,13.116666666666667,13,2,0.0869565217391304,2
170,David Williams,david_williams,False,27,True,1,17,51,1157,13364,3058,16,1,1,1,0,2,0,6,3,5,2,1,1,1,2,2,1,2,3,1,True,4,2,3,39,22,3,0.2,0.4,2,22.816666666666663,10,2,0.0869565217391304,2
171,Robert Miller,robert_miller,True,19,False,2,1,100,602,20989,2325,21,1,6,2,1,0,0,1,5,0,0,0,0,0,2,0,0,3,0,3,True,2,1,3,68,23,2,0.0,0.0,1,20.0,8,1,0.0434782608695652,2
172,William Miller,william_miller,False,36,True,2,3,30,1480,15062,2088,12,1,2,2,0,1,4,13,3,8,7,7,2,0,3,2,1,2,2,1,True,2,3,3,40,15,3,0.875,0.875,2,21.883333333333333,12,1,0.0434782608695652,2
173,Elizabeth Jones,elizabeth_jones,False,30,True,0,9,66,111,11012,3072,11,2,2,0,0,2,1,12,4,12,9,6,10,2,2,2,0,2,2,2,True,2,2,2,41,13,3,0.5,0.75,1,17.71666666666667,8,1,0.0434782608695652,2
174,Mary Smith,mary_smith,False,45,False,0,4,30,1268,6319,5006,11,2,0,1,1,1,4,9,3,5,4,0,3,1,2,2,0,2,0,3,True,4,1,2,32,12,3,0.0,0.8,2,15.566666666666666,12,1,0.0434782608695652,1
175,Robert Johnson,robert_johnson,False,56,False,0,8,67,713,13939,4257,18,1,1,1,0,2,4,19,3,2,2,2,2,1,2,2,0,2,2,2,True,3,2,3,40,15,3,1.0,1.0,2,13.333333333333334,7,1,0.0434782608695652,2
176,David Brown,david_brown,False,33,True,2,2,90,134,10515,2500,14,1,1,1,0,2,0,4,2,3,1,0,2,0,2,2,3,2,0,3,True,2,4,2,22,13,4,0.0,0.333,0,20.96666666666667,8,1,0.0434782608695652,1
177,Michael Miller,michael_miller,True,19,True,2,2,47,303,9241,1102,22,1,2,1,0,2,1,1,3,1,0,1,0,0,1,1,3,3,2,1,True,1,3,3,29,9,4,1.0,0.0,2,18.75,6,1,0.0434782608695652,2
178,Jennifer Williams,jennifer_williams,False,46,False,0,1,92,526,2137,10453,25,3,0,1,1,1,1,24,2,24,13,15,7,3,1,2,0,3,2,2,True,2,2,4,22,9,4,0.625,0.542,2,23.266666666666666,8,1,0.0434782608695652,2
179,James Miller,james_miller,False,38,False,2,9,75,1380,6319,2288,12,1,2,1,0,1,1,2,3,2,2,2,1,0,2,2,3,2,2,2,True,2,3,2,31,14,3,1.0,1.0,0,20.45,11,1,0.0434782608695652,1
180,Barbara Rodriguez,barbara_rodriguez,False,31,False,1,12,95,140,6984,3929,23,1,1,1,0,0,8,7,0,4,2,0,2,1,2,2,3,3,2,2,True,4,3,4,0,0,5,0.0,0.5,1,15.616666666666667,10,1,0.0434782608695652,1
181,Jennifer Davis,jennifer_davis,False,34,False,2,27,95,629,5711,2311,15,1,1,1,0,1,2,9,3,3,2,1,2,0,3,2,1,2,3,2,True,2,3,4,44,26,3,0.333,0.667,1,13.666666666666666,12,1,0.0434782608695652,1
182,William Brown,william_brown,True,41,False,2,20,70,1356,21728,3140,22,1,6,1,1,1,1,4,5,4,3,0,2,0,1,2,1,3,3,1,True,4,2,4,74,39,2,0.0,0.75,2,12.866666666666667,10,2,0.0869565217391304,1
183,William Miller,william_miller,False,50,True,1,1,86,328,3425,3690,15,1,2,1,0,2,2,5,2,3,2,0,2,1,2,1,2,2,3,1,True,2,2,4,20,12,4,0.0,0.667,1,19.316666666666663,8,1,0.0434782608695652,1
184,John Williams,john_williams,False,53,False,0,13,57,1084,26250,4450,11,2,3,1,0,1,1,5,3,4,2,1,3,2,3,3,0,2,2,2,True,2,2,4,26,14,4,0.25,0.5,0,17.416666666666668,11,1,0.0434782608695652,1
185,James Garcia,james_garcia,False,33,False,1,14,72,931,4673,2756,13,1,1,1,0,2,1,8,5,8,7,1,6,1,3,2,1,2,3,2,True,3,2,4,70,41,2,0.125,0.875,0,17.95,12,2,0.0869565217391304,2
186,Robert Garcia,robert_garcia,False,40,False,1,4,46,989,6499,19033,14,5,5,1,0,0,1,21,2,20,8,9,9,1,3,2,2,2,1,2,True,3,3,2,19,10,4,0.45,0.4,0,18.33333333333333,11,1,0.0434782608695652,1
187,Linda Davis,linda_davis,False,55,True,2,14,61,692,13339,18722,11,5,7,1,0,3,8,36,3,24,15,2,15,0,2,3,1,2,3,2,True,2,4,4,33,11,3,0.083,0.625,1,17.25,8,2,0.0869565217391304,2
188,Mary Johnson,mary_johnson,False,34,True,1,2,45,1069,14074,9547,17,2,3,2,0,0,1,10,2,10,9,1,9,0,3,1,2,2,2,1,True,1,3,2,17,7,4,0.1,0.9,0,16.4,11,1,0.0434782608695652,2
189,Barbara Rodriguez,barbara_rodriguez,False,51,False,2,3,98,313,7192,13734,18,4,4,1,0,2,3,21,6,7,7,1,0,0,3,2,1,2,2,2,True,1,3,2,59,29,3,0.143,1.0,0,16.333333333333336,9,1,0.0434782608695652,2
190,Jennifer Davis,jennifer_davis,False,52,True,1,1,65,699,5678,19999,14,5,5,1,0,3,0,34,5,33,18,11,9,1,2,1,2,2,0,2,True,3,2,2,72,29,2,0.333,0.545,0,21.75,10,1,0.0434782608695652,1
191,Michael Smith,michael_smith,False,27,False,2,9,99,894,11781,2279,16,1,1,1,0,2,1,7,2,7,7,0,3,0,3,2,1,2,3,1,True,3,2,4,29,11,4,0.0,1.0,2,17.683333333333334,7,3,0.1304347826086956,2
192,John Williams,john_williams,True,35,True,1,23,50,556,15497,5916,13,2,3,1,0,1,3,8,1,1,0,0,1,0,1,1,2,2,0,2,True,3,2,3,10,5,5,0.0,0.0,2,19.133333333333333,11,1,0.0434782608695652,1
193,James Johnson,james_johnson,False,43,True,0,7,37,1344,5228,2089,14,1,1,0,0,2,4,7,3,5,4,2,2,3,3,3,3,2,3,3,True,3,4,4,32,19,3,0.4,0.8,0,13.933333333333334,6,2,0.0869565217391304,2
194,Linda Miller,linda_miller,False,45,True,1,2,65,1195,20462,16792,23,4,5,0,0,1,9,22,1,20,8,11,8,1,0,1,3,3,3,2,True,2,3,4,9,3,5,0.55,0.4,1,19.7,12,1,0.0434782608695652,1
195,James Davis,james_davis,False,37,True,1,21,65,290,22977,3564,12,1,1,1,0,2,1,8,3,8,7,1,7,1,1,3,0,2,0,1,True,4,2,1,26,14,4,0.125,0.875,2,16.866666666666667,13,1,0.0434782608695652,2
196,John Johnson,john_johnson,False,35,False,2,2,37,138,15986,4425,11,2,2,2,0,2,5,10,5,6,2,1,2,0,1,2,1,2,3,2,True,2,3,4,80,41,2,0.167,0.333,1,21.03333333333333,8,1,0.0434782608695652,2
197,Jennifer Johnson,jennifer_johnson,False,42,False,0,21,36,926,16439,5265,16,2,3,0,0,1,2,11,5,5,3,0,2,1,2,2,2,2,1,2,True,2,3,3,66,39,2,0.0,0.6,0,21.666666666666668,11,1,0.0434782608695652,1
198,David Garcia,david_garcia,False,38,True,1,2,88,1261,7259,6553,14,2,3,1,0,3,9,14,3,1,0,0,0,0,3,2,2,2,1,2,True,2,3,3,37,21,3,0.0,0.0,0,12.733333333333333,14,1,0.0434782608695652,1
199,Elizabeth Rodriguez,elizabeth_rodriguez,False,38,True,1,29,54,1084,4185,6261,18,2,3,1,0,2,3,9,3,7,7,1,7,1,3,2,3,2,0,0,True,1,3,2,42,22,3,0.143,1.0,1,17.4,10,1,0.0434782608695652,2
200,Patricia Smith,patricia_smith,False,27,True,1,1,60,472,9679,4298,19,2,3,2,0,0,5,6,1,2,2,2,0,1,2,1,0,2,2,2,True,2,1,3,15,7,4,1.0,1.0,1,15.566666666666666,11,2,0.0869565217391304,2
201,William Jones,william_jones,False,49,True,0,18,92,1002,23793,6804,15,2,3,0,0,3,1,7,0,7,7,1,7,2,3,2,3,2,0,2,True,4,3,2,0,0,5,0.143,1.0,0,19.78333333333333,11,2,0.0869565217391304,2
202,John Johnson,john_johnson,False,34,True,0,10,43,878,5972,3815,17,1,1,2,0,3,1,5,4,5,3,2,0,1,3,2,2,2,3,3,True,4,3,3,33,15,3,0.4,0.6,1,19.516666666666666,11,1,0.0434782608695652,2
203,Linda Davis,linda_davis,False,40,True,1,19,99,905,16523,2741,15,2,2,1,0,1,8,15,2,7,2,3,7,1,2,2,3,2,2,3,True,4,4,4,19,10,4,0.429,0.286,0,15.733333333333334,9,3,0.1304347826086956,1
204,Elizabeth Smith,elizabeth_smith,True,38,True,1,29,70,1180,11354,6673,19,2,4,1,0,0,7,17,2,1,0,0,0,0,1,2,0,2,1,2,True,4,2,3,26,15,4,0.0,0.0,2,15.766666666666667,8,1,0.0434782608695652,2
205,Barbara Smith,barbara_smith,True,29,False,1,27,35,121,24525,7639,22,3,0,1,1,2,1,10,3,10,4,1,9,3,1,2,3,3,3,1,True,3,4,5,33,18,3,0.1,0.4,2,21.21666666666667,12,1,0.0434782608695652,1
206,Patricia Smith,patricia_smith,False,22,True,0,5,60,1136,12392,2328,16,1,1,1,0,2,1,4,2,4,2,2,2,1,3,3,1,2,0,1,True,4,3,1,32,11,3,0.5,0.5,2,20.183333333333334,11,1,0.0434782608695652,2
207,David Rodriguez,david_rodriguez,False,36,False,2,18,73,635,7703,2153,13,1,2,2,0,0,1,8,2,8,1,1,7,0,1,2,3,2,0,2,True,1,2,3,27,13,4,0.125,0.125,0,18.53333333333333,6,3,0.1304347826086956,2
208,Jennifer Rodriguez,jennifer_rodriguez,False,40,True,1,9,63,1151,14242,4876,14,2,4,0,0,4,9,5,5,3,2,0,2,1,3,1,3,2,3,0,True,2,3,3,78,31,2,0.0,0.667,1,16.4,9,2,0.0869565217391304,1
209,Elizabeth Johnson,elizabeth_johnson,False,46,True,0,1,97,644,12368,9396,16,3,4,1,0,3,7,17,3,4,2,0,3,1,3,2,0,2,2,2,True,3,2,4,29,9,4,0.0,0.5,0,21.4,8,2,0.0869565217391304,1
210,John Smith,john_smith,True,32,True,1,4,32,1045,25812,10400,11,3,0,1,1,3,1,14,2,14,8,9,8,0,3,0,3,2,2,1,True,2,3,4,30,11,4,0.643,0.571,1,20.05,8,1,0.0434782608695652,1
211,Mary Brown,mary_brown,False,30,True,2,1,88,829,20925,8474,22,3,3,0,0,0,1,12,2,11,8,5,8,0,2,1,2,3,2,2,True,2,3,3,21,7,4,0.455,0.727,0,17.416666666666668,8,2,0.0869565217391304,1
212,William Miller,william_miller,False,27,False,2,20,90,1242,12916,9981,14,2,0,2,1,2,1,7,2,7,7,0,7,0,3,2,2,2,3,2,True,2,3,4,32,18,3,0.0,1.0,0,18.133333333333333,8,3,0.1304347826086956,2
213,Patricia Davis,patricia_davis,False,51,True,1,8,81,1469,15736,12490,16,3,7,1,0,3,5,16,5,10,9,4,7,2,1,1,1,2,3,0,True,3,3,3,46,17,3,0.4,0.9,2,14.216666666666669,6,1,0.0434782608695652,2
214,Jennifer Rodriguez,jennifer_rodriguez,True,30,False,2,3,88,1005,8556,2657,11,1,1,1,0,2,5,8,5,5,2,0,4,0,3,2,0,2,2,2,True,4,1,3,61,24,2,0.0,0.4,2,23.28333333333333,10,1,0.0434782608695652,1
215,Barbara Williams,barbara_williams,False,41,False,2,6,75,896,14674,13591,18,3,5,1,1,2,3,16,3,1,0,0,0,0,3,2,3,2,2,2,True,4,3,3,43,25,3,0.0,0.0,1,18.266666666666666,13,3,0.1304347826086956,2
216,James Smith,james_smith,True,30,False,2,26,52,334,22967,6696,15,2,0,2,1,3,5,9,5,6,3,0,1,0,2,1,0,2,2,1,True,2,1,3,57,24,3,0.0,0.5,2,21.266666666666666,8,1,0.0434782608695652,1
217,Elizabeth Martinez,elizabeth_martinez,True,29,True,2,1,85,992,19757,2058,14,1,1,1,0,2,0,7,1,6,2,1,5,0,2,2,2,2,3,1,True,2,3,4,12,4,4,0.167,0.333,1,16.7,11,2,0.0869565217391304,1
218,James Miller,james_miller,False,45,False,2,6,57,1052,16840,8865,12,3,0,0,1,2,6,23,2,19,7,12,8,0,3,1,3,2,3,2,True,2,4,3,32,12,3,0.632,0.368,0,20.23333333333333,8,1,0.0434782608695652,2
219,Elizabeth Jones,elizabeth_jones,False,54,False,1,3,52,1147,17011,5940,14,2,0,1,1,2,2,16,4,6,2,0,5,1,3,2,0,2,3,2,True,2,2,4,46,15,3,0.0,0.333,0,11.55,9,3,0.1304347826086956,2
220,Michael Miller,michael_miller,False,36,True,2,5,62,1396,9945,5914,16,2,2,1,0,1,8,16,3,13,11,3,7,0,3,2,1,2,3,3,True,2,2,3,38,13,3,0.231,0.846,0,16.716666666666665,12,1,0.0434782608695652,1
221,Jennifer Miller,jennifer_miller,False,33,False,1,4,47,147,13248,2622,21,1,1,1,0,3,6,7,3,3,2,1,1,0,2,1,1,3,3,2,True,2,1,3,25,8,4,0.333,0.667,1,17.983333333333334,9,2,0.0869565217391304,1
222,Patricia Martinez,patricia_martinez,False,37,True,0,11,47,663,10056,12185,14,3,7,2,0,2,1,10,1,10,8,0,7,3,1,2,3,2,2,2,True,4,3,3,15,7,4,0.0,0.8,0,16.6,12,2,0.0869565217391304,1
223,Linda Garcia,linda_garcia,False,38,True,0,3,76,119,9647,10609,12,3,0,1,1,2,0,17,6,16,10,5,13,2,0,2,2,2,2,1,True,3,4,4,79,28,2,0.312,0.625,1,18.433333333333334,14,1,0.0434782608695652,2
224,John Johnson,john_johnson,False,31,True,1,1,90,979,4381,4345,12,2,3,0,0,3,0,6,2,5,4,1,4,1,2,0,2,2,3,2,True,1,2,3,22,9,4,0.2,0.8,0,17.983333333333334,8,1,0.0434782608695652,1
225,Robert Davis,robert_davis,False,59,True,1,3,70,142,8456,2177,17,1,1,1,0,2,3,7,6,1,0,0,0,1,2,1,3,2,0,2,True,3,3,1,49,27,3,0.0,0.0,0,17.333333333333332,10,1,0.0434782608695652,1
226,Elizabeth Martinez,elizabeth_martinez,False,37,True,0,4,41,319,2539,2793,17,1,6,2,1,3,4,13,2,9,8,5,8,1,0,2,3,2,2,2,True,2,4,4,25,11,4,0.556,0.889,0,10.35,13,1,0.0434782608695652,2
227,Mary Johnson,mary_johnson,False,29,False,1,1,42,1413,6599,7918,14,3,0,2,1,0,1,11,5,11,10,4,1,1,1,2,3,2,3,2,True,2,3,3,41,24,3,0.364,0.909,1,19.516666666666666,10,2,0.0869565217391304,2
228,Linda Davis,linda_davis,False,35,False,2,1,92,944,9096,8789,14,3,0,2,1,2,1,10,3,10,7,0,8,0,2,2,2,2,0,3,True,2,4,2,24,11,4,0.0,0.7,0,19.8,14,2,0.0869565217391304,2
229,William Jones,william_jones,True,29,True,2,18,86,896,14961,2389,13,1,1,1,0,0,1,4,3,4,3,0,1,0,2,1,3,2,2,1,True,4,2,3,39,16,3,0.0,0.75,2,17.566666666666666,5,2,0.0869565217391304,2
230,Jennifer Garcia,jennifer_garcia,False,52,False,2,2,89,1323,3300,3212,15,1,2,1,0,2,7,6,3,2,2,2,2,0,2,1,3,2,1,1,True,3,3,3,29,15,4,1.0,1.0,0,15.716666666666669,11,1,0.0434782608695652,1
231,Elizabeth Jones,elizabeth_jones,False,42,True,1,4,58,532,4933,19232,11,5,5,1,0,1,1,22,3,22,17,11,15,0,2,2,3,2,3,2,True,4,4,4,29,9,4,0.5,0.773,0,21.933333333333334,10,1,0.0434782608695652,2
232,Jennifer Martinez,jennifer_martinez,False,59,True,1,6,52,818,25657,2267,17,1,8,1,2,1,8,7,2,2,2,2,2,0,1,2,2,2,3,1,True,2,4,3,26,8,4,1.0,1.0,1,22.45,9,2,0.0869565217391304,1
233,Jennifer Rodriguez,jennifer_rodriguez,False,50,False,0,1,68,854,24118,19517,11,5,5,1,1,3,3,32,3,7,0,0,6,1,3,2,3,2,2,1,True,4,3,3,25,12,4,0.0,0.0,1,20.866666666666667,13,1,0.0434782608695652,2
234,David Johnson,david_johnson,True,33,True,1,14,58,813,22149,2436,13,1,2,1,0,2,5,8,2,5,4,0,4,1,2,2,3,2,2,0,True,4,3,2,21,9,4,0.0,0.8,1,18.75,10,1,0.0434782608695652,2
235,James Rodriguez,james_rodriguez,False,43,False,1,16,80,1034,7744,16064,22,4,5,1,1,2,5,22,3,17,13,1,9,1,3,2,3,3,2,2,True,4,3,4,28,15,4,0.059,0.765,1,18.183333333333334,9,1,0.0434782608695652,1
236,Barbara Garcia,barbara_garcia,True,33,False,1,2,39,465,21509,2707,20,1,2,1,0,1,7,13,3,9,7,1,7,0,0,2,0,3,0,3,True,2,3,4,38,22,3,0.111,0.778,1,15.65,8,1,0.0434782608695652,2
237,James Rodriguez,james_rodriguez,False,52,True,2,2,79,771,21030,19068,18,5,5,0,1,3,1,33,2,33,7,15,12,0,0,1,2,2,3,3,True,5,2,4,27,11,4,0.455,0.212,2,19.116666666666667,11,1,0.0434782608695652,1
238,Elizabeth Smith,elizabeth_smith,False,32,False,1,4,56,1401,20990,3931,11,1,6,1,1,1,2,6,5,4,3,1,2,1,2,2,1,2,0,2,True,2,2,3,69,33,2,0.25,0.75,0,10.916666666666666,9,3,0.1304347826086956,1
239,Jennifer Martinez,jennifer_martinez,True,32,True,2,1,62,515,9571,3730,14,1,2,1,0,2,0,4,2,3,2,1,2,0,3,1,2,2,3,0,True,4,2,4,20,9,4,0.333,0.667,2,18.73333333333333,10,3,0.1304347826086956,1
240,David Smith,david_smith,False,39,False,0,1,96,1431,15417,2232,14,1,2,1,0,3,7,7,1,3,2,1,2,3,2,2,2,2,2,2,True,2,3,3,9,5,5,0.333,0.667,0,21.08333333333333,11,1,0.0434782608695652,2
241,James Garcia,james_garcia,False,32,True,1,26,100,976,12069,4465,18,2,0,0,1,3,0,4,2,3,2,2,2,0,2,2,3,2,0,2,True,2,3,2,17,9,4,0.667,0.667,0,21.83333333333333,11,1,0.0434782608695652,1
242,David Davis,david_davis,False,41,True,0,19,36,1411,19877,3072,16,2,1,1,0,1,2,17,2,1,0,0,0,2,2,2,0,2,0,1,True,2,3,2,23,13,4,0.0,0.0,1,22.3,11,1,0.0434782608695652,2
243,Patricia Garcia,patricia_garcia,False,40,True,0,24,62,1300,24447,3319,17,2,1,1,0,1,1,9,3,9,8,4,7,2,0,2,3,2,0,2,True,2,3,2,47,18,3,0.444,0.889,0,25.133333333333333,12,1,0.0434782608695652,2
244,John Brown,john_brown,False,45,True,1,1,70,252,15970,19202,11,5,5,1,0,2,0,25,2,24,0,1,7,1,2,3,3,2,2,2,True,3,4,3,19,10,4,0.042,0.0,0,19.78333333333333,13,1,0.0434782608695652,2
245,David Garcia,david_garcia,False,31,True,0,3,73,1327,13523,13675,12,3,7,2,0,3,9,9,3,2,2,2,2,1,1,2,2,2,0,2,True,1,3,2,30,11,4,1.0,1.0,0,21.5,16,1,0.0434782608695652,1
246,Linda Jones,linda_jones,False,33,False,1,5,63,832,14776,2911,13,1,1,1,0,3,1,2,2,2,2,0,2,1,2,1,3,2,2,1,True,2,3,3,18,7,4,0.0,1.0,1,19.883333333333333,13,1,0.0434782608695652,2
247,Jennifer Jones,jennifer_jones,False,34,True,1,2,84,470,23687,5957,13,2,3,1,0,3,6,13,3,11,9,5,9,1,3,1,0,2,1,2,True,2,1,2,39,23,3,0.455,0.818,1,15.7,11,1,0.0434782608695652,2
248,John Johnson,john_johnson,False,37,False,1,1,83,1017,18697,3920,14,1,1,1,0,1,2,17,2,3,1,0,2,1,2,1,0,2,0,1,True,3,2,2,27,8,4,0.0,0.333,2,17.333333333333332,9,1,0.0434782608695652,2
249,John Johnson,john_johnson,False,45,True,1,7,77,1199,5118,6434,17,2,3,2,0,3,4,9,1,3,2,0,2,1,0,3,2,2,3,2,True,2,4,4,13,8,4,0.0,0.667,0,16.416666666666668,7,2,0.0869565217391304,1
250,Barbara Martinez,barbara_martinez,True,37,True,0,10,61,504,22573,10048,11,3,3,2,0,2,6,17,5,1,0,0,0,2,0,2,2,2,1,2,True,3,3,2,74,26,2,0.0,0.0,0,22.85,7,1,0.0434782608695652,2
251,Jennifer Johnson,jennifer_johnson,False,39,False,2,2,64,505,6420,10938,25,3,4,2,0,3,0,20,1,19,6,11,8,0,2,2,2,3,3,2,True,2,3,4,12,7,4,0.579,0.316,0,19.0,12,1,0.0434782608695652,1
252,Barbara Johnson,barbara_johnson,False,29,True,2,15,60,665,22673,2340,19,1,1,1,0,2,1,6,1,6,5,1,5,0,2,2,3,2,0,2,True,2,3,1,9,3,5,0.167,0.833,0,13.8,9,1,0.0434782608695652,1
253,Mary Miller,mary_miller,False,42,False,2,17,82,916,23016,6545,13,2,1,1,0,1,3,10,1,3,2,0,2,0,3,3,0,2,2,2,True,4,3,3,10,4,5,0.0,0.667,2,18.8,12,3,0.1304347826086956,2
254,John Rodriguez,john_rodriguez,False,29,True,0,20,45,1247,10732,6931,14,2,0,1,1,1,2,10,2,3,2,0,2,1,3,2,3,2,3,2,True,1,4,3,27,10,4,0.0,0.667,0,19.133333333333333,12,1,0.0434782608695652,2
255,David Martinez,david_martinez,False,25,False,1,1,62,685,7505,4898,12,2,3,1,0,2,0,5,3,4,2,1,2,2,0,2,2,2,3,2,True,3,3,4,39,19,3,0.25,0.5,1,16.283333333333335,11,1,0.0434782608695652,2
256,William Garcia,william_garcia,False,42,False,0,2,56,269,8007,2593,11,1,2,1,0,2,0,10,4,9,6,7,8,1,3,1,0,2,2,2,True,5,1,3,49,20,3,0.778,0.667,2,19.933333333333334,11,2,0.0869565217391304,1
257,William Smith,william_smith,False,40,True,0,2,49,1416,5949,19436,19,5,7,1,0,1,0,22,5,21,7,3,9,1,0,2,2,2,3,2,True,3,4,4,67,33,2,0.143,0.333,0,17.083333333333332,8,1,0.0434782608695652,1
258,Elizabeth Jones,elizabeth_jones,False,51,True,1,1,96,833,23231,2723,11,1,1,1,0,2,1,1,0,1,0,0,0,0,2,2,3,2,1,1,True,1,3,2,0,0,5,0.0,0.0,0,19.65,10,1,0.0434782608695652,1
259,Robert Miller,robert_miller,True,31,True,2,29,71,307,11652,3479,11,1,2,2,0,1,0,6,2,5,4,1,4,0,2,1,1,2,1,3,True,2,2,3,30,10,4,0.2,0.8,1,15.1,11,1,0.0434782608695652,2
260,William Davis,william_davis,False,32,True,1,7,100,1311,26062,2794,20,1,2,2,0,2,1,5,3,5,1,0,3,0,1,3,1,3,2,0,True,2,3,4,38,13,3,0.0,0.2,2,21.066666666666663,13,1,0.0434782608695652,1
261,Elizabeth Garcia,elizabeth_garcia,False,38,True,1,2,39,1327,19682,5249,18,2,0,0,1,1,3,13,0,8,7,7,5,1,3,1,3,2,3,2,True,2,4,3,0,0,5,0.875,0.875,1,18.85,9,2,0.0869565217391304,1
262,Barbara Davis,barbara_davis,False,32,True,2,2,84,128,19737,2176,13,2,2,1,0,0,4,9,5,6,2,0,4,0,3,1,0,2,3,2,True,2,1,3,50,27,3,0.0,0.333,1,20.416666666666668,8,2,0.0869565217391304,1
263,Patricia Miller,patricia_miller,False,46,False,1,2,75,488,14977,16872,12,4,5,1,1,2,3,28,2,7,7,7,7,1,2,0,1,2,1,1,True,4,1,3,27,15,4,1.0,1.0,2,23.6,14,1,0.0434782608695652,1
264,James Garcia,james_garcia,True,28,True,2,2,79,529,14935,3485,11,1,2,1,0,3,2,5,5,0,0,0,0,0,0,2,2,2,2,0,True,2,3,3,76,28,2,0.0,0.0,2,10.116666666666667,9,1,0.0434782608695652,2
265,William Smith,william_smith,False,29,True,1,2,78,1210,3687,6644,19,2,0,1,1,2,2,10,2,0,0,0,0,2,0,1,1,2,1,2,True,2,2,2,22,10,4,0.0,0.0,2,26.83333333333333,10,1,0.0434782608695652,1
266,William Miller,william_miller,False,31,True,1,23,64,1463,14408,5582,21,2,4,1,0,2,0,10,2,9,0,7,8,1,1,1,3,3,1,2,True,2,3,3,28,15,4,0.778,0.0,1,19.466666666666665,12,3,0.1304347826086956,2
267,Robert Martinez,robert_martinez,False,25,True,0,5,85,675,18384,4000,12,2,4,0,0,1,1,6,2,6,3,1,5,2,1,3,0,2,3,2,True,2,4,4,28,11,4,0.167,0.5,2,17.433333333333334,14,2,0.0869565217391304,2
268,David Garcia,david_garcia,False,45,True,1,20,79,1385,7501,13496,14,4,4,1,0,1,0,21,2,20,7,4,10,0,2,2,3,2,1,2,True,5,4,1,17,7,4,0.2,0.35,0,15.3,6,2,0.0869565217391304,2
269,Barbara Williams,barbara_williams,False,36,True,1,6,47,1403,20251,3210,11,1,2,1,0,2,0,16,4,15,13,10,11,1,3,2,3,2,2,2,True,2,4,4,51,23,3,0.667,0.867,0,18.55,13,1,0.0434782608695652,1
270,William Martinez,william_martinez,False,55,True,2,1,81,452,18938,19045,14,5,5,1,0,2,0,37,2,36,10,4,13,0,3,2,0,2,2,2,True,5,2,4,18,6,4,0.111,0.278,2,16.3,7,1,0.0434782608695652,1
271,James Jones,james_jones,True,47,True,1,29,88,666,10268,11849,12,3,5,0,0,3,1,10,2,10,7,9,9,1,0,2,1,2,3,1,True,4,3,4,31,10,3,0.9,0.7,2,16.5,7,1,0.0434782608695652,2
272,Mary Jones,mary_jones,False,28,True,1,9,94,1158,2613,2070,23,1,1,1,0,2,1,5,3,5,2,0,4,1,3,2,3,3,3,1,True,2,4,4,43,15,3,0.0,0.4,1,18.71666666666667,11,1,0.0434782608695652,2
273,William Brown,william_brown,False,37,True,1,6,98,228,22825,6502,14,2,0,1,1,3,4,7,5,5,4,0,1,1,2,2,3,2,1,3,True,2,4,3,44,21,3,0.0,0.8,0,19.9,9,1,0.0434782608695652,2
274,William Brown,william_brown,False,21,True,2,3,100,996,10531,3230,17,1,1,1,0,1,1,3,4,3,2,1,0,0,3,1,2,2,0,3,True,2,3,2,36,12,3,0.333,0.667,0,21.28333333333333,7,1,0.0434782608695652,1
275,James Rodriguez,james_rodriguez,False,37,False,0,1,80,728,11677,13603,18,3,7,0,0,3,2,15,2,5,2,0,2,2,0,2,3,2,0,2,True,4,3,2,26,9,4,0.0,0.4,1,17.71666666666667,11,2,0.0869565217391304,1
276,John Smith,john_smith,False,35,False,0,22,71,1315,19100,11996,18,3,5,1,0,2,7,10,6,7,7,6,2,1,1,3,1,2,1,1,True,2,3,3,65,26,2,0.857,1.0,2,20.5,14,1,0.0434782608695652,2
277,William Rodriguez,william_rodriguez,False,38,False,0,7,44,322,19191,5605,24,2,0,1,1,1,1,8,3,8,0,7,7,1,0,3,0,3,2,2,True,3,2,5,25,8,4,0.875,0.0,2,14.933333333333334,12,2,0.0869565217391304,1
278,Jennifer Johnson,jennifer_johnson,False,26,False,0,1,84,1479,26767,6397,20,2,3,2,0,2,1,6,6,6,5,1,4,1,2,2,1,3,0,0,True,2,2,2,74,26,2,0.167,0.833,2,16.85,8,1,0.0434782608695652,2
279,Mary Williams,mary_williams,False,50,True,0,4,96,797,15815,19144,14,5,7,1,0,0,3,28,4,10,4,1,6,2,0,2,1,2,0,1,True,3,2,2,44,25,3,0.1,0.4,2,17.733333333333334,7,1,0.0434782608695652,1
280,Elizabeth Jones,elizabeth_jones,False,53,True,1,3,45,1070,21016,17584,16,4,7,1,0,3,3,21,5,5,3,1,3,3,2,2,2,2,3,1,True,4,3,3,44,13,3,0.2,0.6,1,19.33333333333333,8,1,0.0434782608695652,1
281,Patricia Garcia,patricia_garcia,False,42,True,1,1,99,635,24532,4907,25,2,0,1,1,0,1,20,3,20,16,11,6,0,1,2,2,3,2,2,True,2,2,4,43,21,3,0.55,0.8,0,20.5,10,1,0.0434782608695652,2
282,William Martinez,william_martinez,False,29,True,2,2,44,442,20260,4554,18,2,0,2,1,1,1,10,3,10,7,0,9,0,1,2,3,2,0,1,True,2,3,2,46,19,3,0.0,0.7,2,20.35,11,3,0.1304347826086956,1
283,Barbara Johnson,barbara_johnson,False,55,True,1,20,37,147,15972,5415,19,2,2,1,0,1,3,12,4,10,7,0,8,1,1,2,3,2,3,2,True,4,3,4,56,28,3,0.0,0.7,1,21.7,13,2,0.0869565217391304,2
284,Mary Garcia,mary_garcia,False,26,True,1,11,60,496,22722,4741,13,2,4,2,0,1,1,5,3,5,3,3,3,1,0,2,0,2,2,2,True,5,2,3,44,21,3,0.6,0.6,2,17.9,10,1,0.0434782608695652,1
285,David Johnson,david_johnson,False,37,False,2,1,42,1372,15881,2115,12,1,1,1,0,2,1,17,3,17,12,5,7,0,3,2,3,2,1,2,True,3,3,3,29,11,4,0.294,0.706,0,23.48333333333333,11,1,0.0434782608695652,2
286,Linda Davis,linda_davis,True,44,True,0,24,43,920,19920,3161,22,1,2,2,0,2,3,19,0,1,0,0,0,1,3,2,2,3,3,0,True,5,4,5,0,0,5,0.0,0.0,2,17.983333333333334,14,1,0.0434782608695652,1
287,Robert Rodriguez,robert_rodriguez,False,38,True,0,23,82,688,18899,5745,14,2,4,1,0,3,9,10,2,2,2,1,2,1,3,2,3,2,1,2,True,3,4,2,19,9,4,0.5,1.0,1,17.533333333333335,13,1,0.0434782608695652,2
288,Patricia Brown,patricia_brown,True,26,True,0,16,45,1449,14180,2373,13,1,2,1,0,3,2,5,2,3,2,0,2,1,0,2,1,2,3,2,True,4,2,4,28,15,4,0.0,0.667,2,15.3,8,2,0.0869565217391304,1
289,Patricia Garcia,patricia_garcia,False,28,False,2,8,66,1117,4488,3310,21,1,1,1,0,1,1,5,3,5,3,0,2,0,3,2,3,3,3,2,True,2,4,4,47,20,3,0.0,0.6,0,13.633333333333333,10,3,0.1304347826086956,2
290,William Williams,william_williams,False,49,False,2,10,35,636,25594,18665,11,5,7,2,0,3,9,22,4,3,2,1,2,0,2,2,0,2,3,2,True,5,2,4,55,33,3,0.333,0.667,2,14.766666666666666,11,1,0.0434782608695652,2
291,Patricia Martinez,patricia_martinez,False,36,True,2,3,30,506,26285,4485,12,2,1,1,0,2,4,10,2,8,0,7,7,0,2,2,1,2,3,2,True,2,2,4,30,16,4,0.875,0.0,1,21.433333333333334,10,1,0.0434782608695652,1
292,James Garcia,james_garcia,False,31,False,0,5,84,444,3909,2789,11,1,6,2,1,2,1,2,5,2,2,2,2,1,3,2,1,2,2,1,True,2,2,3,66,39,2,1.0,1.0,1,16.166666666666668,6,1,0.0434782608695652,2
293,James Jones,james_jones,True,26,True,2,4,48,950,8450,5828,12,2,0,1,1,3,1,8,0,8,7,7,4,0,3,1,3,2,1,2,True,3,3,2,0,0,5,0.875,0.875,1,18.816666666666663,14,1,0.0434782608695652,1
294,Barbara Jones,barbara_jones,False,37,True,1,9,53,889,11411,2326,12,1,1,2,0,2,1,4,3,4,2,1,2,3,1,2,3,2,2,1,True,3,3,3,34,15,3,0.25,0.5,2,14.35,8,2,0.0869565217391304,2
295,Barbara Garcia,barbara_garcia,False,42,False,1,26,77,555,14864,13525,14,4,0,2,1,2,5,23,2,20,4,4,8,1,2,2,1,2,3,3,True,1,2,5,17,9,4,0.2,0.2,1,16.8,8,2,0.0869565217391304,2
296,Patricia Johnson,patricia_johnson,True,18,True,2,3,54,230,25233,1420,13,1,2,1,0,2,1,0,2,0,0,0,0,0,2,2,2,2,2,2,True,2,3,3,17,10,4,0.0,0.0,0,19.08333333333333,10,1,0.0434782608695652,1
297,David Martinez,david_martinez,False,35,True,1,16,96,1232,5100,8020,15,3,0,1,1,2,0,12,3,11,9,6,9,2,2,2,1,2,2,1,True,2,3,4,41,24,3,0.545,0.818,2,20.133333333333333,12,1,0.0434782608695652,1
298,Robert Brown,robert_brown,False,36,True,1,18,81,566,7122,3688,18,1,2,2,0,3,4,4,2,1,0,0,0,2,2,3,3,2,3,2,True,2,4,3,23,9,4,0.0,0.0,0,20.03333333333333,14,1,0.0434782608695652,2
299,Mary Rodriguez,mary_rodriguez,False,51,True,0,2,84,1302,16321,5482,18,2,3,1,0,2,5,13,3,4,1,1,2,1,3,0,1,2,3,2,True,3,2,3,37,20,3,0.25,0.25,0,21.65,10,2,0.0869565217391304,2
300,Linda Miller,linda_miller,False,41,True,2,2,88,334,15896,16015,19,4,5,1,1,3,1,22,2,22,10,0,4,0,3,2,1,2,1,2,True,2,3,3,25,9,4,0.0,0.455,1,18.53333333333333,10,2,0.0869565217391304,2
301,Jennifer Garcia,jennifer_garcia,False,18,False,2,10,69,812,9724,1200,12,1,6,1,1,2,1,0,2,0,0,0,0,0,3,1,2,2,0,2,True,1,3,2,20,9,4,0.0,0.0,0,13.683333333333334,12,2,0.0869565217391304,2
302,David Davis,david_davis,False,28,True,2,16,68,1476,4824,5661,19,2,4,1,0,1,0,9,2,8,3,0,7,0,1,3,0,2,2,2,True,2,3,4,24,8,4,0.0,0.375,2,22.98333333333333,12,1,0.0434782608695652,2
303,David Rodriguez,david_rodriguez,False,31,True,1,7,100,218,12241,6929,11,2,0,1,1,2,4,10,3,8,7,7,7,1,1,3,3,2,1,1,True,2,5,3,35,14,3,0.875,0.875,1,22.633333333333333,9,1,0.0434782608695652,2
304,Michael Miller,michael_miller,False,39,True,0,1,48,1132,10942,9613,17,3,4,1,0,2,0,19,5,18,10,3,7,3,2,3,3,2,0,1,True,2,5,3,56,32,3,0.167,0.556,1,18.58333333333333,9,2,0.0869565217391304,1
305,Mary Williams,mary_williams,False,36,False,1,24,47,1105,6927,5674,15,2,2,0,0,3,7,11,3,9,8,0,8,1,1,2,1,2,2,2,True,2,3,4,44,15,3,0.0,0.889,2,18.9,11,1,0.0434782608695652,2
306,Barbara Martinez,barbara_martinez,False,32,True,1,7,91,906,16985,5484,14,2,0,1,1,2,1,13,3,13,8,4,8,1,3,1,2,2,2,1,True,2,3,4,35,17,3,0.308,0.615,0,20.966666666666665,10,1,0.0434782608695652,2
307,Elizabeth Rodriguez,elizabeth_rodriguez,False,38,False,1,25,81,849,26707,12061,17,3,7,1,0,1,3,19,2,10,8,0,1,1,0,1,1,2,2,2,True,3,3,3,26,12,4,0.0,0.8,2,16.78333333333333,14,1,0.0434782608695652,1
308,Elizabeth Garcia,elizabeth_garcia,False,58,True,0,1,32,390,17056,5660,13,2,4,0,0,3,2,12,2,5,3,1,2,1,3,0,2,2,3,2,True,4,2,4,30,10,4,0.2,0.6,0,15.766666666666667,10,3,0.1304347826086956,1
309,John Williams,john_williams,False,31,True,1,5,86,691,10077,4821,12,1,1,1,0,3,0,6,4,5,2,0,3,1,2,2,3,2,2,2,True,4,4,3,60,24,3,0.0,0.4,1,16.216666666666665,11,3,0.1304347826086956,1
310,Jennifer Jones,jennifer_jones,False,31,True,1,2,62,106,17822,6410,12,2,8,1,2,2,3,9,1,2,2,1,0,0,0,1,0,2,3,2,True,2,3,4,15,7,4,0.5,1.0,1,21.23333333333333,9,1,0.0434782608695652,2
311,Robert Jones,robert_jones,False,45,True,0,7,97,1249,20308,5210,18,3,2,2,0,2,1,24,2,24,9,9,11,1,0,2,0,2,0,2,True,3,1,2,20,7,4,0.375,0.375,2,14.566666666666666,11,2,0.0869565217391304,2
312,Patricia Rodriguez,patricia_rodriguez,False,31,True,0,2,32,192,7747,2695,18,1,1,1,0,3,0,3,2,2,2,2,2,1,2,2,3,2,1,0,True,4,3,2,17,9,4,1.0,1.0,2,19.58333333333333,11,1,0.0434782608695652,1
313,Elizabeth Rodriguez,elizabeth_rodriguez,False,33,False,1,5,74,553,23364,11878,11,3,5,2,0,3,6,12,2,10,6,8,8,2,3,2,1,2,1,2,True,2,3,2,20,12,4,0.8,0.6,1,23.3,10,1,0.0434782608695652,1
314,Elizabeth Johnson,elizabeth_johnson,False,39,True,1,10,99,117,5355,17068,14,4,5,1,0,0,1,21,3,21,9,11,10,0,2,2,0,2,3,2,True,4,2,4,31,11,3,0.524,0.429,2,18.48333333333333,12,1,0.0434782608695652,2
315,Michael Williams,michael_williams,False,43,False,2,10,33,185,10675,2455,19,1,2,2,0,3,0,9,5,8,7,1,7,0,2,2,3,2,0,2,True,2,5,2,76,27,2,0.125,0.875,0,19.33333333333333,7,1,0.0434782608695652,2
316,James Williams,james_williams,False,49,False,2,1,90,1091,17810,13964,12,4,4,1,0,1,7,25,2,7,1,0,7,0,2,1,2,2,3,2,True,4,3,3,26,11,4,0.0,0.143,0,15.55,13,1,0.0434782608695652,1
317,David Miller,david_miller,True,52,True,1,8,85,723,17747,4941,15,2,1,1,0,3,2,11,3,8,2,7,7,0,2,1,1,2,0,1,True,2,2,2,26,14,4,0.875,0.25,2,20.5,9,1,0.0434782608695652,2
318,Patricia Jones,patricia_jones,False,27,False,2,5,85,1220,20938,2478,12,1,1,1,0,2,1,4,2,4,3,1,2,0,2,2,1,2,1,1,True,4,2,2,18,7,4,0.25,0.75,2,22.066666666666663,9,1,0.0434782608695652,1
319,William Miller,william_miller,False,32,False,1,8,65,588,24624,5228,11,2,0,1,1,1,1,13,2,13,12,11,9,0,2,1,1,2,3,2,True,4,2,3,18,6,4,0.846,0.923,2,22.466666666666665,11,1,0.0434782608695652,2
320,Michael Brown,michael_brown,False,27,True,2,2,74,1377,5242,4478,11,2,0,1,1,2,1,5,3,5,4,0,4,0,3,2,2,2,0,2,True,4,4,3,39,18,3,0.0,0.8,2,22.9,5,1,0.0434782608695652,1
321,Patricia Garcia,patricia_garcia,False,31,True,0,7,73,691,7143,7547,12,2,0,1,1,2,4,13,3,7,7,1,7,3,3,2,3,2,3,2,True,2,4,3,42,25,3,0.143,1.0,0,19.183333333333334,11,1,0.0434782608695652,1
322,William Williams,william_williams,False,32,False,2,2,74,1018,10557,5055,16,2,1,1,0,3,7,10,0,7,7,0,7,0,0,3,3,2,2,1,True,2,4,4,0,0,5,0.0,1.0,1,16.783333333333335,10,5,0.217391304347826,2
323,James Johnson,james_johnson,True,28,True,1,2,84,1157,24737,3464,13,1,1,1,0,3,5,5,4,3,2,2,2,0,0,0,3,2,3,1,True,3,3,4,62,26,2,0.667,0.667,2,20.73333333333333,11,2,0.0869565217391304,1
324,Patricia Johnson,patricia_johnson,False,30,False,1,28,64,1275,11934,5775,13,2,1,1,0,1,1,11,2,10,8,1,9,2,3,2,3,2,3,2,True,1,3,3,19,11,4,0.1,0.8,1,15.316666666666666,8,2,0.0869565217391304,1
325,Linda Garcia,linda_garcia,False,31,False,1,7,48,798,14034,8943,24,3,3,2,0,1,1,10,2,10,9,8,9,1,2,1,2,3,0,2,True,2,2,3,21,11,4,0.8,0.9,0,19.633333333333333,10,1,0.0434782608695652,2
326,William Rodriguez,william_rodriguez,False,39,True,1,7,54,672,21141,19272,15,5,5,2,0,1,1,21,2,21,9,13,3,1,2,1,3,2,0,2,True,3,4,2,20,10,4,0.619,0.429,0,15.566666666666666,10,1,0.0434782608695652,1
327,James Williams,james_williams,True,39,False,1,3,41,1162,17778,5238,18,2,0,1,1,1,4,12,3,1,0,0,0,0,3,2,2,2,0,1,True,4,4,3,33,15,3,0.0,0.0,2,23.83333333333333,9,1,0.0434782608695652,2
328,Linda Davis,linda_davis,False,33,True,2,10,46,508,4317,4682,14,2,0,2,1,2,3,9,6,7,7,0,1,0,1,1,3,2,2,1,True,3,3,4,92,54,2,0.0,1.0,1,17.416666666666668,9,1,0.0434782608695652,2
329,Patricia Davis,patricia_davis,False,47,True,1,5,42,1482,16375,18300,11,5,7,1,0,4,4,21,2,3,2,1,1,1,3,2,2,2,1,2,True,3,3,3,25,13,4,0.333,0.667,0,20.53333333333333,10,1,0.0434782608695652,2
330,William Rodriguez,william_rodriguez,False,43,False,0,10,82,559,6227,5257,11,2,2,2,0,3,1,9,3,9,7,0,0,1,2,1,2,2,1,3,True,2,2,2,42,24,3,0.0,0.778,0,19.766666666666666,11,2,0.0869565217391304,1
331,Barbara Smith,barbara_smith,False,27,True,1,1,73,210,22107,6349,13,2,0,0,1,0,0,6,0,5,4,1,4,1,2,2,1,2,3,2,True,5,3,4,0,0,5,0.2,0.8,2,15.616666666666667,9,2,0.0869565217391304,1
332,John Miller,john_miller,False,54,False,2,20,31,928,16885,4869,12,2,1,2,0,3,3,20,4,4,3,0,3,0,3,2,2,2,3,1,True,2,3,3,33,17,3,0.0,0.75,1,20.28333333333333,11,1,0.0434782608695652,1
333,Barbara Martinez,barbara_martinez,False,43,False,1,7,43,1001,9262,9985,16,3,4,1,0,2,8,10,1,1,0,0,0,1,2,2,0,2,0,1,True,2,1,1,9,3,5,0.0,0.0,2,20.75,15,1,0.0434782608695652,2
334,Barbara Johnson,barbara_johnson,False,45,True,1,8,75,549,9278,3697,14,2,1,1,0,3,9,12,3,10,9,9,8,2,3,2,3,2,0,2,True,2,4,2,37,14,3,0.9,0.9,0,22.73333333333333,11,2,0.0869565217391304,2
335,Elizabeth Williams,elizabeth_williams,False,40,True,1,1,57,1124,13273,7457,22,2,0,1,1,1,2,6,2,4,3,0,2,3,1,0,3,3,2,1,True,4,2,3,28,15,4,0.0,0.75,2,18.6,7,1,0.0434782608695652,2
336,Patricia Johnson,patricia_johnson,True,29,True,1,8,77,318,4759,2119,11,1,2,1,0,3,1,7,4,7,7,0,7,0,1,0,0,2,3,1,True,3,1,3,39,15,3,0.0,1.0,2,15.466666666666669,12,4,0.1739130434782608,2
337,John Jones,john_jones,False,29,True,2,9,30,738,7621,3983,17,1,2,1,0,4,0,4,2,3,2,2,2,0,1,1,3,2,2,2,True,2,3,3,28,13,4,0.667,0.667,0,15.933333333333334,16,1,0.0434782608695652,2
338,Patricia Brown,patricia_brown,False,30,False,0,5,30,570,5431,6118,13,2,0,1,1,2,1,10,2,10,9,1,2,3,3,1,2,2,2,2,True,2,3,2,29,11,4,0.1,0.9,0,21.25,11,1,0.0434782608695652,1
339,Jennifer Garcia,jennifer_garcia,False,27,False,1,8,56,1130,3415,6214,18,2,0,1,1,3,1,8,3,8,7,0,7,1,1,2,1,2,0,2,True,2,3,2,34,19,3,0.0,0.875,2,20.516666666666666,11,1,0.0434782608695652,1
340,Linda Brown,linda_brown,False,37,True,0,5,61,1192,23177,6347,16,2,3,1,0,1,7,8,2,6,2,0,4,2,3,2,3,2,2,1,True,2,3,3,28,9,4,0.0,0.333,1,21.133333333333333,10,1,0.0434782608695652,2
341,Michael Davis,michael_davis,False,38,True,0,15,92,343,15682,11510,14,3,7,1,0,1,0,12,3,11,10,2,9,1,2,1,3,2,1,2,True,4,3,2,34,19,3,0.182,0.909,1,20.616666666666667,9,2,0.0869565217391304,2
342,Robert Rodriguez,robert_rodriguez,False,31,False,2,7,39,1232,25713,7143,14,3,3,1,0,3,1,11,2,11,9,4,10,0,2,2,3,2,2,1,True,4,3,3,27,13,4,0.364,0.818,2,20.933333333333334,9,2,0.0869565217391304,2
343,Elizabeth Miller,elizabeth_miller,False,29,False,0,10,39,144,11866,8268,14,2,0,1,1,0,1,7,2,7,7,1,7,2,3,1,1,2,0,2,True,4,2,1,28,10,4,0.143,1.0,2,14.8,11,2,0.0869565217391304,1
344,David Garcia,david_garcia,False,35,True,2,5,62,1296,18264,8095,13,3,3,1,0,3,0,17,5,16,6,0,13,0,2,2,1,2,3,2,True,2,3,4,80,37,2,0.0,0.375,1,21.016666666666666,10,1,0.0434782608695652,2
345,Robert Smith,robert_smith,False,23,True,0,26,83,1309,16092,2904,12,1,1,1,0,0,1,4,2,4,2,0,2,2,2,2,3,2,2,1,True,2,3,3,22,8,4,0.0,0.5,2,22.75,8,1,0.0434782608695652,1
346,Linda Williams,linda_williams,False,41,True,2,6,95,483,10110,6032,15,2,3,1,0,2,6,8,3,5,4,1,2,0,3,1,1,2,3,2,True,4,2,4,34,13,3,0.2,0.8,1,17.78333333333333,13,1,0.0434782608695652,1
347,David Davis,david_davis,False,47,True,2,4,99,1309,25751,2976,19,2,6,2,1,0,3,5,3,0,0,0,0,0,1,2,2,2,0,2,True,2,4,2,28,11,4,0.0,0.0,0,16.766666666666666,9,2,0.0869565217391304,1
348,William Johnson,william_johnson,False,42,False,2,23,44,810,15901,15992,14,4,7,1,0,4,2,16,2,1,0,0,0,0,0,2,3,2,1,2,True,2,3,3,19,6,4,0.0,0.0,0,20.2,6,1,0.0434782608695652,1
349,James Smith,james_smith,False,29,True,1,2,61,746,16928,4649,14,2,0,0,1,2,1,4,3,4,3,0,2,1,3,2,2,2,0,1,True,3,3,2,41,24,3,0.0,0.75,1,15.816666666666666,11,1,0.0434782608695652,1
350,Jennifer Williams,jennifer_williams,False,42,True,0,2,52,544,24017,2696,11,1,8,1,2,0,0,4,5,3,2,1,0,1,2,2,2,2,2,2,True,4,2,4,77,24,2,0.333,0.667,1,17.833333333333332,8,1,0.0434782608695652,1
351,Elizabeth Davis,elizabeth_davis,False,32,False,1,2,75,1062,3956,2370,13,1,2,1,0,2,1,8,4,8,0,0,7,1,2,2,1,2,2,2,True,2,3,3,45,22,3,0.0,0.0,1,16.933333333333334,11,1,0.0434782608695652,1
352,Michael Jones,michael_jones,False,48,False,1,29,91,530,23978,12504,21,3,5,1,1,0,3,15,3,0,0,0,0,1,0,2,2,3,1,0,True,3,3,3,28,12,4,0.0,0.0,2,25.6,12,2,0.0869565217391304,1
353,Mary Williams,mary_williams,False,37,True,0,6,51,1319,17001,5974,13,2,1,1,0,2,4,13,2,7,7,6,7,2,2,3,0,2,0,2,True,4,2,2,21,10,4,0.857,1.0,2,15.116666666666667,14,2,0.0869565217391304,1
354,John Williams,john_williams,False,30,False,1,25,85,641,6069,4736,12,2,0,0,1,1,7,4,2,2,2,2,2,1,3,2,2,2,1,3,True,4,3,3,23,9,4,1.0,1.0,1,16.166666666666668,11,1,0.0434782608695652,1
355,Patricia Miller,patricia_miller,False,26,True,1,1,57,933,20156,5296,17,2,0,1,1,2,1,8,3,8,7,7,7,1,2,2,2,2,1,2,True,3,4,3,31,16,3,0.875,0.875,0,16.65,13,1,0.0434782608695652,1
356,Jennifer Garcia,jennifer_garcia,False,42,True,2,2,98,1332,17078,6781,23,2,4,1,0,3,3,14,6,1,0,0,0,0,0,1,3,3,1,2,True,1,3,3,59,31,3,0.0,0.0,0,19.566666666666663,9,1,0.0434782608695652,1
357,James Rodriguez,james_rodriguez,True,21,False,2,1,99,756,9150,2174,11,1,6,2,1,0,1,3,3,3,2,1,2,0,0,1,1,2,2,2,True,4,3,3,42,21,3,0.333,0.667,2,19.766666666666666,11,1,0.0434782608695652,2
358,David Martinez,david_martinez,False,36,False,2,1,45,845,15276,6653,15,2,0,0,1,4,4,7,6,1,0,0,0,0,3,2,3,2,1,2,True,2,3,3,48,16,3,0.0,0.0,0,16.266666666666666,9,2,0.0869565217391304,2
359,William Martinez,william_martinez,False,36,True,1,3,48,541,7246,9699,11,3,0,2,1,3,4,16,2,13,9,1,12,1,0,1,3,2,0,2,True,2,3,1,25,12,4,0.077,0.692,1,19.9,11,1,0.0434782608695652,2
360,John Jones,john_jones,False,57,True,1,1,88,593,2967,6755,11,2,4,1,0,3,2,15,2,3,2,1,2,0,3,2,2,2,2,2,True,1,3,3,29,11,4,0.333,0.667,0,15.866666666666667,11,1,0.0434782608695652,2
361,John Smith,john_smith,False,40,False,1,10,46,1171,22495,2213,13,1,2,1,0,3,3,10,3,7,7,1,7,1,3,3,2,2,2,2,True,3,3,4,30,9,4,0.143,1.0,0,19.33333333333333,14,1,0.0434782608695652,2
362,Patricia Brown,patricia_brown,False,21,True,2,9,39,895,2851,2610,24,1,6,0,1,1,1,3,3,3,2,2,2,0,0,2,3,3,2,1,True,2,3,5,38,16,3,0.667,0.667,2,12.183333333333334,9,2,0.0869565217391304,2
363,Linda Williams,linda_williams,True,33,False,2,5,34,350,9150,2851,13,1,6,1,1,2,1,1,2,1,0,0,0,0,3,2,2,2,1,2,True,4,3,3,27,12,4,0.0,0.0,1,13.333333333333334,10,2,0.0869565217391304,1
364,Elizabeth Davis,elizabeth_davis,False,37,False,1,10,98,921,17663,3452,20,1,2,1,0,2,6,17,3,5,4,0,3,1,2,2,0,3,1,2,True,2,2,3,40,18,3,0.0,0.8,1,16.96666666666667,11,2,0.0869565217391304,2
365,Jennifer Smith,jennifer_smith,False,46,False,1,7,30,1144,16044,5258,14,2,3,0,0,3,2,7,2,1,0,0,0,0,2,2,2,2,2,3,True,2,4,3,23,12,4,0.0,0.0,0,12.8,14,3,0.1304347826086956,1
366,Patricia Smith,patricia_smith,True,41,True,2,4,56,143,9558,9355,18,2,0,2,1,2,1,8,5,8,7,7,7,0,0,2,1,2,2,2,True,2,3,3,54,21,3,0.875,0.875,2,23.933333333333334,7,1,0.0434782608695652,1
367,Robert Davis,robert_davis,False,50,True,2,10,100,1046,2755,10496,15,3,4,1,0,2,6,20,2,4,3,1,3,0,3,1,3,2,3,2,True,3,3,4,29,11,4,0.25,0.75,0,18.23333333333333,12,2,0.0869565217391304,1
368,Barbara Smith,barbara_smith,True,40,True,1,22,68,575,6110,6380,12,2,0,1,1,1,2,8,6,6,4,1,0,2,2,1,2,2,0,2,True,4,3,2,84,27,2,0.167,0.667,1,22.516666666666666,14,1,0.0434782608695652,1
369,John Martinez,john_martinez,False,31,True,2,9,42,408,7551,2657,16,1,1,1,0,3,0,3,5,2,2,2,2,0,2,1,1,2,3,2,True,5,3,3,53,27,3,1.0,1.0,2,18.666666666666668,10,1,0.0434782608695652,2
370,William Williams,william_williams,True,21,False,2,12,90,156,25422,2716,15,1,6,1,1,2,1,1,0,1,0,0,0,0,2,3,1,2,3,2,True,2,3,3,0,0,5,0.0,0.0,1,23.78333333333333,10,1,0.0434782608695652,1
371,David Williams,david_williams,False,29,True,2,23,54,1283,18168,2201,16,1,1,1,0,2,9,6,4,3,2,1,2,0,3,2,3,2,3,2,True,2,4,4,34,14,3,0.333,0.667,1,16.75,13,2,0.0869565217391304,1
372,Mary Martinez,mary_martinez,False,35,True,2,9,97,755,19394,6540,19,2,4,1,0,3,9,10,5,1,1,0,0,0,2,1,1,2,2,2,True,2,2,3,44,23,3,0.0,1.0,0,18.35,16,1,0.0434782608695652,2
373,Patricia Garcia,patricia_garcia,False,27,True,0,1,82,1469,17881,3816,11,1,2,1,0,1,1,5,2,5,2,0,4,1,3,2,1,2,1,2,True,3,3,3,25,12,4,0.0,0.4,1,19.716666666666665,10,2,0.0869565217391304,1
374,John Davis,john_davis,False,28,True,2,9,92,304,20750,5253,16,2,0,1,1,3,1,7,1,7,5,0,7,0,1,2,3,2,3,2,True,2,3,3,8,4,5,0.0,0.714,0,16.666666666666668,16,1,0.0434782608695652,2
375,Linda Smith,linda_smith,False,49,True,2,7,31,1261,12066,10965,24,3,4,1,0,2,8,26,2,5,2,0,0,0,1,1,2,3,2,2,True,2,3,4,21,10,4,0.0,0.4,0,17.016666666666666,11,2,0.0869565217391304,2
376,Jennifer Jones,jennifer_jones,False,51,False,1,14,87,1178,14862,4936,11,2,0,1,1,1,4,18,2,7,7,0,7,1,2,2,3,2,2,1,True,2,3,4,28,14,4,0.0,1.0,1,11.55,4,1,0.0434782608695652,1
377,Elizabeth Miller,elizabeth_miller,False,36,False,1,2,96,329,11868,2543,13,1,1,1,0,2,4,6,3,2,2,2,2,1,3,2,2,2,1,2,True,1,2,4,31,15,3,1.0,1.0,0,15.933333333333334,13,2,0.0869565217391304,2
378,William Johnson,william_johnson,True,34,True,2,19,67,1362,4652,5304,13,2,0,0,1,2,8,9,3,5,2,0,4,0,0,3,3,2,1,1,True,3,3,3,42,16,3,0.0,0.4,2,17.216666666666665,9,1,0.0434782608695652,2
379,James Williams,james_williams,False,55,False,2,2,97,1311,23258,16659,13,4,5,1,0,2,2,30,2,5,4,1,2,0,2,2,3,2,2,2,True,4,3,3,28,10,4,0.2,0.8,1,20.366666666666667,13,1,0.0434782608695652,2
380,James Johnson,james_johnson,False,24,False,0,10,77,1371,5915,4260,12,2,0,1,1,3,1,5,2,5,2,0,3,1,3,2,2,2,3,3,True,4,2,3,20,7,4,0.0,0.4,1,13.6,10,1,0.0434782608695652,2
381,James Jones,james_jones,False,30,True,1,2,72,202,17434,2476,18,1,6,1,1,0,1,1,3,1,0,0,0,1,2,2,1,2,0,2,True,3,3,1,41,20,3,0.0,0.0,1,14.1,10,2,0.0869565217391304,2
382,Linda Garcia,linda_garcia,True,26,True,2,3,73,575,6582,3102,22,1,1,2,0,0,0,7,2,6,4,0,4,0,2,2,0,3,2,2,True,1,3,3,28,16,4,0.0,0.667,1,14.6,4,2,0.0869565217391304,1
383,David Williams,david_williams,False,22,False,1,11,43,253,24440,2244,13,1,1,1,0,2,1,2,1,2,1,1,2,1,0,2,1,2,3,2,True,1,3,4,11,5,4,0.5,0.5,2,15.333333333333334,11,2,0.0869565217391304,2
384,Patricia Rodriguez,patricia_rodriguez,False,36,True,1,2,61,164,3809,7596,13,3,0,1,1,1,1,10,2,10,9,9,0,2,1,1,2,2,1,2,True,2,3,3,19,7,4,0.9,0.9,1,16.116666666666667,11,1,0.0434782608695652,2
385,John Garcia,john_garcia,True,30,True,2,4,40,464,3427,2285,23,1,1,2,0,2,9,3,4,1,0,0,0,0,2,2,3,3,2,2,True,4,3,4,49,26,3,0.0,0.0,0,16.65,13,2,0.0869565217391304,2
386,William Brown,william_brown,False,37,False,0,14,95,1107,26914,3034,12,1,2,1,0,2,1,18,2,18,7,12,17,1,3,2,0,2,2,1,True,2,1,3,31,17,3,0.667,0.389,2,16.416666666666668,11,1,0.0434782608695652,1
387,David Brown,david_brown,False,40,False,0,2,46,759,22553,5715,12,2,0,1,1,1,7,8,5,5,4,1,3,2,3,2,1,2,2,2,True,3,2,3,66,37,2,0.2,0.8,1,21.33333333333333,9,1,0.0434782608695652,2
388,Michael Davis,michael_davis,False,42,False,0,1,95,201,20490,2576,16,1,2,1,0,3,3,8,5,5,2,1,2,1,1,2,0,2,1,2,True,2,2,3,47,23,3,0.2,0.4,1,14.8,7,2,0.0869565217391304,1
389,Mary Martinez,mary_martinez,False,37,True,2,10,49,1305,21123,4197,12,2,3,1,0,3,2,18,2,1,0,0,1,0,2,2,1,2,3,1,True,5,4,5,27,15,4,0.0,0.0,2,19.383333333333333,13,1,0.0434782608695652,1
390,Jennifer Jones,jennifer_jones,False,43,True,0,12,59,982,4345,14336,11,4,7,1,0,2,1,25,3,25,10,3,9,1,0,1,1,2,2,2,True,2,1,3,34,10,3,0.12,0.4,1,18.716666666666665,9,1,0.0434782608695652,1
391,Michael Williams,michael_williams,False,40,False,1,2,78,555,13436,3448,22,2,2,1,0,2,6,20,3,1,0,0,0,1,1,1,2,3,1,2,True,2,3,3,38,13,3,0.0,0.0,0,16.566666666666666,10,2,0.0869565217391304,2
392,Patricia Williams,patricia_williams,False,54,True,1,5,86,821,8509,19406,11,5,7,1,0,1,4,24,4,4,2,1,2,1,0,2,0,2,2,1,True,3,2,4,55,18,3,0.25,0.5,2,15.2,9,1,0.0434782608695652,1
393,Mary Rodriguez,mary_rodriguez,False,34,False,1,4,72,1381,12740,6538,15,2,0,0,1,3,9,6,3,3,2,1,2,1,2,2,2,2,0,2,True,2,3,2,36,18,3,0.333,0.667,0,16.5,9,1,0.0434782608695652,1
394,Barbara Williams,barbara_williams,False,31,False,1,7,31,480,4156,4306,12,2,3,1,0,1,1,13,5,13,10,3,12,1,1,2,0,2,1,0,True,2,1,3,73,23,2,0.231,0.769,2,22.133333333333333,13,1,0.0434782608695652,1
395,Michael Martinez,michael_martinez,False,43,True,1,21,61,313,15238,2258,20,1,2,2,0,2,7,8,1,3,2,1,2,1,3,2,3,3,0,2,True,2,4,2,14,6,4,0.333,0.667,0,20.65,9,1,0.0434782608695652,2
396,Linda Martinez,linda_martinez,False,43,False,0,8,74,1473,2227,4522,14,2,4,1,0,3,4,8,3,5,2,0,2,0,2,2,2,2,3,2,True,4,3,3,39,17,3,0.0,0.4,0,16.033333333333335,12,1,0.0434782608695652,2
397,Elizabeth Garcia,elizabeth_garcia,False,25,False,2,4,99,891,12090,4487,11,2,0,1,1,1,1,5,3,5,4,1,3,0,1,1,3,2,1,2,True,4,4,2,28,11,4,0.2,0.8,2,17.766666666666666,9,1,0.0434782608695652,2
398,Jennifer Jones,jennifer_jones,False,37,False,1,25,72,1063,23866,4449,15,2,1,0,0,4,3,15,2,13,11,10,7,2,1,2,2,2,0,2,True,4,3,2,29,16,4,0.769,0.846,2,17.616666666666667,9,2,0.0869565217391304,1
399,David Jones,david_jones,False,31,True,1,1,98,329,16193,2218,12,1,2,1,0,1,1,4,3,4,2,3,2,1,3,1,0,2,2,2,True,2,1,2,46,16,3,0.75,0.5,1,17.6,12,2,0.0869565217391304,2
400,Barbara Miller,barbara_miller,False,39,True,0,1,52,1218,8213,19197,14,5,5,2,0,0,1,21,3,21,8,1,6,1,1,2,2,2,2,2,True,5,4,4,27,11,4,0.048,0.381,2,13.883333333333333,6,1,0.0434782608695652,2
401,Elizabeth Garcia,elizabeth_garcia,False,56,False,1,6,86,906,18256,13212,11,4,0,2,1,2,9,36,0,7,7,7,7,3,2,3,0,2,3,1,True,1,1,4,0,0,5,1.0,1.0,2,18.066666666666663,10,1,0.0434782608695652,1
402,James Rodriguez,james_rodriguez,False,30,False,2,12,83,1082,19558,6577,11,2,0,1,1,2,0,6,6,5,4,4,4,0,1,2,2,2,1,2,True,2,2,3,60,19,3,0.8,0.8,0,18.433333333333334,8,1,0.0434782608695652,2
403,Michael Smith,michael_smith,False,41,True,1,1,49,645,19566,8392,16,3,0,1,1,2,1,10,2,10,7,0,7,1,1,3,0,2,2,2,True,1,2,4,28,14,4,0.0,0.7,1,20.15,11,2,0.0869565217391304,1
404,Mary Smith,mary_smith,False,28,True,0,17,79,1300,13535,4558,12,2,2,1,0,1,1,10,2,10,0,1,8,1,2,2,0,2,3,2,True,2,2,3,28,15,4,0.1,0.0,1,21.133333333333333,5,2,0.0869565217391304,2
405,David Rodriguez,david_rodriguez,True,25,True,1,3,91,688,9396,4031,13,1,2,1,0,2,5,6,5,2,2,0,2,1,0,2,0,2,2,2,True,3,3,2,46,27,3,0.0,1.0,1,18.866666666666667,8,1,0.0434782608695652,2
406,David Garcia,david_garcia,False,52,True,1,3,39,319,19609,7969,14,3,3,1,0,2,2,28,4,5,4,0,4,0,3,1,2,2,2,2,True,4,2,4,60,34,3,0.0,0.8,1,17.116666666666667,14,1,0.0434782608695652,1
407,Michael Johnson,michael_johnson,False,45,True,1,10,69,192,9655,2654,21,1,1,1,0,1,3,8,3,2,2,0,2,2,0,2,3,3,3,1,True,1,4,4,28,11,4,0.0,1.0,1,14.816666666666666,12,1,0.0434782608695652,1
408,William Miller,william_miller,False,52,False,1,4,30,1490,10310,16555,13,4,5,1,0,1,2,31,2,5,2,1,4,0,3,2,3,2,3,0,True,2,3,3,29,14,4,0.2,0.4,1,24.866666666666667,8,2,0.0869565217391304,1
409,Michael Garcia,michael_garcia,False,42,False,0,29,92,532,12932,4556,11,2,1,2,0,1,2,19,3,5,4,0,2,1,0,2,2,2,1,2,True,2,3,3,35,11,3,0.0,0.8,1,19.683333333333334,5,1,0.0434782608695652,2
410,Jennifer Johnson,jennifer_johnson,False,30,False,2,2,43,317,24793,6091,20,2,3,1,0,2,2,11,2,5,4,0,2,0,2,0,3,3,2,2,True,2,3,5,21,8,4,0.0,0.8,0,19.95,9,2,0.0869565217391304,2
411,Robert Garcia,robert_garcia,False,60,False,1,7,41,422,3854,19566,11,5,5,1,0,2,5,33,5,29,8,11,10,0,0,2,0,2,3,0,True,3,2,4,46,15,3,0.379,0.276,2,21.383333333333333,11,1,0.0434782608695652,2
412,William Rodriguez,william_rodriguez,False,46,False,0,18,87,1485,26314,4810,14,2,3,1,0,2,2,19,5,10,7,0,8,1,2,2,2,2,2,1,True,2,3,4,47,19,3,0.0,0.7,1,21.116666666666667,12,1,0.0434782608695652,2
413,Jennifer Williams,jennifer_williams,False,42,False,1,28,88,1368,4386,4523,11,2,4,2,0,3,0,7,4,6,5,0,4,3,3,1,3,2,3,3,True,2,3,3,53,30,3,0.0,0.833,0,19.666666666666668,10,1,0.0434782608695652,2
414,Linda Brown,linda_brown,True,24,False,2,1,62,1448,21972,3202,16,1,6,1,1,0,1,6,4,5,3,1,4,0,0,2,1,2,1,2,True,3,2,2,50,20,3,0.2,0.6,2,15.083333333333334,11,2,0.0869565217391304,2
415,Patricia Jones,patricia_jones,True,34,False,0,6,33,296,12253,2351,16,1,6,2,1,1,0,3,3,2,2,1,0,1,3,0,2,2,3,1,True,2,1,4,27,13,4,0.5,1.0,1,18.33333333333333,8,1,0.0434782608695652,1
416,Robert Brown,robert_brown,False,38,True,1,2,42,1490,12106,1702,23,1,2,2,0,1,1,1,3,1,0,0,0,1,3,2,3,3,2,2,True,5,3,4,27,12,4,0.0,0.0,1,27.116666666666667,11,1,0.0434782608695652,2
417,Elizabeth Brown,elizabeth_brown,False,40,False,1,2,79,1398,13022,18041,14,5,5,1,1,3,0,21,2,20,15,1,12,0,2,2,2,2,3,2,True,2,3,3,17,7,4,0.05,0.75,0,20.4,13,1,0.0434782608695652,1
418,Jennifer Johnson,jennifer_johnson,False,26,False,0,23,90,1349,3032,2886,22,1,1,1,0,2,1,3,3,3,2,0,2,2,0,2,3,3,1,0,True,1,4,4,42,25,3,0.0,0.667,1,16.2,14,2,0.0869565217391304,1
419,David Martinez,david_martinez,False,30,True,1,3,53,1400,16734,2097,15,1,2,0,0,2,4,9,3,5,3,1,4,1,2,2,3,2,2,0,True,2,4,2,41,16,3,0.2,0.6,0,17.016666666666666,8,1,0.0434782608695652,1
420,John Martinez,john_martinez,False,29,True,1,3,93,986,21526,11935,18,3,7,1,0,3,1,10,2,10,2,0,7,0,1,1,2,2,2,2,True,1,3,2,17,8,4,0.0,0.2,0,22.916666666666664,12,1,0.0434782608695652,1
421,William Brown,william_brown,True,29,False,1,25,71,408,18300,2546,16,1,1,1,0,4,5,6,2,2,2,1,1,0,2,1,1,2,1,3,True,1,2,2,25,11,4,0.5,1.0,2,17.383333333333333,15,2,0.0869565217391304,2
422,Robert Johnson,robert_johnson,True,19,True,2,2,52,489,18437,2564,12,1,8,1,2,1,1,1,3,1,0,0,0,0,0,1,3,2,2,3,True,1,3,3,26,8,4,0.0,0.0,0,15.95,10,1,0.0434782608695652,2
423,David Garcia,david_garcia,False,30,False,1,22,69,1398,2890,8412,11,3,0,0,1,3,0,10,3,9,8,7,8,0,2,2,0,2,2,2,True,2,2,4,46,21,3,0.778,0.889,2,18.966666666666665,9,1,0.0434782608695652,1
424,John Rodriguez,john_rodriguez,False,57,True,0,29,56,210,22102,14118,12,4,5,1,1,2,3,32,3,1,0,0,0,1,0,1,3,2,2,1,True,2,3,3,46,25,3,0.0,0.0,2,18.1,13,2,0.0869565217391304,1
425,David Smith,david_smith,False,50,True,1,29,88,1099,9314,17046,15,4,5,1,0,3,0,28,2,27,10,15,7,1,1,1,2,2,1,2,True,2,2,3,27,9,4,0.556,0.37,1,18.616666666666667,11,1,0.0434782608695652,2
426,James Williams,james_williams,False,30,False,2,2,49,1116,7181,2564,14,1,2,0,0,2,0,12,2,11,7,6,7,0,2,2,3,2,2,1,True,2,3,2,31,10,3,0.545,0.636,1,19.96666666666667,7,1,0.0434782608695652,2
427,William Davis,william_davis,False,60,False,1,28,80,1499,2845,10266,19,3,0,2,1,2,4,22,5,18,13,13,11,0,2,1,0,2,3,3,True,1,1,4,72,25,2,0.722,0.722,2,17.03333333333333,11,1,0.0434782608695652,2
428,David Davis,david_davis,False,47,False,0,2,65,983,7389,5070,13,2,3,1,0,1,5,20,2,5,0,0,4,3,0,2,3,2,2,2,True,2,4,3,29,15,4,0.0,0.0,0,17.883333333333333,12,1,0.0434782608695652,1
429,Linda Garcia,linda_garcia,False,46,True,1,2,51,1009,2288,17861,13,4,7,1,0,2,6,26,2,3,2,0,1,0,0,2,2,2,2,0,True,1,3,2,25,13,4,0.0,0.667,1,16.566666666666666,8,1,0.0434782608695652,1
430,John Garcia,john_garcia,False,35,True,2,22,46,144,19225,4230,15,1,2,1,0,2,0,6,2,5,4,4,3,0,3,0,2,2,2,2,True,2,2,3,21,10,4,0.8,0.8,0,21.35,14,1,0.0434782608695652,1
431,William Johnson,william_johnson,False,54,False,2,8,42,548,23428,3780,11,2,2,1,0,3,7,19,3,1,0,0,0,0,2,2,2,2,2,2,True,1,2,3,29,13,4,0.0,0.0,0,20.7,9,2,0.0869565217391304,2
432,Patricia Williams,patricia_williams,False,34,True,0,2,62,1303,8416,2768,12,1,1,1,0,3,3,14,3,7,3,5,7,1,3,1,2,2,2,2,True,1,2,3,32,18,3,0.714,0.429,0,15.233333333333334,9,1,0.0434782608695652,1
433,Patricia Smith,patricia_smith,False,46,False,1,10,94,1125,11563,9071,19,3,0,1,1,2,2,15,3,3,2,1,2,1,2,1,3,2,2,2,True,3,3,3,39,21,3,0.333,0.667,0,20.933333333333334,12,2,0.0869565217391304,2
434,Mary Garcia,mary_garcia,False,31,True,0,9,33,1274,14394,10648,25,3,3,1,0,0,1,13,6,13,8,0,8,1,2,2,1,3,3,3,True,2,2,4,56,30,3,0.0,0.615,0,15.733333333333334,6,1,0.0434782608695652,2
435,Elizabeth Martinez,elizabeth_martinez,True,33,True,1,15,56,1277,24619,13610,12,3,5,1,0,0,7,15,2,7,6,7,7,0,1,2,2,2,3,3,True,4,3,4,20,11,4,1.0,0.857,2,15.833333333333334,14,1,0.0434782608695652,2
436,Patricia Johnson,patricia_johnson,True,33,True,0,10,38,587,6705,3408,13,1,2,1,0,0,7,8,2,4,3,1,3,3,0,0,3,2,0,2,True,2,2,2,23,11,4,0.25,0.75,0,12.75,13,2,0.0869565217391304,2
437,Robert Brown,robert_brown,False,30,True,2,7,57,413,18398,2983,14,1,6,1,1,0,0,4,3,3,2,1,2,0,3,2,1,2,0,2,True,2,3,3,30,13,4,0.333,0.667,1,16.35,10,2,0.0869565217391304,2
438,Michael Rodriguez,michael_rodriguez,False,35,True,1,16,72,1276,14295,7632,12,3,4,1,0,2,4,10,2,8,7,0,0,0,3,2,2,2,2,2,True,4,2,3,25,14,4,0.0,0.875,1,20.15,13,1,0.0434782608695652,1
439,Robert Miller,robert_miller,True,31,True,1,20,66,534,22908,9824,12,3,4,2,0,2,3,12,2,1,0,0,0,0,0,2,2,2,0,2,True,3,3,3,31,18,3,0.0,0.0,0,19.966666666666665,11,2,0.0869565217391304,1
440,John Martinez,john_martinez,True,34,False,0,23,43,988,11533,9950,15,3,8,2,2,2,9,11,2,3,2,0,2,3,1,2,0,2,2,2,True,5,2,2,28,9,4,0.0,0.667,2,21.933333333333334,15,1,0.0434782608695652,1
441,Jennifer Jones,jennifer_jones,False,42,True,1,5,97,1474,9260,2093,17,1,2,2,0,1,4,8,4,2,2,2,0,1,1,2,2,2,3,2,True,2,3,5,53,17,3,1.0,1.0,0,19.15,12,1,0.0434782608695652,2
442,William Smith,william_smith,False,36,True,2,10,32,635,15318,9980,14,3,0,0,1,3,1,10,3,10,3,9,7,0,1,2,3,2,3,1,True,2,4,4,38,22,3,0.9,0.3,2,17.766666666666666,12,3,0.1304347826086956,2
443,William Martinez,william_martinez,True,22,True,2,4,99,1368,9129,3894,16,1,2,2,0,0,5,4,3,2,2,1,2,0,2,1,2,2,2,2,True,2,3,3,36,14,3,0.5,1.0,0,20.03333333333333,8,3,0.1304347826086956,2
444,Elizabeth Garcia,elizabeth_garcia,False,48,False,1,2,37,163,19658,4051,14,2,0,1,1,4,2,14,2,9,7,6,7,1,1,2,3,2,0,2,True,2,3,2,19,11,4,0.667,0.778,1,19.75,11,2,0.0869565217391304,2
445,Linda Williams,linda_williams,False,55,False,2,18,83,1117,9873,16835,23,4,5,1,1,4,3,37,2,10,9,7,7,0,0,2,1,3,3,2,True,2,2,4,30,12,4,0.7,0.9,2,17.816666666666666,9,2,0.0869565217391304,1
446,Mary Garcia,mary_garcia,False,41,True,2,10,56,267,13430,6230,14,2,0,0,1,1,7,16,3,14,3,1,10,0,3,2,3,2,3,2,True,2,2,5,30,10,4,0.071,0.214,0,20.08333333333333,12,1,0.0434782608695652,2
447,Barbara Brown,barbara_brown,False,35,True,1,1,85,619,18659,4717,11,2,0,1,1,2,9,15,2,11,9,6,9,0,1,2,2,2,2,2,True,1,3,4,17,6,4,0.545,0.818,1,16.133333333333333,13,1,0.0434782608695652,1
448,Patricia Brown,patricia_brown,False,40,False,2,6,75,302,20364,13237,15,4,3,1,0,2,7,22,3,20,6,5,13,0,1,2,2,2,2,2,True,1,3,3,42,15,3,0.25,0.3,0,17.75,11,2,0.0869565217391304,2
449,Elizabeth Rodriguez,elizabeth_rodriguez,False,39,False,1,8,48,443,17872,3755,11,1,2,2,0,0,1,8,3,8,3,0,7,1,2,2,2,2,0,2,True,2,4,1,28,10,4,0.0,0.375,0,17.1,12,1,0.0434782608695652,1
450,Michael Smith,michael_smith,False,31,True,2,2,77,828,8346,6582,13,2,0,1,1,0,4,10,2,6,5,0,5,0,1,2,3,2,2,3,True,4,3,4,22,10,4,0.0,0.833,1,19.083333333333336,11,1,0.0434782608695652,2
451,Patricia Johnson,patricia_johnson,False,42,True,1,24,56,319,6950,7406,21,3,3,1,0,2,1,10,5,10,9,5,8,1,3,2,0,3,3,1,True,4,1,5,41,21,3,0.5,0.9,2,21.15,9,2,0.0869565217391304,2
452,Barbara Williams,barbara_williams,False,45,True,1,2,61,561,16177,4805,19,2,0,1,1,2,0,9,3,8,7,3,7,1,3,2,1,2,1,3,True,2,2,3,27,16,4,0.375,0.875,1,19.35,9,3,0.1304347826086956,2
453,David Davis,david_davis,True,26,False,0,17,58,426,22808,2741,11,1,8,2,2,3,0,8,2,7,7,1,0,1,1,2,2,2,1,1,True,3,4,3,19,8,4,0.143,1.0,2,20.416666666666668,13,1,0.0434782608695652,1
454,Barbara Jones,barbara_jones,False,29,True,0,19,34,232,22645,4262,12,2,3,1,0,2,4,8,2,3,2,1,2,2,3,2,3,2,1,3,True,2,3,2,17,8,4,0.333,0.667,0,19.7,10,2,0.0869565217391304,2
455,Barbara Jones,barbara_jones,False,33,False,0,1,95,922,22578,16184,19,4,7,1,0,4,4,10,2,6,1,0,5,1,0,3,2,2,2,2,True,2,3,4,27,12,4,0.0,0.167,0,20.25,11,1,0.0434782608695652,2
456,Patricia Garcia,patricia_garcia,False,31,True,0,7,44,688,25291,11557,21,3,5,1,1,2,9,10,3,5,4,0,1,1,2,1,3,3,2,1,True,2,3,5,44,20,3,0.0,0.8,1,21.48333333333333,8,1,0.0434782608695652,1
457,Barbara Brown,barbara_brown,True,18,True,2,5,69,1306,8059,1878,14,1,6,2,1,2,1,0,3,0,0,0,0,0,1,2,1,2,3,2,True,4,3,4,33,15,3,0.0,0.0,2,16.15,12,2,0.0869565217391304,2
458,John Garcia,john_garcia,False,40,True,0,28,58,1094,11373,10932,15,3,0,0,1,2,3,20,2,1,0,0,1,1,2,0,0,2,2,2,True,2,1,4,30,9,4,0.0,0.0,1,25.35,12,1,0.0434782608695652,2
459,John Miller,john_miller,False,41,False,2,2,62,509,2112,6811,17,2,4,0,0,3,2,10,3,8,7,0,7,0,0,1,2,2,0,2,True,4,3,2,29,9,4,0.0,0.875,2,15.983333333333334,14,1,0.0434782608695652,2
460,Barbara Martinez,barbara_martinez,False,26,True,0,29,45,775,4267,4306,12,2,0,1,1,1,5,8,5,0,0,0,0,2,0,2,2,2,0,2,True,2,4,1,53,17,3,0.0,0.0,1,20.566666666666663,11,1,0.0434782608695652,2
461,William Martinez,william_martinez,False,35,False,2,1,80,195,6698,4859,16,2,0,1,1,2,1,5,3,5,4,0,3,0,0,2,2,2,3,2,True,2,2,3,28,9,4,0.0,0.8,0,15.016666666666666,12,1,0.0434782608695652,2
462,Elizabeth Johnson,elizabeth_johnson,False,34,True,2,21,74,258,19921,5337,12,2,0,1,1,3,1,10,3,10,7,5,7,0,3,3,3,2,3,2,True,2,4,4,39,20,3,0.5,0.7,0,18.766666666666666,13,1,0.0434782608695652,2
463,David Martinez,david_martinez,True,26,True,2,24,66,471,23213,2340,18,1,2,1,0,2,1,1,3,1,0,0,0,0,2,0,3,2,1,0,True,4,3,3,34,12,3,0.0,0.0,2,19.55,10,1,0.0434782608695652,2
464,Patricia Johnson,patricia_johnson,False,37,False,2,1,59,799,23848,7491,17,3,3,1,0,2,4,12,3,6,5,1,2,0,1,2,3,2,3,3,True,2,3,4,39,22,3,0.167,0.833,0,17.983333333333334,12,2,0.0869565217391304,2
465,William Brown,william_brown,False,46,False,1,18,86,1034,8984,10527,11,3,4,2,0,0,5,28,3,2,2,1,2,0,0,2,2,2,3,1,True,2,3,4,42,24,3,0.5,1.0,1,18.33333333333333,8,3,0.1304347826086956,2
466,Jennifer Smith,jennifer_smith,False,41,False,1,2,91,1276,5626,16595,16,4,5,1,1,4,7,22,2,18,16,11,8,1,1,2,0,2,1,2,True,3,2,3,25,15,4,0.611,0.889,2,20.366666666666667,13,1,0.0434782608695652,2
467,Michael Davis,michael_davis,False,37,True,0,9,69,142,24666,8834,13,3,0,0,1,3,1,9,6,9,5,7,7,1,0,2,1,2,3,2,True,2,2,4,78,45,2,0.778,0.556,2,12.85,12,1,0.0434782608695652,1
468,Jennifer Williams,jennifer_williams,False,52,True,0,6,78,956,22087,5577,12,2,1,1,0,1,3,18,3,10,9,6,9,2,3,2,0,2,1,2,True,4,2,3,46,18,3,0.6,0.9,2,12.516666666666667,6,1,0.0434782608695652,2
469,Michael Smith,michael_smith,True,32,True,1,11,60,1474,23914,4707,12,2,0,0,1,3,8,6,2,4,2,1,2,0,3,3,2,2,3,2,True,2,4,3,21,10,4,0.25,0.5,0,24.266666666666666,12,2,0.0869565217391304,1
470,Barbara Davis,barbara_davis,False,24,True,1,24,38,535,5530,2400,13,1,6,2,1,2,0,3,3,2,2,2,1,2,3,2,3,2,2,2,True,1,4,3,33,12,3,1.0,1.0,0,17.45,11,1,0.0434782608695652,1
471,Patricia Williams,patricia_williams,False,38,False,1,10,76,1495,22174,9824,19,2,4,1,0,2,3,18,4,1,0,0,0,1,2,2,2,2,2,2,True,2,3,4,55,30,3,0.0,0.0,0,19.8,11,3,0.1304347826086956,2
472,William Davis,william_davis,False,37,False,1,1,65,446,15701,6447,12,2,3,1,0,3,6,8,2,6,5,4,3,1,1,2,1,2,1,1,True,2,4,3,26,15,4,0.667,0.833,2,19.183333333333334,13,1,0.0434782608695652,2
473,Linda Smith,linda_smith,False,49,True,0,18,58,1245,2125,19502,17,5,7,1,0,3,1,31,5,31,9,0,9,1,3,1,2,2,2,2,True,5,3,4,47,26,3,0.0,0.29,1,20.316666666666663,12,1,0.0434782608695652,1
474,Jennifer Smith,jennifer_smith,False,24,True,1,23,89,691,21630,2725,11,1,1,1,0,2,1,6,3,6,5,1,4,2,1,3,3,2,1,2,True,4,3,3,33,14,3,0.167,0.833,2,21.65,9,1,0.0434782608695652,2
475,Robert Martinez,robert_martinez,False,26,True,1,28,66,703,7428,6272,20,2,0,1,1,1,1,6,5,5,3,1,4,2,0,2,1,3,3,3,True,2,2,4,59,31,3,0.2,0.6,2,19.05,7,1,0.0434782608695652,2
476,Patricia Davis,patricia_davis,False,24,True,1,17,94,823,9100,2127,21,1,2,1,0,1,1,1,2,1,0,0,0,1,3,1,1,3,3,2,True,2,3,4,23,8,4,0.0,0.0,1,18.766666666666666,10,1,0.0434782608695652,1
477,James Davis,james_davis,False,50,True,1,3,99,1246,7999,18200,11,5,5,2,2,2,1,32,2,32,5,10,7,1,0,2,1,2,2,2,True,3,2,3,19,6,4,0.312,0.156,2,14.383333333333333,11,3,0.1304347826086956,1
478,Barbara Smith,barbara_smith,False,25,True,1,13,40,622,26376,2096,11,1,6,1,1,0,1,7,1,7,4,0,6,0,1,2,2,2,2,2,True,2,4,3,15,8,4,0.0,0.571,0,19.9,14,1,0.0434782608695652,1
479,William Jones,william_jones,True,24,False,1,7,55,1287,14168,2886,16,1,2,2,0,2,1,6,4,6,3,1,2,1,0,2,2,2,3,2,True,4,3,4,56,24,3,0.167,0.5,2,18.7,12,1,0.0434782608695652,2
480,William Rodriguez,william_rodriguez,True,30,True,1,12,74,448,14470,2033,18,1,6,2,1,3,1,1,2,1,0,0,0,1,1,1,0,2,2,3,True,2,1,3,24,14,4,0.0,0.0,1,22.266666666666666,10,2,0.0869565217391304,1
481,Michael Rodriguez,michael_rodriguez,False,34,True,1,1,83,254,22794,3622,13,1,1,1,0,1,1,6,3,6,5,1,3,1,1,1,3,2,3,2,True,4,3,4,40,13,3,0.167,0.833,1,19.916666666666668,14,1,0.0434782608695652,2
482,William Johnson,william_johnson,True,31,True,0,13,46,1365,11512,4233,17,2,0,1,1,3,2,9,2,3,1,1,2,0,1,2,0,2,2,0,True,2,2,3,30,17,4,0.333,0.333,2,15.916666666666666,12,1,0.0434782608695652,2
483,Jennifer Miller,jennifer_miller,False,35,True,2,25,54,538,14004,3681,14,2,2,1,0,1,4,9,3,3,2,0,2,0,0,1,3,2,3,2,True,2,3,2,27,12,4,0.0,0.667,1,18.85,4,2,0.0869565217391304,2
484,Robert Johnson,robert_johnson,False,31,True,0,6,66,525,6219,5460,22,2,0,1,1,3,4,13,4,7,7,5,7,2,0,3,3,3,3,3,True,2,5,4,40,22,3,0.714,1.0,0,16.633333333333333,14,2,0.0869565217391304,2
485,Michael Jones,michael_jones,False,27,False,0,6,66,798,5013,2187,12,1,1,1,0,3,0,6,5,5,3,0,3,2,0,1,2,2,2,1,True,1,3,3,62,34,2,0.0,0.6,1,21.48333333333333,14,1,0.0434782608695652,1
486,Elizabeth Miller,elizabeth_miller,False,37,True,1,2,75,558,3010,9602,11,2,0,1,1,2,4,17,3,3,0,1,0,1,3,2,2,2,2,1,True,3,3,3,43,25,3,0.333,0.0,1,19.866666666666667,11,1,0.0434782608695652,2
487,Michael Brown,michael_brown,False,20,False,2,1,83,959,11757,2836,13,1,1,1,0,2,1,1,0,1,0,0,0,0,3,1,1,2,3,3,True,1,3,3,0,0,5,0.0,0.0,1,18.8,13,1,0.0434782608695652,1
488,John Jones,john_jones,False,42,False,1,2,81,622,5718,4089,13,2,4,1,0,3,1,10,4,10,2,2,2,2,2,2,3,2,1,2,True,2,4,3,63,37,2,0.2,0.2,0,19.96666666666667,14,1,0.0434782608695652,1
489,Jennifer Johnson,jennifer_johnson,False,43,True,0,6,50,782,2671,16627,14,4,7,1,0,3,4,21,3,1,0,0,0,1,1,1,3,2,2,1,True,4,3,3,35,12,3,0.0,0.0,2,17.4,12,1,0.0434782608695652,2
490,Linda Garcia,linda_garcia,False,38,False,2,1,43,362,14561,2619,17,1,1,1,0,0,3,8,3,0,0,0,0,0,2,2,0,2,3,1,True,1,3,4,33,11,3,0.0,0.0,2,15.033333333333331,11,1,0.0434782608695652,2
491,William Martinez,william_martinez,False,43,True,0,9,72,1001,19627,5679,13,2,2,2,0,4,3,10,3,8,7,4,7,1,3,2,2,2,1,2,True,5,3,3,31,13,3,0.5,0.875,0,25.166666666666668,11,1,0.0434782608695652,1
492,Michael Jones,michael_jones,False,48,False,1,1,40,1236,17997,15402,11,4,5,1,0,3,7,21,3,3,2,0,2,1,3,1,0,2,0,0,True,1,1,2,28,15,4,0.0,0.667,2,16.133333333333333,13,1,0.0434782608695652,2
493,John Jones,john_jones,False,44,False,2,1,50,1112,26894,5985,11,2,8,1,2,3,4,10,1,2,2,0,2,0,0,1,2,2,1,3,True,2,1,3,14,6,4,0.0,1.0,0,22.633333333333333,6,2,0.0869565217391304,2
494,James Jones,james_jones,False,34,False,0,14,31,204,2912,2579,18,1,6,1,1,2,1,8,3,8,2,0,6,2,2,2,2,2,3,2,True,4,2,2,47,26,3,0.0,0.25,1,16.083333333333332,11,1,0.0434782608695652,1
495,James Martinez,james_martinez,True,27,True,0,2,85,1420,16346,3041,11,1,6,1,1,0,0,5,3,4,3,0,2,1,2,2,0,2,1,2,True,2,3,2,34,18,3,0.0,0.75,1,18.816666666666663,16,1,0.0434782608695652,2
496,William Davis,william_davis,False,21,True,2,22,49,1343,24444,3447,11,1,6,1,1,0,1,3,2,3,2,1,2,0,2,2,2,2,2,2,True,2,4,3,31,11,3,0.333,0.667,0,18.0,11,1,0.0434782608695652,2
497,Barbara Davis,barbara_davis,False,44,True,1,3,35,1315,9358,19513,12,5,5,1,0,3,4,26,2,2,2,0,1,1,3,2,3,2,0,3,True,4,4,2,29,17,4,0.0,1.0,1,15.383333333333333,10,1,0.0434782608695652,2
498,John Davis,john_davis,False,22,True,1,6,69,604,12145,2773,20,1,1,1,0,0,0,3,3,2,2,2,2,0,0,2,2,3,3,2,True,2,2,5,36,11,3,1.0,1.0,0,17.96666666666667,10,1,0.0434782608695652,1
499,James Brown,james_brown,False,33,True,0,8,39,1216,20431,7104,12,2,0,1,1,3,0,6,3,5,0,1,2,0,2,2,2,2,3,2,True,1,2,4,40,23,3,0.2,0.0,0,16.516666666666666,8,1,0.0434782608695652,1
500,David Rodriguez,david_rodriguez,False,32,False,1,9,92,646,18089,6322,12,2,1,1,0,3,1,6,2,6,4,0,5,1,0,2,3,2,3,1,True,5,3,4,23,9,4,0.0,0.667,2,20.766666666666666,9,1,0.0434782608695652,1
501,Michael Martinez,michael_martinez,False,30,False,0,3,71,160,22653,2083,20,1,1,2,0,2,1,1,2,1,0,0,0,1,2,2,2,3,2,2,True,2,2,4,25,11,4,0.0,0.0,0,14.066666666666666,13,2,0.0869565217391304,1
502,Linda Williams,linda_williams,False,53,False,2,1,34,238,7507,8381,20,2,0,1,1,0,7,18,2,14,7,8,10,0,3,2,0,3,3,3,True,1,3,4,17,7,4,0.571,0.5,2,16.716666666666665,8,1,0.0434782608695652,1
503,Elizabeth Garcia,elizabeth_garcia,False,34,True,1,1,42,1397,7660,2691,12,1,1,1,0,4,1,10,4,10,9,8,8,1,1,2,3,2,3,1,True,2,5,4,54,19,3,0.8,0.9,2,19.183333333333334,16,2,0.0869565217391304,2
504,James Johnson,james_johnson,True,45,False,1,26,100,306,5630,4286,14,2,0,2,1,3,2,5,4,1,1,0,0,2,0,2,0,2,3,2,True,3,1,4,34,14,3,0.0,1.0,1,23.23333333333333,9,2,0.0869565217391304,2
505,Barbara Johnson,barbara_johnson,False,26,False,1,6,71,991,17759,2659,13,1,2,1,0,2,1,3,2,3,2,0,2,1,2,2,3,2,2,2,True,4,3,3,29,10,4,0.0,0.667,1,18.916666666666668,14,2,0.0869565217391304,1
506,John Smith,john_smith,False,37,True,1,3,36,482,9606,9434,15,3,3,1,0,2,1,10,2,10,7,7,8,1,2,2,2,2,2,2,True,2,2,3,29,10,4,0.7,0.7,0,24.53333333333333,11,1,0.0434782608695652,1
507,William Brown,william_brown,False,29,False,1,3,62,1176,3487,5561,14,2,0,1,1,1,1,6,5,6,0,1,2,1,1,2,2,2,0,1,True,2,3,3,49,17,3,0.167,0.0,1,20.98333333333333,16,2,0.0869565217391304,1
508,William Smith,william_smith,False,35,True,2,6,82,1017,19368,6646,13,2,1,1,0,3,1,17,3,17,11,11,8,0,1,0,3,2,1,2,True,2,3,3,32,14,3,0.647,0.647,0,15.483333333333333,10,1,0.0434782608695652,1
509,David Rodriguez,david_rodriguez,False,33,True,0,6,30,1296,5335,7725,23,2,4,2,0,2,3,15,2,13,11,4,7,1,2,2,3,3,2,0,True,2,4,4,24,13,4,0.308,0.846,1,20.816666666666663,10,1,0.0434782608695652,2
510,Jennifer Garcia,jennifer_garcia,False,54,True,1,19,88,397,6729,10725,15,3,8,1,2,3,2,16,1,9,7,7,1,1,2,2,1,2,2,3,True,2,3,3,13,6,4,0.778,0.778,1,19.633333333333333,9,1,0.0434782608695652,1
511,Robert Brown,robert_brown,False,36,True,0,9,48,913,13934,8847,11,2,3,1,0,1,2,13,2,3,2,0,2,1,1,1,1,2,2,2,True,4,2,4,21,12,4,0.0,0.667,2,17.966666666666665,9,2,0.0869565217391304,1
512,Barbara Davis,barbara_davis,False,27,True,2,3,54,1115,15174,2045,13,1,1,1,0,3,0,5,0,4,2,1,1,0,0,1,3,2,3,2,True,2,4,3,0,0,5,0.25,0.5,1,17.0,13,1,0.0434782608695652,2
513,William Smith,william_smith,True,20,True,2,10,32,1362,26999,1009,11,1,1,1,0,0,1,1,5,1,0,1,1,0,3,2,2,2,3,2,True,4,3,3,52,26,3,1.0,0.0,1,15.766666666666666,13,1,0.0434782608695652,2
514,John Rodriguez,john_rodriguez,True,33,True,2,3,70,1076,3164,3348,11,1,1,2,0,2,1,10,3,10,8,9,7,0,0,2,0,2,0,2,True,4,2,2,25,13,4,0.9,0.8,2,17.883333333333333,12,1,0.0434782608695652,1
515,Robert Smith,robert_smith,False,35,True,1,3,41,727,16900,1281,18,1,2,0,0,2,1,1,3,1,0,0,0,2,2,1,2,2,2,2,True,2,2,3,24,10,4,0.0,0.0,0,19.916666666666668,11,1,0.0434782608695652,2
516,William Brown,william_brown,False,23,True,1,4,58,885,8544,2819,16,1,1,1,0,2,2,5,3,3,2,0,2,1,0,3,0,2,0,3,True,1,3,3,26,13,4,0.0,0.667,2,21.73333333333333,7,1,0.0434782608695652,1
517,Jennifer Brown,jennifer_brown,False,25,True,1,8,57,810,15678,4851,22,2,0,1,1,2,0,4,4,3,2,1,2,1,3,3,1,3,2,2,True,2,3,3,57,18,3,0.333,0.667,1,20.916666666666668,11,2,0.0869565217391304,1
518,John Miller,john_miller,False,38,False,2,7,46,243,7791,4028,20,2,0,1,1,3,0,8,2,7,7,0,5,0,3,1,3,3,0,2,True,3,3,3,31,17,3,0.0,1.0,0,17.1,12,1,0.0434782608695652,2
519,Elizabeth Smith,elizabeth_smith,False,29,True,0,1,76,806,18959,2720,18,1,1,2,0,3,1,10,5,10,7,2,8,1,1,0,3,2,3,2,True,2,2,4,57,30,3,0.2,0.7,0,24.166666666666668,14,1,0.0434782608695652,1
520,Robert Brown,robert_brown,False,48,True,1,2,56,817,18597,8120,12,2,0,1,1,0,3,12,3,2,2,2,2,0,1,3,1,2,3,2,True,2,3,4,36,13,3,1.0,1.0,1,17.383333333333333,10,2,0.0869565217391304,1
521,Jennifer Garcia,jennifer_garcia,False,27,False,0,3,71,1410,16673,4647,20,2,0,2,1,0,1,6,3,6,5,0,4,2,3,3,3,3,1,2,True,4,4,2,28,15,4,0.0,0.833,1,16.766666666666666,12,1,0.0434782608695652,1
522,Robert Smith,robert_smith,False,37,True,2,10,80,1225,15232,4680,17,1,1,1,0,1,3,4,2,1,0,0,0,0,3,3,3,2,0,2,True,2,4,1,25,8,4,0.0,0.0,0,15.466666666666669,9,2,0.0869565217391304,2
523,Jennifer Williams,jennifer_williams,False,50,True,1,28,74,1207,3297,3221,11,1,2,1,0,0,1,20,3,20,8,3,8,3,3,3,2,2,2,2,True,4,3,3,27,10,4,0.15,0.4,1,14.816666666666666,14,2,0.0869565217391304,2
524,Elizabeth Smith,elizabeth_smith,False,34,False,2,9,46,1442,17654,8621,14,3,4,1,0,2,1,9,3,8,7,7,7,0,3,1,1,2,1,3,True,2,2,2,39,12,3,0.875,0.875,1,10.4,11,2,0.0869565217391304,1
525,John Smith,john_smith,True,24,False,2,3,65,693,24785,4577,14,2,0,1,1,1,9,4,3,2,2,2,0,0,0,2,2,2,0,2,True,2,3,2,46,25,3,1.0,1.0,1,18.183333333333334,14,2,0.0869565217391304,1
526,William Martinez,william_martinez,False,39,False,2,2,80,408,20978,4553,11,2,4,1,0,3,1,20,4,20,7,11,10,0,3,1,2,2,0,2,True,2,3,2,38,20,3,0.55,0.35,0,18.0,8,1,0.0434782608695652,2
527,Robert Williams,robert_williams,False,32,True,2,10,55,929,21703,5396,12,2,0,1,1,2,1,10,2,10,7,0,8,0,3,2,3,2,3,1,True,2,4,4,28,15,4,0.0,0.7,1,20.78333333333333,10,1,0.0434782608695652,2
528,William Johnson,william_johnson,True,50,True,1,8,50,562,23452,6796,14,2,0,2,1,1,3,18,4,4,3,1,3,1,1,2,2,2,0,2,True,4,3,1,33,10,3,0.25,0.75,1,19.616666666666667,6,2,0.0869565217391304,2
529,Patricia Smith,patricia_smith,False,38,False,2,1,33,827,19383,7625,13,2,4,1,0,3,0,10,4,9,7,1,8,0,1,3,3,2,2,1,True,2,4,4,44,20,3,0.111,0.778,2,20.23333333333333,10,1,0.0434782608695652,2
530,Elizabeth Martinez,elizabeth_martinez,False,27,False,1,1,68,608,6009,7412,11,3,3,1,0,1,1,9,3,9,7,0,7,0,2,2,0,2,3,2,True,2,2,3,27,14,4,0.0,0.778,1,16.783333333333335,11,2,0.0869565217391304,2
531,Linda Jones,linda_jones,False,32,False,2,3,39,1018,19373,11159,15,3,7,1,0,1,3,10,6,7,7,7,7,0,2,2,3,2,3,2,True,2,3,3,65,23,2,1.0,1.0,0,24.58333333333333,14,1,0.0434782608695652,2
532,William Smith,william_smith,False,47,True,2,14,42,703,11825,4960,12,2,0,1,1,3,2,20,2,7,7,1,7,0,3,2,0,2,3,2,True,2,3,3,19,9,4,0.143,1.0,0,19.1,8,1,0.0434782608695652,1
533,David Brown,david_brown,False,40,True,1,5,48,580,23772,10475,21,3,0,2,1,3,5,20,2,18,13,1,12,1,3,1,0,3,2,2,True,4,2,3,22,7,4,0.056,0.722,2,14.2,4,2,0.0869565217391304,1
534,Michael Davis,michael_davis,False,53,True,1,7,59,970,13514,14814,19,4,7,1,0,2,3,32,3,5,1,1,3,0,2,3,2,2,2,2,True,2,4,4,34,12,3,0.2,0.2,0,19.53333333333333,10,1,0.0434782608695652,2
535,William Garcia,william_garcia,False,41,True,0,10,73,427,8861,19141,15,5,5,1,2,3,3,23,2,21,6,12,6,3,1,1,3,2,1,1,True,3,3,3,21,9,4,0.571,0.286,2,15.483333333333333,12,2,0.0869565217391304,1
536,Michael Garcia,michael_garcia,False,60,True,2,16,84,1179,11924,5405,14,2,0,1,1,3,8,10,1,2,2,2,2,0,0,2,0,2,3,2,True,2,2,4,13,6,4,1.0,1.0,1,22.066666666666663,8,2,0.0869565217391304,1
537,James Rodriguez,james_rodriguez,False,27,True,0,10,32,294,4809,8793,21,3,3,2,0,1,1,9,4,9,7,1,7,2,3,2,0,3,2,1,True,3,2,4,61,21,2,0.111,0.778,2,19.9,11,1,0.0434782608695652,1
538,David Martinez,david_martinez,False,41,True,1,1,59,314,19562,19189,12,5,5,1,2,2,1,22,3,22,7,2,10,1,3,1,2,2,1,2,True,3,3,2,34,12,3,0.091,0.318,0,19.4,9,1,0.0434782608695652,1
539,Barbara Davis,barbara_davis,False,50,True,1,8,54,316,9983,3875,15,1,6,1,1,3,7,4,2,2,2,2,2,1,3,2,1,2,3,2,True,1,2,5,19,7,4,1.0,1.0,1,17.65,10,1,0.0434782608695652,2
540,James Rodriguez,james_rodriguez,True,28,False,2,1,67,654,3872,2216,13,1,1,1,0,1,7,10,4,7,7,3,7,0,0,0,1,2,3,2,True,4,2,4,41,15,3,0.429,1.0,2,17.1,14,2,0.0869565217391304,2
541,James Garcia,james_garcia,False,36,False,1,8,63,427,20335,11713,14,3,7,0,0,2,9,10,2,8,7,0,5,1,0,3,0,2,0,2,True,2,3,2,30,11,4,0.0,0.875,1,18.516666666666666,11,3,0.1304347826086956,2
542,William Williams,william_williams,False,38,False,2,1,81,168,15397,7861,14,3,3,1,0,2,4,10,4,1,0,0,0,0,2,2,2,2,3,3,True,3,3,3,50,21,3,0.0,0.0,0,19.03333333333333,12,1,0.0434782608695652,2
543,Jennifer Williams,jennifer_williams,False,44,True,2,24,49,381,2104,3708,14,1,2,0,0,2,2,9,5,5,2,1,4,0,0,0,2,2,2,2,True,2,2,2,58,29,3,0.2,0.4,1,19.7,5,1,0.0434782608695652,2
544,John Brown,john_brown,False,47,False,0,3,49,217,10225,13770,12,4,0,2,1,2,9,28,2,22,2,11,13,2,3,2,2,2,3,1,True,4,4,4,18,8,4,0.5,0.091,2,19.366666666666667,11,1,0.0434782608695652,2
545,James Smith,james_smith,False,30,True,0,27,99,501,25275,5304,23,2,0,1,1,4,7,10,2,8,7,7,7,1,2,2,3,3,3,1,True,3,3,4,23,12,4,0.875,0.875,2,21.85,13,1,0.0434782608695652,1
546,Elizabeth Davis,elizabeth_davis,False,29,True,2,10,99,1396,2755,2642,11,1,6,1,1,2,1,1,6,1,0,0,0,0,2,2,2,2,2,2,True,2,3,3,61,31,2,0.0,0.0,0,21.8,8,2,0.0869565217391304,1
547,Elizabeth Miller,elizabeth_miller,True,42,True,0,19,57,933,20366,2759,12,1,1,2,0,2,6,7,2,2,2,2,2,0,2,3,2,2,3,2,True,4,3,4,31,10,3,1.0,1.0,0,14.083333333333334,14,1,0.0434782608695652,2
548,Jennifer Johnson,jennifer_johnson,False,43,True,1,15,47,775,23683,6804,18,2,0,2,1,2,3,7,5,2,2,2,2,1,3,1,3,2,2,2,True,2,3,3,75,24,2,1.0,1.0,0,16.583333333333332,13,1,0.0434782608695652,1
549,Jennifer Davis,jennifer_davis,False,34,False,2,8,96,970,7360,6142,11,2,4,1,0,1,3,10,2,5,1,4,3,0,1,2,2,2,3,2,True,2,3,4,17,10,4,0.8,0.2,0,25.133333333333333,10,1,0.0434782608695652,2
550,William Martinez,william_martinez,False,23,True,1,9,37,650,4344,2500,14,1,2,1,0,0,1,5,2,4,3,0,2,1,1,2,0,2,3,3,True,2,3,4,24,8,4,0.0,0.75,2,20.98333333333333,8,2,0.0869565217391304,1
551,Jennifer Smith,jennifer_smith,False,39,False,1,3,44,141,18767,6389,15,2,8,1,2,2,9,12,3,8,3,3,6,1,2,3,1,2,2,0,True,2,3,3,29,10,4,0.375,0.375,2,20.35,9,1,0.0434782608695652,2
552,John Davis,john_davis,False,56,True,1,9,81,832,20420,11103,11,4,4,1,0,2,7,30,1,10,7,1,1,0,2,2,3,2,2,1,True,3,4,3,11,3,4,0.1,0.7,0,15.45,11,2,0.0869565217391304,1
553,Barbara Smith,barbara_smith,False,40,False,2,2,86,804,22929,2342,20,1,1,1,0,0,0,5,2,4,2,2,3,0,3,1,3,3,3,1,True,3,3,4,30,15,4,0.5,0.5,2,20.666666666666668,6,2,0.0869565217391304,1
554,Barbara Williams,barbara_williams,False,27,False,2,7,55,975,23398,6811,19,2,4,1,0,2,8,9,2,7,6,0,7,0,3,1,0,2,0,0,True,2,1,1,24,11,4,0.0,0.857,2,21.83333333333333,9,1,0.0434782608695652,2
555,Barbara Brown,barbara_brown,False,29,True,0,10,83,1090,17967,2297,14,1,6,1,1,2,1,2,2,2,2,2,2,2,3,2,1,2,3,2,True,2,2,4,21,13,4,1.0,1.0,1,15.333333333333334,12,1,0.0434782608695652,1
556,Michael Smith,michael_smith,False,53,True,2,6,86,346,10919,2450,17,2,2,1,0,2,2,19,4,2,2,2,2,0,3,2,3,2,3,2,True,2,4,4,39,22,3,1.0,1.0,0,20.78333333333333,9,1,0.0434782608695652,2
557,Barbara Rodriguez,barbara_rodriguez,False,35,False,0,2,61,1225,4761,5093,11,2,4,0,0,3,2,16,2,1,0,0,0,1,3,2,0,2,0,3,True,3,1,3,29,12,4,0.0,0.0,1,10.0,13,2,0.0869565217391304,1
558,Michael Rodriguez,michael_rodriguez,False,32,True,1,24,80,430,21146,5309,15,2,2,2,0,3,1,10,2,10,8,4,7,2,0,2,3,2,3,2,True,2,4,5,26,11,4,0.4,0.8,1,24.1,9,1,0.0434782608695652,2
559,William Martinez,william_martinez,False,38,True,1,2,92,268,20471,3057,13,1,1,1,0,4,6,6,0,1,0,0,1,1,3,2,2,2,1,0,True,3,4,2,0,0,5,0.0,0.0,2,17.583333333333332,9,2,0.0869565217391304,2
560,John Miller,john_miller,False,34,False,0,8,32,167,4187,5121,14,2,3,1,0,4,3,7,3,0,0,0,0,1,1,2,0,2,2,2,True,2,2,4,29,10,4,0.0,0.0,1,14.666666666666666,13,2,0.0869565217391304,1
561,William Davis,william_davis,False,52,True,1,3,31,621,10084,16856,11,4,5,1,1,3,1,34,3,34,6,1,16,0,2,1,0,2,0,3,True,1,1,2,32,11,3,0.029,0.176,0,20.35,10,2,0.0869565217391304,2
562,James Garcia,james_garcia,True,33,True,2,1,63,527,5207,2686,13,1,1,1,0,3,1,10,2,10,9,7,8,0,3,2,3,2,2,1,True,3,3,4,31,11,3,0.7,0.9,2,21.2,8,1,0.0434782608695652,2
563,Michael Davis,michael_davis,False,25,False,2,26,32,883,22807,6180,23,2,0,1,1,0,1,6,5,6,5,1,4,0,2,2,3,3,1,1,True,2,4,3,61,20,2,0.167,0.833,1,14.733333333333334,8,1,0.0434782608695652,1
564,John Brown,john_brown,False,45,True,2,2,46,954,12388,6632,13,2,6,1,1,1,0,9,3,8,7,3,1,0,1,0,2,2,0,2,True,2,2,2,34,13,3,0.375,0.875,0,12.2,8,2,0.0869565217391304,1
565,Michael Williams,michael_williams,False,23,True,2,10,79,310,19630,3505,18,1,1,1,0,0,1,2,3,2,2,0,2,0,0,3,2,2,3,2,True,2,4,3,37,15,3,0.0,1.0,1,15.55,12,1,0.0434782608695652,2
566,Mary Brown,mary_brown,True,47,False,2,27,77,719,10339,6397,12,2,0,2,1,1,4,8,2,5,4,1,3,0,1,3,2,2,3,2,True,5,3,4,28,16,4,0.2,0.8,2,17.783333333333335,17,1,0.0434782608695652,1
567,David Rodriguez,david_rodriguez,False,34,True,2,2,60,304,18686,6274,22,2,0,1,1,2,1,6,5,6,5,1,4,0,3,2,3,3,2,2,True,2,4,4,54,26,3,0.167,0.833,0,16.3,12,2,0.0869565217391304,2
568,Michael Williams,michael_williams,True,55,True,1,2,78,725,21199,19859,13,5,5,1,0,2,5,24,2,5,2,1,4,1,3,2,0,2,3,2,True,5,3,3,19,11,4,0.2,0.4,2,16.2,14,1,0.0434782608695652,1
569,Michael Jones,michael_jones,False,36,True,2,8,76,1434,14229,7587,15,3,0,0,1,3,1,10,1,10,7,0,9,0,0,1,0,2,1,2,True,3,1,2,13,5,4,0.0,0.7,1,19.95,9,2,0.0869565217391304,1
570,James Jones,james_jones,False,52,True,1,19,41,715,26589,4258,18,1,1,0,0,3,0,5,3,4,3,1,2,1,3,2,3,2,0,2,True,2,3,2,40,17,3,0.25,0.75,0,20.98333333333333,10,2,0.0869565217391304,1
571,Linda Johnson,linda_johnson,False,26,False,0,1,71,575,5288,4364,14,1,2,2,0,1,3,5,2,2,2,2,0,1,0,0,3,2,0,2,True,2,2,2,27,11,4,1.0,1.0,0,17.599999999999998,9,2,0.0869565217391304,1
572,Barbara Johnson,barbara_johnson,False,29,False,1,27,66,657,25549,4335,12,2,4,1,0,2,4,11,3,8,7,1,1,1,1,2,2,2,0,1,True,2,3,2,45,16,3,0.125,0.875,2,15.766666666666666,12,2,0.0869565217391304,2
573,Linda Jones,linda_jones,True,26,True,2,8,38,1146,3064,5326,17,2,0,1,1,2,6,6,2,4,3,1,2,0,3,1,0,2,2,1,True,2,1,3,22,8,4,0.25,0.75,2,17.2,8,3,0.1304347826086956,2
574,David Brown,david_brown,False,34,False,2,1,72,182,13551,3280,16,1,1,1,0,3,2,10,2,4,2,1,3,0,1,3,3,2,2,2,True,2,3,3,17,10,4,0.25,0.5,0,18.066666666666663,9,2,0.0869565217391304,1
575,Patricia Brown,patricia_brown,False,54,False,0,19,95,376,22670,5485,11,2,3,1,0,3,9,9,4,5,3,1,4,2,3,2,0,2,1,2,True,5,3,4,63,38,2,0.2,0.6,1,22.53333333333333,11,1,0.0434782608695652,2
576,Barbara Martinez,barbara_martinez,False,27,True,1,8,84,829,24008,4342,19,2,0,2,1,0,0,5,3,4,2,1,1,1,2,2,3,2,1,2,True,3,4,2,34,11,3,0.25,0.5,0,14.65,14,1,0.0434782608695652,2
577,Barbara Smith,barbara_smith,False,37,False,0,10,82,571,19905,2782,13,1,1,1,0,0,0,6,3,5,3,4,3,2,3,2,0,2,1,1,True,4,3,2,39,13,3,0.8,0.6,2,18.516666666666666,10,1,0.0434782608695652,2
578,Barbara Williams,barbara_williams,False,38,False,2,2,75,240,26085,5980,12,2,3,2,0,3,6,17,2,15,7,4,12,0,0,3,0,2,3,2,True,5,2,4,27,12,4,0.267,0.467,2,26.166666666666668,14,1,0.0434782608695652,1
579,Linda Jones,linda_jones,False,34,False,2,2,86,121,7530,4381,11,1,1,1,0,3,1,6,3,6,5,1,3,0,2,1,0,2,2,2,True,2,2,3,37,13,3,0.167,0.833,0,21.2,15,1,0.0434782608695652,2
580,Jennifer Johnson,jennifer_johnson,False,35,False,1,8,72,384,20317,2572,16,1,6,1,1,3,1,3,1,3,2,0,2,1,0,2,3,2,1,1,True,2,3,2,10,4,5,0.0,0.667,2,13.483333333333334,12,1,0.0434782608695652,1
581,Michael Garcia,michael_garcia,False,30,True,1,1,38,921,24375,3833,21,1,2,1,0,2,3,7,2,2,2,0,2,2,3,0,2,3,2,2,True,2,2,5,28,9,4,0.0,1.0,0,16.75,13,2,0.0869565217391304,1
582,Jennifer Williams,jennifer_williams,False,40,False,1,2,38,791,9931,4244,24,2,4,2,0,1,1,8,2,8,7,3,7,1,2,3,1,3,3,2,True,2,2,5,29,13,4,0.375,0.875,1,20.066666666666663,10,1,0.0434782608695652,2
583,Patricia Garcia,patricia_garcia,False,34,False,1,8,93,1111,13305,6500,17,2,0,1,1,1,5,6,1,3,2,1,2,1,2,2,0,2,1,2,True,2,2,2,12,5,4,0.333,0.667,1,18.416666666666668,9,1,0.0434782608695652,1
584,David Davis,david_davis,False,42,True,0,8,66,570,16225,18430,13,5,5,2,0,2,1,24,4,24,7,14,9,1,1,2,3,2,1,1,True,3,3,2,48,19,3,0.583,0.292,2,14.516666666666667,11,3,0.1304347826086956,1
585,Robert Rodriguez,robert_rodriguez,True,23,True,1,6,63,1243,3445,1601,21,1,2,1,0,2,1,1,2,0,0,0,0,2,2,3,0,3,2,2,True,4,2,4,18,6,4,0.0,0.0,2,18.416666666666668,7,2,0.0869565217391304,1
586,Barbara Miller,barbara_miller,False,24,True,0,9,60,1092,26551,2694,11,1,2,0,0,2,1,1,4,1,0,0,0,3,2,1,1,2,2,2,True,2,1,4,35,15,3,0.0,0.0,1,20.716666666666665,11,3,0.1304347826086956,1
587,Michael Martinez,michael_martinez,False,52,False,1,11,82,1325,21821,3149,20,2,2,1,0,3,8,9,3,5,2,1,4,1,3,2,2,3,1,2,True,2,3,3,32,19,3,0.2,0.4,0,14.866666666666667,11,1,0.0434782608695652,2
588,Linda Smith,linda_smith,False,50,True,1,2,64,691,6881,17639,16,4,7,1,0,2,5,30,3,4,3,0,3,0,2,2,2,2,3,2,True,2,4,4,31,12,3,0.0,0.75,0,19.25,10,1,0.0434782608695652,2
589,Jennifer Williams,jennifer_williams,True,29,False,1,1,36,805,6689,2319,11,1,2,1,0,1,1,1,1,1,0,0,0,1,1,1,0,2,3,2,True,3,1,4,16,9,4,0.0,0.0,2,16.166666666666668,13,2,0.0869565217391304,2
590,James Williams,james_williams,False,33,True,1,7,49,213,25995,11691,11,3,7,1,0,2,0,14,3,13,9,3,7,0,2,2,2,2,3,3,True,2,2,4,43,24,3,0.231,0.692,0,20.65,14,1,0.0434782608695652,2
591,Elizabeth Garcia,elizabeth_garcia,True,33,False,2,16,69,118,26507,5324,15,2,0,1,1,2,5,6,3,3,2,0,2,0,0,2,0,2,2,2,True,2,2,3,40,23,3,0.0,0.667,1,27.066666666666663,11,1,0.0434782608695652,2
592,Elizabeth Johnson,elizabeth_johnson,False,47,False,1,2,33,202,12982,16752,11,4,5,1,0,1,1,26,3,26,14,3,0,1,2,2,3,2,2,1,True,4,4,3,36,19,3,0.115,0.538,2,20.633333333333333,11,1,0.0434782608695652,1
593,Jennifer Johnson,jennifer_johnson,False,36,False,1,1,35,676,23361,5228,15,2,3,1,0,2,0,10,2,9,7,0,5,1,2,2,1,2,0,2,True,2,2,3,19,9,4,0.0,0.778,1,17.133333333333333,8,1,0.0434782608695652,2
594,James Jones,james_jones,False,29,True,1,23,81,1252,23779,2700,24,1,1,1,0,1,1,10,3,10,7,0,7,1,2,3,2,3,2,2,True,1,3,4,47,26,3,0.0,0.7,0,22.366666666666667,8,1,0.0434782608695652,2
595,Michael Johnson,michael_johnson,True,58,True,2,2,31,286,25761,19246,12,5,7,1,0,3,7,40,2,31,15,13,8,0,3,2,1,2,3,2,True,4,2,3,22,7,4,0.419,0.484,2,19.566666666666663,7,2,0.0869565217391304,2
596,Elizabeth Jones,elizabeth_jones,False,35,False,2,1,40,1258,13301,2506,13,1,1,1,0,3,3,7,0,2,2,2,2,0,3,3,2,2,2,2,True,2,4,3,0,0,5,1.0,1.0,0,17.15,6,3,0.1304347826086956,1
597,Elizabeth Smith,elizabeth_smith,False,42,False,1,1,43,932,4051,6062,13,2,3,1,0,1,9,8,4,4,3,0,2,1,3,1,3,2,3,2,True,4,3,4,48,29,3,0.0,0.75,1,16.3,11,1,0.0434782608695652,2
598,Robert Martinez,robert_martinez,True,28,True,2,2,46,890,16374,4382,17,1,1,1,0,3,6,5,3,2,2,2,1,0,2,2,2,2,3,1,True,2,4,3,45,24,3,1.0,1.0,1,18.2,9,1,0.0434782608695652,2
599,Mary Smith,mary_smith,False,36,True,1,13,36,1041,25527,2143,13,1,8,1,2,2,4,8,2,5,2,0,4,1,2,2,1,2,1,2,True,2,3,3,30,18,4,0.0,0.4,0,18.15,11,1,0.0434782608695652,2
600,James Johnson,james_johnson,False,32,False,1,4,98,859,19124,6162,12,2,3,1,0,2,1,14,3,14,13,6,8,1,2,1,2,2,2,2,True,2,2,3,24,13,4,0.429,0.929,0,18.28333333333333,10,1,0.0434782608695652,1
601,Robert Martinez,robert_martinez,False,40,True,2,16,51,720,11983,5094,14,2,2,2,0,3,6,10,6,1,0,0,0,0,0,1,2,2,3,2,True,2,2,3,91,51,2,0.0,0.0,0,16.933333333333334,11,1,0.0434782608695652,1
602,Michael Jones,michael_jones,False,30,False,2,2,52,946,20234,6877,24,2,3,1,0,2,5,12,4,0,0,0,0,0,2,1,3,3,1,1,True,5,3,3,41,21,3,0.0,0.0,2,16.5,11,1,0.0434782608695652,2
603,David Martinez,david_martinez,False,45,False,2,2,95,252,6153,2274,14,1,1,1,0,2,1,1,3,1,0,0,0,0,1,1,2,2,3,2,True,2,2,4,25,13,4,0.0,0.0,0,17.933333333333334,7,1,0.0434782608695652,1
604,Robert Martinez,robert_martinez,False,42,True,1,29,98,933,11806,4434,13,2,3,1,0,2,1,10,3,9,8,7,8,1,1,2,1,2,3,1,True,3,2,4,44,20,3,0.778,0.889,2,13.783333333333331,13,1,0.0434782608695652,1
605,Linda Rodriguez,linda_rodriguez,False,38,True,0,12,45,471,4284,6288,15,2,4,2,0,2,2,13,3,4,3,1,2,1,0,1,0,2,2,1,True,2,1,3,45,26,3,0.25,0.75,2,22.666666666666668,9,2,0.0869565217391304,1
606,William Davis,william_davis,False,34,False,2,16,100,702,8306,2553,16,1,1,2,0,3,1,6,3,5,2,1,3,0,2,1,3,2,2,2,True,2,4,4,38,21,3,0.2,0.4,0,17.016666666666666,10,2,0.0869565217391304,2
607,Jennifer Rodriguez,jennifer_rodriguez,True,49,False,1,11,43,1184,5860,7654,18,3,0,1,1,2,1,9,3,9,8,7,7,2,2,2,3,2,0,3,True,2,4,3,38,21,3,0.778,0.889,0,19.133333333333333,10,1,0.0434782608695652,1
608,Michael Johnson,michael_johnson,True,55,True,2,2,37,436,21519,5160,16,2,0,1,1,0,4,12,3,9,7,7,3,0,2,2,3,2,2,1,True,2,4,3,44,22,3,0.778,0.778,1,14.866666666666667,16,1,0.0434782608695652,1
609,Elizabeth Rodriguez,elizabeth_rodriguez,False,43,True,1,14,94,589,5200,17159,24,4,7,1,0,1,6,22,3,4,1,1,0,1,1,2,0,3,2,2,True,3,2,4,43,17,3,0.25,0.25,1,19.383333333333333,9,2,0.0869565217391304,2
610,John Davis,john_davis,False,27,True,0,5,42,269,8842,12808,16,3,7,1,0,0,1,9,3,9,8,0,8,1,2,1,3,2,1,2,True,4,2,3,45,14,3,0.0,0.889,1,13.233333333333334,10,3,0.1304347826086956,1
611,Robert Jones,robert_jones,False,35,True,2,7,59,950,18869,10221,21,3,3,1,0,2,3,17,3,8,5,1,6,0,2,2,2,3,1,3,True,2,3,4,37,21,3,0.125,0.625,0,14.133333333333333,8,1,0.0434782608695652,1
612,Jennifer Garcia,jennifer_garcia,False,28,False,1,2,81,760,3698,4779,20,2,0,1,1,3,1,8,2,8,7,7,5,0,1,2,1,3,0,2,True,5,2,2,31,15,3,0.875,0.875,2,20.466666666666665,12,1,0.0434782608695652,2
613,Linda Brown,linda_brown,False,34,True,1,3,88,829,2243,3737,19,1,8,1,2,1,0,4,1,3,2,0,2,1,2,2,3,2,2,0,True,2,4,4,16,6,4,0.0,0.667,0,16.45,8,1,0.0434782608695652,2
614,Elizabeth Miller,elizabeth_miller,True,26,False,1,5,88,887,20898,2366,14,1,1,2,0,1,1,8,2,8,7,1,7,1,2,1,2,2,0,2,True,3,2,3,18,6,4,0.125,0.875,1,22.116666666666667,11,1,0.0434782608695652,2
615,Michael Martinez,michael_martinez,False,27,True,1,3,50,443,16571,1706,11,1,1,0,0,2,1,0,6,0,0,0,0,3,3,2,3,2,2,1,True,2,3,4,89,49,2,0.0,0.0,2,17.2,10,1,0.0434782608695652,1
616,William Garcia,william_garcia,False,51,False,1,26,66,1318,5594,16307,14,4,5,1,1,3,2,29,2,20,6,4,17,1,0,2,2,2,2,1,True,2,3,3,24,13,4,0.2,0.3,1,20.2,10,1,0.0434782608695652,1
617,Linda Rodriguez,linda_rodriguez,False,44,True,2,4,50,625,5197,5933,12,2,4,1,0,2,9,10,2,5,2,2,3,0,3,2,1,2,3,1,True,3,3,3,22,12,4,0.4,0.4,2,18.7,7,1,0.0434782608695652,1
618,Barbara Davis,barbara_davis,False,25,True,2,2,65,180,21632,3424,13,1,1,1,0,0,7,6,3,4,3,0,1,0,0,3,0,2,2,1,True,2,3,3,39,19,3,0.0,0.75,2,18.016666666666666,8,2,0.0869565217391304,2
619,Elizabeth Johnson,elizabeth_johnson,False,33,True,0,1,48,586,21816,4037,22,2,0,1,1,2,1,9,5,9,8,0,8,1,0,3,0,3,0,2,True,2,3,3,42,17,3,0.0,0.889,1,14.7,13,1,0.0434782608695652,2
620,William Jones,william_jones,False,35,False,2,27,53,1343,17852,2559,11,1,1,1,0,0,1,6,3,6,5,1,1,0,2,1,0,2,3,1,True,2,1,4,36,14,3,0.167,0.833,2,20.916666666666668,11,1,0.0434782608695652,2
621,Michael Brown,michael_brown,False,36,True,1,1,56,928,2823,6201,14,2,0,1,1,1,1,18,1,18,14,4,11,1,1,2,3,2,3,1,True,4,4,3,15,5,4,0.222,0.778,2,20.366666666666667,14,1,0.0434782608695652,1
622,Robert Martinez,robert_martinez,False,32,True,0,13,73,117,9250,4403,11,2,0,1,1,3,2,8,3,5,2,0,3,1,1,2,3,2,2,1,True,2,4,3,29,16,4,0.0,0.4,1,25.78333333333333,12,1,0.0434782608695652,2
623,William Miller,william_miller,False,30,True,0,5,75,1012,2373,3761,12,1,1,2,0,3,9,10,3,5,4,0,3,1,1,1,3,2,1,1,True,2,2,2,34,11,3,0.0,0.8,2,17.083333333333332,9,2,0.0869565217391304,2
624,David Rodriguez,david_rodriguez,False,53,False,1,7,78,661,20715,10934,18,3,0,1,1,1,7,35,3,5,2,0,4,1,0,1,3,2,3,2,True,4,4,4,47,23,3,0.0,0.4,1,22.25,13,1,0.0434782608695652,2
625,Mary Williams,mary_williams,False,45,True,0,9,74,930,19239,10761,12,3,0,1,1,2,4,18,2,5,4,0,2,1,3,2,0,2,2,2,True,3,3,2,23,10,4,0.0,0.8,2,22.05,7,1,0.0434782608695652,2
626,David Garcia,david_garcia,False,32,False,1,8,91,638,22162,5175,12,2,1,1,0,1,5,9,3,5,3,1,3,1,2,3,2,2,2,1,True,2,4,3,33,15,3,0.2,0.6,0,19.866666666666667,7,1,0.0434782608695652,1
627,William Miller,william_miller,False,52,False,1,25,81,890,19028,13826,22,4,3,2,0,3,3,31,3,9,8,0,0,0,2,1,3,3,2,2,True,2,3,4,35,20,3,0.0,0.889,0,19.133333333333333,12,2,0.0869565217391304,1
628,Michael Garcia,michael_garcia,False,37,True,0,16,66,342,24558,6334,19,2,0,1,1,3,4,9,2,1,0,0,0,2,3,1,2,2,3,2,True,3,2,4,24,7,4,0.0,0.0,0,15.433333333333334,8,1,0.0434782608695652,1
629,David Miller,david_miller,False,28,True,0,8,63,1169,23965,4936,13,1,8,1,2,1,1,6,6,5,1,0,4,1,1,1,3,2,3,2,True,2,3,4,78,41,2,0.0,0.2,1,17.666666666666668,7,1,0.0434782608695652,1
630,Michael Martinez,michael_martinez,False,22,True,1,1,33,1230,19146,4775,22,2,3,1,0,1,6,4,2,2,2,2,2,2,3,1,3,3,0,0,True,2,4,2,29,9,4,1.0,1.0,1,24.1,11,3,0.1304347826086956,2
631,William Rodriguez,william_rodriguez,False,44,True,1,8,62,986,5044,2818,24,1,2,1,0,3,2,10,2,3,2,0,2,1,0,3,3,3,2,1,True,4,4,4,23,7,4,0.0,0.667,2,18.75,11,1,0.0434782608695652,1
632,Linda Smith,linda_smith,False,42,True,2,2,35,1271,9068,2515,14,1,1,2,0,0,5,8,2,2,1,2,2,0,1,2,3,2,3,2,True,4,4,4,29,12,4,1.0,0.5,1,22.183333333333334,8,1,0.0434782608695652,1
633,Mary Garcia,mary_garcia,False,36,True,1,8,77,1278,8635,2342,21,1,8,1,2,2,0,6,3,5,4,0,3,0,0,1,0,3,2,2,True,3,2,4,37,12,3,0.0,0.8,1,18.21666666666667,9,2,0.0869565217391304,2
634,Robert Johnson,robert_johnson,False,25,True,1,3,98,141,14363,4194,18,2,0,1,1,0,1,5,3,5,3,0,3,0,2,2,0,2,3,2,True,4,2,3,32,17,3,0.0,0.6,2,24.21666666666667,12,1,0.0434782608695652,1
635,Jennifer Martinez,jennifer_martinez,False,35,False,1,9,66,607,23457,10685,20,3,3,1,0,2,1,17,2,17,14,5,15,1,3,1,2,3,1,2,True,4,2,2,27,12,4,0.294,0.824,0,17.716666666666665,11,1,0.0434782608695652,2
636,David Jones,david_jones,True,35,False,0,25,96,130,16612,2022,19,1,1,2,0,3,1,10,3,10,2,7,8,1,3,2,1,2,0,1,True,4,2,2,41,13,3,0.7,0.2,2,17.416666666666668,13,2,0.0869565217391304,1
637,Robert Johnson,robert_johnson,False,32,True,0,1,61,300,9148,2314,12,1,2,0,0,2,0,4,2,3,0,0,2,1,3,2,3,2,1,2,True,2,4,4,25,8,4,0.0,0.0,0,19.016666666666666,8,1,0.0434782608695652,2
638,David Martinez,david_martinez,False,25,True,1,4,87,583,18154,4256,12,2,0,1,1,0,1,5,1,5,2,0,3,0,2,1,0,2,0,3,True,2,1,2,8,4,5,0.0,0.4,1,11.583333333333334,7,1,0.0434782608695652,2
639,James Smith,james_smith,False,49,False,1,1,36,1418,10554,3580,16,1,1,1,0,2,2,7,2,4,2,0,2,1,2,2,0,2,1,2,True,2,2,3,19,10,4,0.0,0.5,1,21.3,11,1,0.0434782608695652,1
640,Mary Martinez,mary_martinez,False,24,True,1,4,46,1269,10778,3162,17,1,2,0,0,0,0,6,2,5,2,3,4,0,0,1,3,2,3,1,True,2,4,4,21,9,4,0.6,0.4,2,18.05,12,2,0.0869565217391304,1
641,James Brown,james_brown,False,32,True,1,5,48,379,8891,6524,14,2,0,2,1,1,1,10,3,10,8,5,3,1,1,2,1,2,3,2,True,2,2,3,31,14,3,0.5,0.8,1,17.183333333333334,11,2,0.0869565217391304,2
642,Elizabeth Davis,elizabeth_davis,False,38,True,1,9,98,395,12102,2899,19,1,6,1,1,2,0,3,3,2,2,1,2,1,1,1,1,2,3,2,True,2,2,4,40,22,3,0.5,1.0,1,20.883333333333333,9,1,0.0434782608695652,1
643,John Miller,john_miller,False,42,False,1,3,95,1265,23726,5231,13,2,2,1,0,2,2,17,1,5,3,1,3,1,2,3,3,2,1,1,True,4,3,3,8,4,5,0.2,0.6,2,15.05,8,2,0.0869565217391304,2
644,Robert Martinez,robert_martinez,False,31,True,1,11,48,1222,14871,2356,19,1,1,1,0,3,3,8,2,6,4,0,2,1,3,2,3,2,1,2,True,4,4,3,28,10,4,0.0,0.667,1,15.916666666666666,7,1,0.0434782608695652,2
645,Elizabeth Rodriguez,elizabeth_rodriguez,True,29,False,0,1,48,341,23522,2800,19,1,6,1,1,2,6,5,3,3,2,0,2,3,1,1,2,2,2,2,True,4,2,3,30,15,4,0.0,0.667,2,12.0,9,4,0.1739130434782608,2
646,Elizabeth Rodriguez,elizabeth_rodriguez,False,53,True,1,8,73,868,22789,11836,14,4,0,1,1,2,5,28,3,2,0,2,2,1,0,2,3,2,2,2,True,2,3,4,31,15,3,1.0,0.0,0,24.5,11,1,0.0434782608695652,1
647,Robert Miller,robert_miller,False,35,True,1,25,78,672,9129,10903,16,3,3,1,0,2,3,16,2,13,10,4,8,0,3,1,1,2,0,2,True,2,2,2,24,12,4,0.308,0.769,1,18.46666666666667,11,1,0.0434782608695652,1
648,Michael Johnson,michael_johnson,False,37,False,1,21,54,1231,21222,2973,15,1,6,2,1,1,5,10,3,5,4,0,0,1,2,2,3,2,1,2,True,2,4,2,29,14,4,0.0,0.8,0,17.016666666666666,10,1,0.0434782608695652,2
649,Barbara Smith,barbara_smith,False,53,False,2,23,72,102,20206,14275,18,4,7,1,0,3,6,33,0,12,9,3,8,0,3,2,3,2,2,2,True,2,4,3,0,0,5,0.25,0.75,0,17.916666666666668,11,1,0.0434782608695652,2
650,Barbara Brown,barbara_brown,False,43,False,1,1,33,422,21782,5562,13,2,4,2,0,2,4,12,2,5,2,2,2,1,3,2,3,2,1,1,True,2,3,2,17,6,4,0.4,0.4,1,15.8,12,2,0.0869565217391304,1
651,David Garcia,david_garcia,False,47,False,1,2,35,249,17783,4537,22,2,0,1,1,1,0,8,2,7,6,7,7,1,2,2,3,3,0,2,True,5,3,3,23,13,4,1.0,0.857,1,16.866666666666667,9,2,0.0869565217391304,2
652,Mary Brown,mary_brown,False,37,True,2,19,32,1252,4814,7642,13,3,0,0,1,1,1,10,2,10,0,0,9,0,0,2,1,2,3,2,True,4,2,5,30,14,4,0.0,0.0,2,21.95,12,2,0.0869565217391304,1
653,John Williams,john_williams,False,50,True,0,2,98,881,4544,17924,11,4,5,0,0,3,1,31,3,31,6,14,7,1,0,2,0,2,3,2,True,2,1,4,39,20,3,0.452,0.194,2,15.8,12,1,0.0434782608695652,1
654,Michael Garcia,michael_garcia,False,39,False,1,2,42,1383,7790,5204,11,2,8,1,2,2,8,13,2,5,4,0,4,2,3,1,3,2,2,2,True,2,3,3,21,7,4,0.0,0.8,0,12.183333333333334,10,2,0.0869565217391304,1
655,James Johnson,james_johnson,False,33,True,0,3,57,1075,22650,2277,11,1,8,1,2,1,3,7,4,4,3,0,3,1,3,2,1,2,2,3,True,4,3,4,45,19,3,0.0,0.75,2,16.05,11,2,0.0869565217391304,2
656,Robert Jones,robert_jones,True,32,True,2,25,87,374,18016,2795,24,1,2,1,0,3,1,1,2,1,0,0,1,0,0,2,3,3,2,0,True,5,3,3,27,14,4,0.0,0.0,2,21.183333333333334,9,1,0.0434782608695652,1
657,Michael Miller,michael_miller,False,29,False,0,7,62,1086,6054,2532,14,1,2,1,0,0,6,8,5,4,3,0,3,3,0,1,3,2,2,2,True,2,4,3,79,40,2,0.0,0.75,0,14.666666666666666,15,1,0.0434782608695652,1
658,John Garcia,john_garcia,False,44,True,1,9,61,661,7508,2559,13,1,1,1,0,1,1,8,0,8,7,7,1,0,1,2,0,2,3,2,True,4,2,4,0,0,5,0.875,0.875,2,18.48333333333333,14,2,0.0869565217391304,1
659,James Davis,james_davis,False,28,True,2,5,98,821,24252,4908,14,2,0,1,1,3,1,4,3,4,2,0,2,0,0,2,3,2,1,2,True,2,4,3,32,15,3,0.0,0.5,1,13.15,12,1,0.0434782608695652,1
660,Patricia Miller,patricia_miller,True,58,True,0,2,57,781,13384,2380,14,1,2,2,0,0,9,3,3,1,0,0,0,1,3,1,3,2,3,1,True,4,3,3,48,16,3,0.0,0.0,2,17.283333333333335,10,3,0.1304347826086956,1
661,Michael Jones,michael_jones,False,43,False,0,8,55,177,23814,4765,21,2,3,1,0,2,4,4,2,1,0,0,0,1,0,2,1,3,2,3,True,2,2,4,16,10,4,0.0,0.0,1,15.283333333333331,12,1,0.0434782608695652,2
662,Mary Smith,mary_smith,True,20,False,2,2,49,500,22052,2044,13,1,6,1,1,2,1,2,3,2,2,0,2,0,2,1,2,2,3,1,True,2,3,4,25,14,4,0.0,1.0,1,16.433333333333334,12,2,0.0869565217391304,2
663,William Jones,william_jones,True,21,False,2,18,65,1427,8870,2693,19,1,1,1,0,0,1,1,3,1,0,0,0,0,3,2,3,2,0,1,True,1,3,3,44,13,3,0.0,0.0,2,15.35,10,1,0.0434782608695652,1
664,Barbara Johnson,barbara_johnson,False,36,True,1,14,68,1425,4821,6586,17,2,4,1,0,0,0,17,2,16,8,4,11,1,2,2,3,2,0,1,True,4,4,1,19,11,4,0.25,0.5,2,15.833333333333334,8,2,0.0869565217391304,1
665,Patricia Martinez,patricia_martinez,False,47,False,2,2,65,1454,13137,3294,18,1,6,1,1,3,1,3,3,3,2,1,2,0,3,1,3,2,0,1,True,4,3,1,25,14,4,0.333,0.667,2,17.483333333333334,7,1,0.0434782608695652,2
666,Robert Brown,robert_brown,True,22,False,1,3,34,617,10022,4171,19,2,3,1,0,0,0,4,3,3,2,0,2,1,1,2,2,2,0,3,True,4,3,2,30,12,4,0.0,0.667,2,20.78333333333333,13,1,0.0434782608695652,1
667,William Martinez,william_martinez,True,41,False,0,2,57,1085,17725,2778,13,1,2,1,0,3,4,10,1,7,7,1,0,1,1,0,3,2,2,1,True,4,3,4,11,6,4,0.143,1.0,2,16.633333333333333,10,2,0.0869565217391304,2
668,Michael Williams,michael_williams,False,28,False,0,9,77,995,9834,2377,18,1,1,1,0,2,5,6,2,2,2,2,2,1,2,2,2,2,1,2,True,2,3,3,28,12,4,1.0,1.0,0,15.433333333333334,9,2,0.0869565217391304,1
669,David Miller,david_miller,True,39,True,1,6,70,1122,4303,2404,21,1,2,1,0,2,7,8,2,2,2,2,2,0,3,2,0,3,3,0,True,3,2,4,26,13,4,1.0,1.0,2,20.83333333333333,7,1,0.0434782608695652,1
670,Elizabeth Brown,elizabeth_brown,False,27,False,2,4,76,618,17808,2318,19,1,1,1,0,2,1,1,2,1,1,0,0,0,1,2,2,2,2,2,True,2,3,3,20,8,4,0.0,1.0,0,16.766666666666666,15,1,0.0434782608695652,2
671,Jennifer Jones,jennifer_jones,False,34,True,0,10,83,546,6896,2008,14,1,2,1,0,2,1,1,3,1,0,1,0,2,1,2,1,2,1,2,True,1,3,3,36,14,3,1.0,0.0,2,15.533333333333331,13,1,0.0434782608695652,1
672,Michael Brown,michael_brown,False,42,False,2,14,68,462,7824,6244,17,2,0,1,1,1,7,10,6,5,4,0,3,0,2,1,2,2,0,2,True,2,3,3,92,39,2,0.0,0.8,0,21.5,13,1,0.0434782608695652,2
673,Barbara Martinez,barbara_martinez,False,33,True,2,1,100,1198,3339,2799,11,1,1,1,0,3,3,6,1,3,2,0,2,0,2,1,0,2,1,2,True,3,1,2,15,5,4,0.0,0.667,1,15.883333333333333,8,1,0.0434782608695652,1
674,Robert Garcia,robert_garcia,False,58,False,0,5,37,1272,9255,10552,13,3,4,1,0,2,2,24,3,6,0,0,4,1,2,1,1,2,3,2,True,3,2,3,32,18,3,0.0,0.0,1,16.933333333333334,15,1,0.0434782608695652,1
675,Robert Johnson,robert_johnson,False,31,True,1,7,41,154,11737,2329,15,1,6,1,1,3,3,13,2,7,7,5,2,0,1,1,2,2,1,3,True,1,3,2,32,13,3,0.714,1.0,0,17.166666666666668,11,1,0.0434782608695652,2
676,James Martinez,james_martinez,False,35,False,1,21,51,1137,19170,4014,25,2,4,1,0,0,1,10,2,10,6,0,7,1,3,2,3,3,3,0,True,4,3,5,27,11,4,0.0,0.6,2,14.233333333333333,9,3,0.1304347826086956,1
677,Jennifer Johnson,jennifer_johnson,False,49,False,1,8,51,527,22477,7403,11,3,2,1,0,1,4,29,3,26,9,1,7,1,0,2,1,2,2,1,True,2,3,2,25,14,4,0.038,0.346,2,13.783333333333331,9,1,0.0434782608695652,2
678,David Johnson,david_johnson,False,48,True,1,20,51,1469,5543,2259,17,1,1,1,0,3,4,13,2,0,0,0,0,2,3,2,2,2,0,1,True,1,3,3,17,8,4,0.0,0.0,0,18.3,11,1,0.0434782608695652,2
679,Michael Brown,michael_brown,False,31,False,1,20,45,1188,24406,6932,13,2,0,0,1,1,1,9,2,9,8,0,0,1,3,2,2,2,3,1,True,2,3,3,19,9,4,0.0,0.889,1,17.816666666666666,11,2,0.0869565217391304,2
680,Michael Davis,michael_davis,False,36,True,2,7,65,188,23293,4678,18,1,1,1,0,3,2,8,6,6,2,0,1,0,1,2,3,2,2,2,True,2,5,3,83,49,2,0.0,0.333,0,19.6,12,1,0.0434782608695652,1
681,William Miller,william_miller,False,38,False,1,1,80,1333,16292,13582,13,3,7,1,0,2,1,15,3,15,12,5,11,1,3,2,0,2,1,2,True,1,2,3,28,16,4,0.333,0.8,0,15.733333333333334,8,1,0.0434782608695652,1
682,Mary Miller,mary_miller,False,32,False,1,1,70,1184,3974,2332,20,1,2,0,0,2,6,5,3,3,0,0,2,0,2,1,1,3,2,2,True,2,2,3,36,13,3,0.0,0.0,0,18.28333333333333,8,1,0.0434782608695652,2
683,Mary Davis,mary_davis,True,25,True,1,19,36,867,18798,2413,18,1,6,1,1,1,1,1,2,1,0,0,0,3,2,1,1,2,2,2,True,4,2,3,17,8,4,0.0,0.0,2,20.666666666666668,11,1,0.0434782608695652,1
684,William Rodriguez,william_rodriguez,False,40,True,0,10,67,658,20652,9705,12,3,0,1,1,3,2,11,2,1,0,0,0,1,0,1,1,2,1,1,True,2,3,3,31,18,3,0.0,0.0,2,23.966666666666665,12,1,0.0434782608695652,2
685,James Johnson,james_johnson,False,26,True,2,1,52,1283,11148,4294,12,2,0,2,1,2,1,7,2,7,7,0,7,0,2,1,0,2,1,2,True,2,2,2,22,9,4,0.0,1.0,1,20.4,6,3,0.1304347826086956,2
686,Elizabeth Rodriguez,elizabeth_rodriguez,False,41,True,2,6,59,263,3119,4721,13,1,2,1,0,2,2,20,3,18,13,2,17,0,3,2,0,2,2,2,True,5,2,3,46,19,3,0.111,0.722,2,15.4,12,2,0.0869565217391304,1
687,Patricia Martinez,patricia_martinez,False,36,True,2,2,79,938,12287,2519,21,1,2,1,0,3,4,16,6,11,8,3,9,0,2,2,2,3,2,2,True,2,2,3,93,33,2,0.273,0.727,0,18.666666666666668,12,1,0.0434782608695652,1
688,David Miller,david_miller,True,19,True,2,21,37,419,9947,2121,13,1,6,1,1,2,1,1,3,1,0,0,0,0,3,1,1,2,1,3,True,3,2,3,24,8,4,0.0,0.0,2,20.183333333333334,10,1,0.0434782608695652,1
689,Elizabeth Rodriguez,elizabeth_rodriguez,True,20,True,2,4,84,129,13008,2973,19,1,2,1,0,2,1,1,2,1,0,0,0,0,0,2,0,2,1,2,True,2,2,3,23,12,4,0.0,0.0,2,23.08333333333333,9,1,0.0434782608695652,2
690,John Davis,john_davis,False,31,False,1,12,41,616,17369,5855,11,2,4,1,0,2,0,10,2,9,7,8,5,2,3,2,3,2,2,0,True,4,4,3,16,8,4,0.889,0.778,2,15.916666666666668,11,1,0.0434782608695652,1
691,William Johnson,william_johnson,False,40,True,0,9,35,1469,25063,3617,14,1,1,2,0,3,8,3,2,1,1,0,0,1,3,2,1,2,3,2,True,4,2,4,31,18,3,0.0,1.0,1,17.75,7,2,0.0869565217391304,2
692,James Smith,james_smith,False,32,False,1,3,93,498,13554,6725,12,2,3,1,0,3,1,8,2,8,7,6,3,1,2,2,0,2,2,3,True,2,2,3,24,13,4,0.75,0.875,1,14.366666666666667,14,1,0.0434782608695652,2
693,James Martinez,james_martinez,True,36,True,1,3,51,530,5518,10325,11,3,0,1,1,0,1,16,6,16,7,3,7,1,2,1,3,2,0,2,True,4,2,1,52,19,3,0.188,0.438,1,19.933333333333334,12,1,0.0434782608695652,2
694,Robert Miller,robert_miller,False,33,False,2,1,42,1069,12291,6949,14,2,4,1,0,2,0,6,3,5,0,1,4,0,1,1,3,2,0,2,True,2,3,2,27,8,4,0.2,0.0,0,20.416666666666668,10,1,0.0434782608695652,2
695,Robert Smith,robert_smith,True,37,True,1,1,46,625,14922,10609,11,3,0,1,1,3,5,17,2,14,1,11,7,0,0,1,2,2,2,0,True,2,2,4,22,13,4,0.786,0.071,2,18.78333333333333,6,2,0.0869565217391304,1
696,James Davis,james_davis,False,45,True,1,4,57,805,23163,4447,12,2,2,0,0,1,1,9,5,9,7,0,8,0,2,2,1,2,1,1,True,2,3,3,78,31,2,0.0,0.778,2,17.85,7,3,0.1304347826086956,1
697,Jennifer Smith,jennifer_smith,False,29,False,1,20,84,1404,18203,2157,15,1,6,2,1,2,1,3,5,3,1,0,2,1,2,2,3,2,1,2,True,2,4,2,68,27,2,0.0,0.333,0,17.05,10,1,0.0434782608695652,1
698,David Rodriguez,david_rodriguez,False,35,False,1,18,86,1219,6179,4601,16,2,0,1,1,2,1,5,3,5,2,1,0,0,2,2,2,2,1,2,True,2,3,3,45,26,3,0.2,0.4,0,16.633333333333333,14,2,0.0869565217391304,2
699,William Williams,william_williams,False,52,True,1,1,70,1053,13829,17099,15,4,5,1,0,1,2,26,2,9,8,7,8,1,3,2,3,2,1,1,True,2,4,2,22,10,4,0.778,0.889,1,16.016666666666666,9,1,0.0434782608695652,1
700,Elizabeth Miller,elizabeth_miller,True,58,True,2,2,51,289,26227,2479,24,1,1,1,0,2,4,7,4,1,0,0,0,0,3,2,2,3,0,2,True,1,3,3,33,12,3,0.0,0.0,0,19.95,6,1,0.0434782608695652,2
701,Elizabeth Brown,elizabeth_brown,False,53,True,0,2,45,1376,13938,14852,13,4,5,1,1,1,6,22,3,17,13,15,2,1,2,2,2,2,2,3,True,3,1,3,47,27,3,0.882,0.765,0,19.5,15,2,0.0869565217391304,1
702,John Johnson,john_johnson,False,30,True,0,8,62,231,9977,7264,11,3,0,1,1,1,5,10,2,8,4,7,7,1,2,2,2,2,0,3,True,3,3,2,16,10,4,0.875,0.5,0,20.5,12,1,0.0434782608695652,2
703,David Garcia,david_garcia,False,38,False,2,10,85,152,19899,5666,13,2,0,0,1,2,1,6,1,5,3,1,3,0,2,2,3,2,1,2,True,5,3,2,16,5,4,0.2,0.6,0,15.716666666666669,12,1,0.0434782608695652,1
704,Mary Martinez,mary_martinez,False,35,True,0,3,92,882,6812,7823,13,3,0,1,1,3,6,12,2,10,9,0,8,1,3,2,3,2,1,2,True,2,3,3,22,12,4,0.0,0.9,0,19.3,13,1,0.0434782608695652,1
705,Patricia Jones,patricia_jones,False,39,True,2,2,41,903,2560,7880,18,3,0,1,1,4,0,9,3,8,7,0,7,0,0,3,2,2,3,2,True,1,3,3,24,10,4,0.0,0.875,0,21.71666666666667,9,1,0.0434782608695652,1
706,Linda Smith,linda_smith,True,40,False,2,24,100,1479,17071,13194,16,4,0,0,1,2,4,22,2,1,0,0,0,0,1,3,1,2,3,1,True,3,2,4,27,12,4,0.0,0.0,2,19.366666666666667,12,1,0.0434782608695652,1
707,John Davis,john_davis,False,47,True,0,16,64,1379,6759,5067,19,2,3,2,0,3,1,20,3,19,10,2,7,0,2,3,2,2,2,3,True,4,3,3,48,28,3,0.105,0.526,0,21.766666666666666,12,1,0.0434782608695652,2
708,Barbara Williams,barbara_williams,False,36,True,0,8,84,1229,25952,5079,13,2,0,0,1,3,4,12,3,7,7,0,7,2,0,2,3,2,3,2,True,2,3,2,47,28,3,0.0,1.0,0,19.9,10,2,0.0869565217391304,1
709,William Williams,william_williams,True,31,True,2,9,46,335,10322,2321,22,1,1,0,0,1,0,4,0,3,2,1,2,0,2,1,0,3,0,2,True,4,2,3,0,0,5,0.333,0.667,2,23.4,9,1,0.0434782608695652,1
710,James Johnson,james_johnson,False,33,True,2,17,38,722,20489,17444,11,4,5,0,1,2,1,10,2,10,8,6,0,0,3,2,2,2,3,2,True,2,2,4,19,7,4,0.6,0.8,0,16.8,13,1,0.0434782608695652,1
711,William Johnson,william_johnson,True,29,False,2,10,92,906,11479,2404,20,1,1,1,0,2,6,3,5,0,0,0,0,0,3,1,0,3,2,2,True,3,2,4,63,20,2,0.0,0.0,2,21.816666666666663,8,4,0.1739130434782608,1
712,Elizabeth Garcia,elizabeth_garcia,False,33,False,2,13,53,461,17241,3452,18,1,1,1,0,0,3,5,4,3,2,0,2,0,1,2,3,2,0,2,True,3,4,1,52,24,3,0.0,0.667,0,17.0,10,1,0.0434782608695652,2
713,James Miller,james_miller,False,45,False,0,1,91,974,11005,2270,14,1,2,1,0,3,3,8,2,5,3,0,2,2,3,2,3,2,3,2,True,3,4,3,28,9,4,0.0,0.6,0,24.53333333333333,10,1,0.0434782608695652,1
714,Patricia Jones,patricia_jones,False,50,True,0,1,66,1126,6615,17399,22,4,7,1,0,1,9,32,1,5,4,1,3,1,3,2,3,3,2,1,True,1,3,4,9,4,5,0.2,0.8,1,23.4,8,1,0.0434782608695652,2
715,James Williams,james_williams,False,33,False,1,1,84,827,20161,5488,13,2,4,2,0,3,1,6,2,6,5,1,2,1,2,3,1,2,0,2,True,3,3,2,31,10,3,0.167,0.833,2,16.233333333333334,12,2,0.0869565217391304,1
716,Michael Rodriguez,michael_rodriguez,False,41,True,0,9,64,840,3735,19419,17,5,7,2,0,2,2,21,2,18,16,0,11,1,0,2,2,2,1,3,True,3,3,2,26,11,4,0.0,0.889,0,10.95,10,1,0.0434782608695652,2
717,John Brown,john_brown,False,27,False,1,16,37,1134,12086,2811,14,1,2,1,0,3,9,4,2,2,2,2,2,1,2,2,1,2,1,2,True,3,2,3,30,9,4,1.0,1.0,2,20.666666666666668,14,1,0.0434782608695652,1
718,Barbara Martinez,barbara_martinez,False,45,True,1,23,42,248,14039,3633,15,2,2,0,0,1,1,9,2,9,8,0,8,1,3,2,0,2,2,2,True,4,2,3,25,14,4,0.0,0.889,2,20.78333333333333,11,2,0.0869565217391304,2
719,David Johnson,david_johnson,False,47,False,2,4,83,955,8571,4163,17,2,0,1,1,1,1,9,0,9,0,0,7,0,3,2,3,2,2,2,True,4,3,2,0,0,5,0.0,0.0,0,18.416666666666668,14,1,0.0434782608695652,2
720,Patricia Williams,patricia_williams,True,30,False,1,22,48,138,11539,2132,11,1,1,1,0,2,4,7,2,5,2,0,1,0,0,2,2,2,1,2,True,4,3,2,32,13,3,0.0,0.4,2,18.2,9,1,0.0434782608695652,2
721,Jennifer Brown,jennifer_brown,False,50,True,1,24,95,939,4161,13973,18,4,3,1,0,2,3,22,2,12,11,1,5,1,3,2,2,2,3,2,True,4,3,4,25,14,4,0.083,0.917,1,17.116666666666667,9,3,0.1304347826086956,1
722,Linda Rodriguez,linda_rodriguez,False,38,True,1,10,66,1391,12127,2684,17,1,1,2,0,0,0,3,0,2,1,0,2,1,2,2,2,2,1,1,True,2,4,2,0,0,5,0.0,0.5,0,17.5,11,1,0.0434782608695652,2
723,Jennifer Davis,jennifer_davis,False,46,True,0,7,75,566,24208,10845,13,3,3,1,0,1,6,13,3,8,7,0,7,1,3,2,2,2,1,2,True,2,4,3,47,17,3,0.0,0.875,0,16.633333333333333,10,2,0.0869565217391304,2
724,Patricia Miller,patricia_miller,False,24,False,0,17,41,1206,24117,4377,15,2,3,1,0,0,1,5,6,4,2,3,2,2,3,1,2,2,1,2,True,2,3,3,80,26,2,0.75,0.5,0,26.1,10,1,0.0434782608695652,2
725,Jennifer Williams,jennifer_williams,True,35,True,0,14,39,622,10074,3743,24,1,2,1,0,3,1,5,2,4,2,0,2,1,2,1,1,3,3,0,True,3,2,4,25,13,4,0.0,0.5,2,16.483333333333334,12,1,0.0434782608695652,2
726,Robert Smith,robert_smith,False,31,False,1,1,96,853,11275,4148,12,2,3,2,0,0,1,4,1,4,3,0,3,1,2,2,0,2,2,2,True,3,2,2,8,3,5,0.0,0.75,1,22.03333333333333,9,2,0.0869565217391304,2
727,Elizabeth Martinez,elizabeth_martinez,False,18,True,2,5,73,287,13493,1051,15,1,1,0,0,1,1,0,2,0,0,0,0,0,1,2,3,2,3,2,True,1,4,3,17,9,4,0.0,0.0,0,18.066666666666663,10,1,0.0434782608695652,2
728,James Williams,james_williams,False,54,False,1,17,56,1441,13943,10739,11,3,3,1,0,2,8,22,2,10,7,0,8,1,2,2,2,2,2,2,True,2,3,3,19,8,4,0.0,0.7,0,18.96666666666667,13,2,0.0869565217391304,1
729,Michael Williams,michael_williams,False,35,False,0,25,57,583,6975,10388,11,3,4,1,0,3,1,16,3,16,10,10,1,1,2,2,2,2,2,1,True,4,4,3,28,11,4,0.625,0.625,2,20.183333333333334,11,1,0.0434782608695652,1
730,John Smith,john_smith,False,30,False,1,8,73,153,17802,11416,12,3,7,1,0,1,0,9,4,8,7,1,7,3,1,3,0,2,2,1,True,4,3,3,40,17,3,0.125,0.875,2,19.53333333333333,10,2,0.0869565217391304,2
731,Mary Jones,mary_jones,True,20,False,2,11,98,1097,18275,2600,15,1,1,1,0,2,1,1,2,1,0,0,0,0,3,1,0,2,0,2,True,4,2,3,21,11,4,0.0,0.0,2,22.7,11,1,0.0434782608695652,2
732,Robert Smith,robert_smith,True,30,False,2,5,60,109,25725,2422,17,1,2,2,0,2,0,4,3,3,2,1,2,0,1,2,1,2,0,2,True,2,3,2,33,19,3,0.333,0.667,1,20.383333333333333,12,1,0.0434782608695652,1
733,Jennifer Jones,jennifer_jones,False,26,True,1,2,32,1066,3334,5472,12,2,3,1,0,1,1,8,2,8,7,1,3,0,3,3,3,2,1,2,True,2,4,2,23,7,4,0.125,0.875,0,19.5,10,1,0.0434782608695652,2
734,Robert Garcia,robert_garcia,False,22,True,1,8,94,217,6881,2451,15,1,2,1,0,0,1,4,3,4,3,1,1,1,1,0,0,2,0,1,True,1,1,2,26,12,4,0.25,0.75,2,15.966666666666669,6,1,0.0434782608695652,1
735,Michael Martinez,michael_martinez,False,48,True,2,6,97,277,13119,4240,13,2,4,1,0,2,2,19,0,2,2,2,2,0,0,1,2,2,3,2,True,3,2,4,0,0,5,1.0,1.0,0,23.1,10,1,0.0434782608695652,2
736,David Smith,david_smith,False,48,True,2,4,78,1355,22245,10999,14,3,4,1,0,3,7,27,3,15,11,4,8,0,2,1,2,2,1,2,True,2,3,3,40,18,3,0.267,0.733,0,18.28333333333333,5,1,0.0434782608695652,2
737,David Smith,david_smith,False,41,False,2,7,42,549,23371,5003,14,2,3,1,0,1,6,8,6,2,2,2,1,0,3,2,2,2,1,2,True,2,3,3,74,42,2,1.0,1.0,0,16.333333333333332,12,2,0.0869565217391304,1
738,Jennifer Jones,jennifer_jones,False,39,False,1,1,65,466,7060,12742,16,4,3,1,0,0,1,21,3,21,6,11,8,1,3,1,3,2,2,2,True,2,3,3,35,14,3,0.524,0.286,0,19.416666666666668,12,2,0.0869565217391304,1
739,Jennifer Williams,jennifer_williams,False,27,False,1,2,47,1055,4658,4227,18,2,3,1,0,3,0,4,2,3,2,2,2,1,0,2,3,2,1,2,True,3,4,3,26,15,4,0.667,0.667,1,16.0,12,2,0.0869565217391304,2
740,David Garcia,david_garcia,False,35,True,0,10,45,802,9541,3917,20,1,2,1,0,2,1,3,4,3,2,1,2,1,1,2,3,3,0,1,True,3,3,3,58,28,3,0.333,0.667,1,14.233333333333334,8,4,0.1739130434782608,2
741,Mary Garcia,mary_garcia,False,42,True,1,5,90,265,7770,18303,13,5,5,1,1,1,6,21,3,1,0,0,0,0,3,2,2,2,1,3,True,3,3,3,34,20,3,0.0,0.0,0,16.4,10,2,0.0869565217391304,1
742,Jennifer Davis,jennifer_davis,False,50,True,1,9,64,804,20165,2380,18,1,2,1,0,2,4,8,5,1,0,0,0,0,0,2,3,2,1,2,True,2,3,3,66,35,2,0.0,0.0,0,21.1,8,2,0.0869565217391304,1
743,Elizabeth Garcia,elizabeth_garcia,False,59,False,2,2,69,715,21829,13726,13,4,3,1,0,2,3,30,4,5,3,4,3,0,2,1,3,2,0,2,True,4,2,2,63,21,2,0.8,0.6,1,10.966666666666669,13,2,0.0869565217391304,1
744,David Martinez,david_martinez,True,37,False,1,11,61,1141,14382,4777,15,2,4,1,0,1,5,15,2,1,0,0,0,0,0,0,1,2,0,0,True,2,1,1,29,11,4,0.0,0.0,2,25.45,11,1,0.0434782608695652,1
745,Jennifer Davis,jennifer_davis,False,55,True,1,18,62,135,12992,6385,14,2,4,2,0,3,3,17,3,8,7,6,7,2,2,2,1,2,3,2,True,4,3,3,34,14,3,0.75,0.875,2,15.683333333333334,10,1,0.0434782608695652,1
746,John Rodriguez,john_rodriguez,False,41,False,0,7,55,247,20284,19973,22,5,7,0,0,0,1,21,3,21,16,5,10,2,1,0,2,3,1,2,True,3,2,3,39,14,3,0.238,0.762,0,18.066666666666663,10,3,0.1304347826086956,2
747,William Martinez,william_martinez,False,38,True,2,3,42,1035,4981,6861,12,2,0,1,1,3,8,19,1,1,0,0,0,0,1,2,3,2,2,2,True,4,3,4,9,4,5,0.0,0.0,1,17.033333333333335,10,1,0.0434782608695652,1
748,Barbara Garcia,barbara_garcia,True,26,True,2,29,79,265,21813,4969,18,2,0,0,1,1,8,7,6,2,2,2,2,0,1,0,0,2,3,2,True,3,1,4,75,33,2,1.0,1.0,2,16.483333333333334,12,1,0.0434782608695652,2
749,Jennifer Garcia,jennifer_garcia,True,52,False,1,2,57,266,25846,19845,15,5,5,1,1,0,1,33,3,32,14,6,9,1,0,0,3,2,3,2,True,2,3,3,48,28,3,0.188,0.438,0,15.883333333333333,11,1,0.0434782608695652,1
750,Mary Miller,mary_miller,False,44,False,1,28,53,1448,11737,13320,18,4,0,1,1,2,3,23,2,12,11,11,11,1,3,3,3,2,2,2,True,4,4,4,24,10,4,0.917,0.917,2,19.383333333333333,11,2,0.0869565217391304,1
751,Mary Garcia,mary_garcia,False,50,False,1,1,95,145,24920,6347,12,2,0,0,1,2,0,19,3,18,7,0,13,1,3,2,2,2,0,2,True,2,3,2,46,25,3,0.0,0.389,0,19.433333333333334,12,1,0.0434782608695652,1
752,Patricia Rodriguez,patricia_rodriguez,True,36,False,2,16,43,885,8269,2743,16,1,2,1,0,3,1,18,1,17,13,15,14,0,2,3,0,2,2,2,True,2,2,4,11,6,4,0.882,0.765,2,18.516666666666666,12,1,0.0434782608695652,1
753,Barbara Williams,barbara_williams,False,39,False,2,22,82,945,5083,10880,13,3,3,2,0,2,1,21,2,21,6,2,8,0,3,2,0,2,2,2,True,4,1,3,32,18,3,0.095,0.286,2,22.216666666666665,10,2,0.0869565217391304,2
754,Michael Jones,michael_jones,False,33,False,2,8,88,1038,21437,2342,19,1,6,0,1,0,0,3,2,2,2,2,2,0,1,1,3,2,3,1,True,1,3,3,25,9,4,1.0,1.0,1,17.25,12,2,0.0869565217391304,2
755,David Jones,david_jones,False,45,False,1,11,90,1234,5404,17650,13,4,5,1,1,1,3,26,4,9,3,1,1,1,3,2,3,2,1,3,True,2,4,3,33,15,3,0.111,0.333,0,18.766666666666666,7,2,0.0869565217391304,2
756,Jennifer Martinez,jennifer_martinez,False,32,False,2,29,69,1109,11135,4025,12,1,2,0,0,3,9,10,2,8,7,7,7,0,3,2,2,2,1,2,True,2,4,2,25,10,4,0.875,0.875,1,18.133333333333333,14,2,0.0869565217391304,1
757,Robert Williams,robert_williams,False,34,True,0,1,75,216,12278,9725,11,2,0,1,1,3,0,16,2,15,1,0,9,1,1,3,3,2,3,1,True,2,3,3,20,8,4,0.0,0.067,2,19.03333333333333,9,1,0.0434782608695652,2
758,Linda Davis,linda_davis,False,59,True,1,1,66,1089,11038,11904,14,3,5,1,1,1,3,14,1,6,4,0,4,1,1,2,3,2,2,0,True,4,4,3,8,3,5,0.0,0.667,2,19.383333333333333,10,1,0.0434782608695652,2
759,Jennifer Williams,jennifer_williams,False,45,True,2,24,36,788,8318,2177,16,1,8,1,2,3,1,6,3,6,3,0,4,0,1,2,1,2,0,2,True,2,2,3,44,24,3,0.0,0.5,2,17.9,11,2,0.0869565217391304,1
760,Michael Garcia,michael_garcia,False,53,False,1,2,38,124,23537,7525,12,3,0,2,1,2,2,30,2,15,7,6,12,1,2,1,1,2,0,2,True,1,2,2,20,9,4,0.4,0.467,1,15.233333333333334,8,1,0.0434782608695652,2
761,John Jones,john_jones,True,36,True,0,15,81,660,7858,4834,14,2,2,1,0,2,7,9,3,1,0,0,0,1,0,2,2,2,1,1,True,1,3,3,43,20,3,0.0,0.0,1,14.783333333333331,11,2,0.0869565217391304,2
762,John Williams,john_williams,True,26,True,1,2,57,342,15346,2042,14,1,1,2,0,2,6,6,2,3,2,1,2,1,0,2,0,2,1,2,True,4,2,2,21,12,4,0.333,0.667,2,16.916666666666668,10,2,0.0869565217391304,1
763,David Martinez,david_martinez,False,34,False,1,10,87,1333,18410,2220,19,1,6,1,1,3,1,1,2,1,1,0,0,1,2,2,2,2,3,2,True,4,2,4,19,6,4,0.0,1.0,1,21.45,11,2,0.0869565217391304,2
764,Linda Jones,linda_jones,False,28,True,1,10,74,1144,23384,1052,22,1,6,1,1,0,1,1,5,1,0,0,0,0,3,2,1,3,1,2,True,2,3,3,79,35,2,0.0,0.0,1,20.916666666666668,10,2,0.0869565217391304,1
765,Michael Brown,michael_brown,False,38,True,1,3,44,1186,2997,2821,16,1,1,2,0,3,3,8,2,2,2,2,2,1,2,2,2,2,0,2,True,2,3,2,22,12,4,1.0,1.0,0,20.366666666666667,18,1,0.0434782608695652,2
766,Elizabeth Miller,elizabeth_miller,False,50,True,1,2,62,1464,12853,19237,11,5,7,1,0,3,2,29,2,8,1,7,7,1,1,2,2,2,3,1,True,5,3,4,26,9,4,0.875,0.125,2,19.3,15,1,0.0434782608695652,1
767,Jennifer Williams,jennifer_williams,False,37,False,2,3,35,124,13848,4107,15,2,4,1,0,2,3,8,3,4,3,0,1,0,3,2,1,2,0,1,True,2,3,2,39,19,3,0.0,0.75,1,19.45,7,1,0.0434782608695652,2
768,William Johnson,william_johnson,False,40,True,1,26,74,300,22217,8396,14,2,0,1,1,2,1,8,3,7,7,7,5,1,2,2,0,2,1,1,True,2,2,3,37,14,3,1.0,1.0,2,12.5,12,3,0.1304347826086956,2
769,Jennifer Martinez,jennifer_martinez,False,26,False,0,1,66,921,25265,2007,13,1,1,2,0,0,1,5,5,5,3,1,3,2,0,1,2,2,2,2,True,2,2,3,77,43,2,0.2,0.6,1,16.78333333333333,7,1,0.0434782608695652,2
770,Elizabeth Johnson,elizabeth_johnson,False,46,True,0,1,40,430,21445,19627,17,5,7,1,0,3,9,23,0,2,2,2,2,2,3,2,3,2,3,2,True,3,4,4,0,0,5,1.0,1.0,0,18.98333333333333,11,1,0.0434782608695652,2
771,John Johnson,john_johnson,False,54,False,1,2,41,1082,8392,10686,11,3,0,1,1,3,6,13,4,9,4,7,0,1,2,1,2,2,1,2,True,2,1,2,45,18,3,0.778,0.444,0,14.116666666666667,10,1,0.0434782608695652,1
772,Jennifer Davis,jennifer_davis,False,56,False,1,9,63,1240,12154,2942,19,1,1,2,0,2,2,18,4,5,4,0,3,1,0,2,2,2,1,2,True,2,3,2,60,29,3,0.0,0.8,0,17.15,14,1,0.0434782608695652,2
773,William Davis,william_davis,False,36,False,2,12,51,796,15669,8858,11,3,3,1,0,4,0,15,2,14,8,7,8,0,3,1,3,2,1,1,True,3,3,3,19,7,4,0.5,0.571,2,20.633333333333333,7,1,0.0434782608695652,2
774,Robert Davis,robert_davis,False,55,True,2,2,40,444,17323,16756,15,4,5,0,0,0,7,31,3,9,7,6,2,0,2,1,0,2,1,3,True,1,2,2,37,14,3,0.667,0.778,1,20.28333333333333,8,2,0.0869565217391304,1
775,Barbara Miller,barbara_miller,False,43,True,0,25,79,415,5268,10798,13,3,0,1,1,2,5,18,5,1,0,0,0,1,2,1,3,2,2,2,True,2,2,3,78,33,2,0.0,0.0,0,15.733333333333334,8,2,0.0869565217391304,1
776,David Martinez,david_martinez,True,20,False,2,9,54,769,17205,2323,14,1,6,2,1,2,1,2,3,2,2,0,2,0,3,2,3,2,1,2,True,4,3,3,39,16,3,0.0,1.0,1,17.35,5,2,0.0869565217391304,2
777,Jennifer Rodriguez,jennifer_rodriguez,True,21,False,2,10,36,1334,17258,1416,13,1,2,1,0,2,1,1,6,1,0,1,0,0,2,1,0,2,0,1,True,1,1,2,87,40,2,1.0,0.0,2,17.45,11,1,0.0434782608695652,1
778,Robert Martinez,robert_martinez,False,46,False,0,8,74,1003,21029,4615,23,2,1,1,0,3,8,19,2,16,13,1,7,3,3,1,0,3,0,2,True,3,2,3,26,12,4,0.062,0.812,1,18.05,11,1,0.0434782608695652,2
779,John Brown,john_brown,True,51,True,1,4,34,1323,10332,2461,12,1,1,1,0,3,9,18,2,10,0,2,7,3,0,2,2,2,2,3,True,3,3,3,29,14,4,0.2,0.0,2,16.166666666666668,10,1,0.0434782608695652,2
780,Barbara Garcia,barbara_garcia,True,28,True,2,24,72,1366,12355,8722,12,3,4,0,0,1,1,10,2,10,7,1,9,0,1,1,0,2,0,1,True,3,2,1,31,15,3,0.1,0.7,2,13.35,9,1,0.0434782608695652,1
781,Elizabeth Davis,elizabeth_davis,False,26,True,1,1,59,192,11141,3955,16,1,2,1,0,1,1,6,2,5,3,1,3,2,0,1,0,2,0,2,True,3,1,2,20,8,4,0.2,0.6,2,17.733333333333334,10,2,0.0869565217391304,1
782,David Brown,david_brown,False,30,True,1,20,85,1176,9096,9957,15,2,3,1,0,2,0,7,1,6,2,0,2,1,2,2,0,2,2,1,True,2,2,3,9,3,5,0.0,0.333,1,18.45,9,1,0.0434782608695652,1
783,Robert Jones,robert_jones,False,41,False,1,7,43,509,18863,3376,13,1,1,1,0,1,1,10,3,10,6,0,8,0,1,3,2,2,2,2,True,2,4,4,36,19,3,0.0,0.6,0,14.6,9,2,0.0869565217391304,2
784,Barbara Brown,barbara_brown,False,38,False,1,17,65,330,24608,8823,18,3,4,1,0,0,0,20,4,19,9,1,9,1,2,1,2,2,0,1,True,2,2,2,54,30,3,0.053,0.474,0,11.5,12,2,0.0869565217391304,2
785,Jennifer Smith,jennifer_smith,False,40,True,1,20,61,1492,26542,10322,20,3,4,1,0,3,4,14,6,11,10,11,1,1,0,2,3,3,3,2,True,2,4,4,59,22,3,1.0,0.909,0,19.916666666666668,13,2,0.0869565217391304,2
786,James Martinez,james_martinez,False,27,True,1,8,87,1277,5869,4621,19,1,2,0,0,4,1,3,4,3,2,1,2,3,0,0,2,2,3,2,True,2,2,3,32,14,3,0.333,0.667,0,17.133333333333333,8,2,0.0869565217391304,2
787,Barbara Johnson,barbara_johnson,False,55,True,1,2,65,1091,15813,10976,18,3,3,2,0,0,3,23,4,3,2,1,2,1,3,2,1,2,1,2,True,3,2,3,43,19,3,0.333,0.667,1,18.666666666666668,11,1,0.0434782608695652,1
788,Linda Johnson,linda_johnson,False,28,False,2,10,59,857,7909,3660,13,2,1,1,0,2,3,10,4,8,7,1,7,0,2,2,2,2,3,3,True,1,2,4,63,29,2,0.125,0.875,0,16.15,9,1,0.0434782608695652,2
789,Jennifer Davis,jennifer_davis,True,44,True,1,1,91,1376,2326,10482,14,3,8,1,2,1,9,24,1,20,6,3,6,1,1,1,0,2,3,2,True,2,2,3,14,7,4,0.15,0.3,1,13.733333333333334,10,1,0.0434782608695652,1
790,Linda Williams,linda_williams,False,33,True,0,5,34,654,21214,7119,15,3,4,1,0,2,4,9,2,3,2,1,2,1,3,1,3,2,2,2,True,3,3,3,22,7,4,0.333,0.667,0,19.03333333333333,12,1,0.0434782608695652,2
791,Linda Davis,linda_davis,True,35,True,2,4,86,1204,10333,9582,22,3,0,1,1,2,0,9,2,8,7,4,7,0,3,2,0,3,0,2,True,4,1,3,19,10,4,0.5,0.875,2,16.383333333333333,11,1,0.0434782608695652,2
792,Robert Miller,robert_miller,True,33,False,2,29,54,827,3129,4508,22,2,1,2,0,3,1,14,4,13,7,3,8,0,0,1,2,3,1,2,True,1,2,4,43,14,3,0.231,0.538,0,15.783333333333331,13,3,0.1304347826086956,2
793,Elizabeth Williams,elizabeth_williams,False,28,True,0,15,50,895,22482,2207,16,1,2,1,0,1,1,4,5,4,2,2,2,1,0,2,2,2,3,1,True,1,3,3,47,21,3,0.5,0.5,2,16.916666666666668,11,1,0.0434782608695652,2
794,Barbara Rodriguez,barbara_rodriguez,False,34,True,2,3,45,618,22266,7756,17,2,4,2,0,0,0,7,1,6,2,0,4,0,0,2,3,2,2,1,True,2,4,4,9,5,5,0.0,0.333,1,20.933333333333334,7,2,0.0869565217391304,2
795,James Davis,james_davis,False,37,False,0,10,88,309,24223,6694,14,2,0,1,1,3,2,8,5,1,0,0,0,3,3,1,3,2,2,2,True,4,4,3,76,33,2,0.0,0.0,0,14.6,9,2,0.0869565217391304,1
796,Robert Rodriguez,robert_rodriguez,True,25,True,1,4,32,1219,4605,3691,15,1,2,1,0,0,1,7,3,7,7,5,6,1,3,2,3,2,1,3,True,5,3,3,48,17,3,0.714,1.0,1,25.9,10,1,0.0434782608695652,1
797,Patricia Jones,patricia_jones,True,26,True,0,21,37,1330,19373,2377,20,1,2,1,0,2,1,1,0,1,1,0,0,1,0,2,2,3,2,1,True,2,2,4,0,0,5,0.0,1.0,2,20.96666666666667,12,2,0.0869565217391304,1
798,James Martinez,james_martinez,True,33,True,2,25,55,1017,2993,2313,20,1,1,1,0,2,4,5,0,2,2,2,2,0,0,1,1,3,1,2,True,4,2,3,0,0,5,1.0,1.0,2,16.25,15,1,0.0434782608695652,1
799,Michael Jones,michael_jones,False,42,True,1,2,35,469,14399,17665,17,4,5,1,0,1,0,23,3,22,6,13,7,1,3,2,0,2,3,2,True,2,3,3,32,17,3,0.591,0.273,1,17.5,13,1,0.0434782608695652,1
800,William Williams,william_williams,True,28,True,0,1,45,1009,7160,2596,15,1,2,2,0,2,1,1,2,1,0,0,0,2,0,1,1,2,0,2,True,1,1,1,23,10,4,0.0,0.0,2,16.183333333333334,9,2,0.0869565217391304,1
801,Mary Williams,mary_williams,True,50,True,2,1,81,959,17251,4728,14,2,0,2,1,3,3,5,4,0,0,0,0,0,3,2,2,2,3,2,True,4,3,4,39,14,3,0.0,0.0,0,16.4,10,1,0.0434782608695652,2
802,James Johnson,james_johnson,False,33,False,1,7,30,970,13401,4302,17,2,0,2,1,2,0,4,3,3,2,0,2,1,3,2,1,2,2,2,True,1,3,3,31,18,3,0.0,0.667,0,19.58333333333333,7,1,0.0434782608695652,1
803,Michael Jones,michael_jones,False,34,True,1,3,40,697,22478,2979,17,1,1,0,0,3,3,6,2,0,0,0,0,3,2,1,3,2,3,2,True,2,3,4,19,9,4,0.0,0.0,0,18.016666666666666,10,1,0.0434782608695652,2
804,David Miller,david_miller,False,48,True,2,1,35,1262,16154,16885,22,4,5,0,0,3,2,27,3,5,4,2,1,0,0,3,3,3,2,1,True,2,4,4,43,24,3,0.4,0.8,1,18.8,11,1,0.0434782608695652,2
805,Mary Davis,mary_davis,False,45,False,1,9,65,1050,17970,5593,13,2,0,0,1,3,1,15,2,15,10,4,12,1,1,1,2,2,3,2,True,2,3,4,27,11,4,0.267,0.667,0,21.8,15,1,0.0434782608695652,1
806,Jennifer Brown,jennifer_brown,False,52,True,2,7,87,994,15322,10445,19,3,4,1,0,3,7,18,4,8,6,4,0,0,1,2,1,2,3,2,True,1,3,3,52,21,3,0.5,0.75,1,22.23333333333333,8,1,0.0434782608695652,1
807,Barbara Williams,barbara_williams,False,38,True,0,10,73,770,5569,8740,14,3,0,1,1,3,0,9,2,8,7,2,7,2,2,1,2,2,1,2,True,4,2,4,22,13,4,0.25,0.875,1,16.583333333333332,9,2,0.0869565217391304,2
808,Michael Garcia,michael_garcia,False,29,False,0,28,93,1107,26968,2514,22,1,1,1,0,3,4,11,1,7,5,1,7,1,2,2,3,3,0,2,True,2,3,2,15,7,4,0.143,0.714,1,20.566666666666663,8,2,0.0869565217391304,2
809,David Brown,david_brown,False,28,False,0,3,93,950,8039,7655,17,3,3,1,0,2,0,10,3,9,7,1,7,3,3,2,1,2,1,1,True,2,3,3,47,16,3,0.111,0.778,2,16.416666666666668,11,1,0.0434782608695652,2
810,Jennifer Johnson,jennifer_johnson,False,46,True,1,3,52,406,15596,17465,12,4,5,1,1,0,3,23,3,12,9,4,9,1,0,2,2,2,3,2,True,2,3,3,28,10,4,0.333,0.75,0,17.2,8,1,0.0434782608695652,1
811,David Garcia,david_garcia,False,38,True,2,2,32,130,20619,7351,16,3,0,1,1,1,7,10,2,1,0,0,0,0,3,2,1,2,2,2,True,2,3,3,20,9,4,0.0,0.0,1,13.066666666666666,11,1,0.0434782608695652,2
812,Michael Rodriguez,michael_rodriguez,False,43,False,1,27,83,1082,11535,10820,11,3,3,2,0,2,8,18,1,8,7,0,1,1,2,2,0,2,2,2,True,2,3,3,12,4,4,0.0,0.875,1,15.633333333333333,9,2,0.0869565217391304,2
813,Barbara Miller,barbara_miller,True,39,True,0,2,84,203,13547,12169,11,4,4,2,0,2,7,21,4,18,7,11,5,3,0,2,3,2,3,2,True,2,3,2,35,15,3,0.611,0.389,0,17.2,10,3,0.1304347826086956,2
814,Robert Smith,robert_smith,False,40,True,2,14,44,1308,17544,19626,14,5,7,1,0,2,1,21,2,20,7,4,9,0,2,1,2,2,0,3,True,2,2,2,23,10,4,0.2,0.35,0,18.95,13,1,0.0434782608695652,1
815,Mary Williams,mary_williams,False,21,False,2,1,70,984,25326,2070,11,1,1,1,0,0,1,2,6,2,2,2,2,0,3,1,1,2,2,3,True,4,2,3,76,41,2,1.0,1.0,2,20.3,8,2,0.0869565217391304,1
816,John Johnson,john_johnson,False,39,True,2,9,70,439,8770,6782,15,2,2,0,0,2,9,9,2,5,4,0,3,0,2,2,1,2,2,1,True,2,2,3,24,10,4,0.0,0.8,2,12.566666666666666,8,1,0.0434782608695652,2
817,Barbara Brown,barbara_brown,False,36,True,2,18,78,217,23238,7779,20,2,3,0,0,3,2,18,0,11,9,0,9,0,0,2,3,3,0,2,True,2,3,3,0,0,5,0.0,0.818,0,13.25,9,2,0.0869565217391304,1
818,Robert Garcia,robert_garcia,False,31,True,1,20,67,793,21981,2791,12,1,6,2,1,2,0,3,4,2,2,2,2,1,2,3,3,2,0,2,True,2,3,2,49,17,3,1.0,1.0,0,14.95,10,1,0.0434782608695652,1
819,James Garcia,james_garcia,False,28,True,1,2,67,1451,19911,3201,17,1,1,1,0,0,0,6,2,5,3,0,4,0,0,1,1,2,0,0,True,3,2,2,31,15,3,0.0,0.6,2,18.916666666666668,7,1,0.0434782608695652,2
820,Michael Davis,michael_davis,False,35,True,0,11,54,1182,18500,4968,11,2,0,2,1,1,1,5,3,5,2,0,2,1,3,2,3,2,3,2,True,1,3,4,29,9,4,0.0,0.4,0,17.016666666666666,10,1,0.0434782608695652,2
821,Robert Williams,robert_williams,False,49,True,1,8,56,174,11879,13120,17,4,0,1,1,3,6,22,3,9,8,2,3,1,3,1,1,2,1,2,True,3,2,3,40,21,3,0.222,0.889,1,16.516666666666666,13,1,0.0434782608695652,1
822,Robert Brown,robert_brown,False,34,True,2,2,95,1003,15834,4033,11,2,3,2,0,1,2,5,3,3,2,0,2,0,3,2,2,2,3,1,True,3,4,4,25,15,4,0.0,0.667,1,21.183333333333334,14,2,0.0869565217391304,2
823,James Johnson,james_johnson,False,29,False,0,10,61,490,17940,3291,14,1,1,2,0,2,0,8,2,7,5,1,1,2,3,2,1,2,3,1,True,1,3,3,17,9,4,0.143,0.714,2,18.85,13,1,0.0434782608695652,1
824,Jennifer Brown,jennifer_brown,False,42,True,2,29,56,188,9558,4272,19,2,2,1,0,2,4,16,3,1,0,0,0,0,1,0,3,2,0,2,True,1,3,2,37,17,3,0.0,0.0,0,18.0,13,2,0.0869565217391304,1
825,William Johnson,william_johnson,False,29,True,1,8,79,718,17689,5056,15,2,3,1,0,0,1,10,2,10,7,1,2,1,1,1,3,2,2,1,True,4,3,3,18,8,4,0.1,0.7,2,17.7,13,1,0.0434782608695652,1
826,Barbara Davis,barbara_davis,False,38,True,1,1,37,433,6004,2844,13,1,8,1,2,2,1,7,2,7,6,5,0,1,2,3,2,2,3,3,True,2,4,3,16,9,4,0.714,0.857,0,26.46666666666667,11,2,0.0869565217391304,2
827,Patricia Rodriguez,patricia_rodriguez,False,28,True,0,6,39,773,22088,2703,14,1,1,2,0,2,1,3,2,3,1,0,2,1,2,1,2,2,3,2,True,3,3,4,19,11,4,0.0,0.333,1,14.516666666666667,12,1,0.0434782608695652,2
828,Linda Davis,linda_davis,True,18,True,2,8,80,247,13556,1904,12,1,2,0,0,0,1,0,0,0,0,0,0,0,2,2,2,2,3,2,True,3,3,4,0,0,5,0.0,0.0,0,17.166666666666668,12,2,0.0869565217391304,1
829,Robert Martinez,robert_martinez,True,33,False,2,9,77,603,18385,8224,17,2,0,1,1,3,0,6,3,5,2,0,3,0,0,2,0,2,0,2,True,3,2,2,41,17,3,0.0,0.4,2,27.133333333333333,13,2,0.0869565217391304,1
830,Robert Garcia,robert_garcia,False,41,True,1,12,46,167,9051,4766,11,1,2,1,0,3,3,6,4,1,0,0,0,1,1,2,3,2,0,2,True,4,2,3,38,23,3,0.0,0.0,1,20.6,7,1,0.0434782608695652,1
831,Elizabeth Garcia,elizabeth_garcia,True,31,True,1,15,72,874,6233,2610,12,1,2,2,0,2,1,2,5,2,2,2,2,1,2,2,2,2,2,1,True,2,3,3,67,23,2,1.0,1.0,1,17.766666666666666,10,1,0.0434782608695652,1
832,James Rodriguez,james_rodriguez,False,37,False,0,25,52,367,17171,5731,13,2,4,1,0,1,7,9,2,6,2,1,3,2,2,1,3,2,2,2,True,1,4,3,19,7,4,0.167,0.333,0,17.666666666666668,11,1,0.0434782608695652,1
833,Jennifer Rodriguez,jennifer_rodriguez,False,27,True,1,6,55,199,7950,2539,13,1,1,1,0,2,1,4,0,4,2,2,2,1,3,1,2,2,2,2,True,2,2,3,0,0,5,0.5,0.5,0,14.866666666666667,10,3,0.1304347826086956,2
834,James Williams,james_williams,False,34,False,1,9,70,1400,5829,5714,20,2,0,1,1,0,1,6,3,6,5,1,3,0,1,2,2,3,0,1,True,2,3,4,34,13,3,0.167,0.833,2,20.71666666666667,11,1,0.0434782608695652,1
835,William Garcia,william_garcia,False,35,True,2,8,100,528,7108,4323,17,1,8,1,2,3,1,6,2,5,4,1,4,0,2,2,2,2,1,0,True,2,3,2,26,14,4,0.2,0.8,0,21.016666666666666,11,1,0.0434782608695652,1
836,William Martinez,william_martinez,True,29,False,1,23,45,408,11162,7336,13,3,0,1,1,0,1,11,3,11,8,3,10,1,3,1,0,2,0,0,True,2,1,2,48,27,3,0.273,0.727,2,21.416666666666668,8,2,0.0869565217391304,2
837,Mary Johnson,mary_johnson,False,40,False,2,9,88,593,13782,13499,17,3,7,2,0,3,9,20,3,18,7,2,13,0,1,2,2,2,2,1,True,2,4,3,47,25,3,0.111,0.389,1,19.45,12,1,0.0434782608695652,2
838,John Johnson,john_johnson,True,42,True,2,12,44,481,2447,13758,12,4,0,2,1,2,0,22,2,21,9,13,14,0,2,2,0,2,1,1,True,4,2,2,16,8,4,0.619,0.429,2,19.8,8,2,0.0869565217391304,1
839,James Garcia,james_garcia,False,42,True,2,4,45,647,2253,5155,13,2,0,1,1,3,7,9,3,6,4,1,5,0,1,2,0,2,3,3,True,2,2,4,45,20,3,0.167,0.667,1,19.516666666666666,10,1,0.0434782608695652,1
840,John Smith,john_smith,False,35,True,1,1,58,982,16340,2258,12,1,2,1,0,3,6,10,2,8,0,1,7,1,3,1,2,2,1,2,True,2,3,3,17,9,4,0.125,0.0,0,19.516666666666666,11,1,0.0434782608695652,1
841,Robert Rodriguez,robert_rodriguez,False,24,True,2,24,49,477,6409,3597,22,1,2,1,0,2,8,6,2,4,3,1,2,0,3,2,1,3,3,2,True,2,2,5,31,13,3,0.25,0.75,2,15.55,11,2,0.0869565217391304,2
842,Elizabeth Rodriguez,elizabeth_rodriguez,True,28,False,1,12,79,1485,22955,2515,11,1,2,1,0,0,1,1,4,1,1,0,0,0,2,2,3,2,3,1,True,5,3,4,41,23,3,0.0,1.0,2,16.833333333333332,10,1,0.0434782608695652,2
843,Barbara Martinez,barbara_martinez,False,26,True,1,3,82,1384,13421,4420,22,1,2,1,0,3,1,8,2,8,7,0,7,1,0,3,3,3,1,2,True,2,4,2,22,11,4,0.0,0.875,0,20.383333333333333,10,1,0.0434782608695652,1
844,William Rodriguez,william_rodriguez,False,30,True,1,10,72,852,2706,6578,18,2,0,1,1,2,1,10,3,10,3,1,4,1,2,1,2,2,0,2,True,2,2,2,26,13,4,0.1,0.3,0,17.666666666666668,15,2,0.0869565217391304,2
845,Mary Davis,mary_davis,False,40,False,1,26,92,902,21203,4422,13,2,1,2,0,1,3,16,3,1,1,0,0,1,2,1,3,2,3,0,True,4,3,4,27,12,4,0.0,1.0,2,19.216666666666665,11,1,0.0434782608695652,1
846,Barbara Rodriguez,barbara_rodriguez,False,35,True,0,2,44,819,19588,10274,18,3,3,1,0,2,2,15,2,7,7,6,4,1,2,1,1,2,1,3,True,2,2,2,28,16,4,0.857,1.0,1,21.28333333333333,12,1,0.0434782608695652,1
847,Elizabeth Jones,elizabeth_jones,False,34,True,2,1,97,669,25755,5343,20,2,4,2,0,2,0,14,3,13,9,4,9,0,3,1,0,3,2,2,True,2,2,3,47,18,3,0.308,0.692,1,17.983333333333334,15,1,0.0434782608695652,1
848,Linda Smith,linda_smith,False,35,True,1,4,47,636,26537,2376,13,1,2,2,0,3,1,2,2,2,2,2,2,1,3,1,3,2,1,3,True,2,2,3,26,11,4,1.0,1.0,0,14.583333333333334,11,1,0.0434782608695652,1
849,Michael Johnson,michael_johnson,True,43,False,2,9,85,1372,9489,5346,13,2,0,1,1,2,8,7,2,4,3,1,3,0,0,0,2,2,1,1,True,1,1,2,27,14,4,0.25,0.75,2,21.916666666666668,13,1,0.0434782608695652,2
850,Michael Williams,michael_williams,False,32,False,0,2,76,862,14947,2827,12,1,6,0,1,0,1,1,3,1,0,0,0,3,2,2,0,2,2,2,True,2,2,3,42,19,3,0.0,0.0,1,26.71666666666667,12,1,0.0434782608695652,1
851,Patricia Johnson,patricia_johnson,False,56,False,0,4,92,718,18575,19943,13,5,5,1,0,3,4,28,2,5,2,4,2,1,3,2,0,2,3,2,True,3,3,4,20,11,4,0.8,0.4,1,24.8,10,1,0.0434782608695652,2
852,Jennifer Brown,jennifer_brown,False,29,False,1,6,54,1401,26342,3131,13,1,2,1,0,0,1,10,5,10,8,0,8,1,1,2,3,2,0,2,True,2,4,2,42,17,3,0.0,0.8,0,13.516666666666666,10,1,0.0434782608695652,2
853,Barbara Garcia,barbara_garcia,False,19,True,2,9,54,645,7172,2552,25,1,1,1,0,1,1,1,4,1,1,0,0,0,2,2,0,3,2,2,True,3,2,3,32,13,3,0.0,1.0,1,19.98333333333333,10,1,0.0434782608695652,1
854,John Martinez,john_martinez,False,45,False,1,7,83,1457,20100,4477,19,1,1,1,0,2,4,7,2,3,2,0,2,1,0,2,2,2,2,1,True,3,2,3,22,12,4,0.0,0.667,2,20.216666666666665,12,1,0.0434782608695652,2
855,Michael Miller,michael_miller,False,37,False,1,1,56,977,9961,6474,13,2,3,1,0,2,1,14,2,14,8,3,11,1,3,1,3,2,1,1,True,2,3,3,20,9,4,0.214,0.571,0,22.316666666666663,8,1,0.0434782608695652,1
856,James Jones,james_jones,False,20,True,2,3,87,805,12828,3033,12,1,2,1,0,2,1,2,2,2,2,1,2,0,0,1,2,2,0,1,True,2,2,2,17,8,4,0.5,1.0,2,16.65,6,1,0.0434782608695652,1
857,David Johnson,david_johnson,True,44,True,2,10,96,1097,10826,2936,11,1,1,1,0,3,1,6,4,6,4,0,2,0,2,2,2,2,2,2,True,4,2,3,38,15,3,0.0,0.667,1,23.766666666666666,9,1,0.0434782608695652,1
858,Robert Williams,robert_williams,False,53,False,0,7,50,1223,18640,18606,18,5,5,1,0,1,3,26,6,7,7,4,7,1,3,2,2,2,1,2,True,3,2,2,54,21,3,0.571,1.0,0,16.4,13,2,0.0869565217391304,2
859,Mary Davis,mary_davis,False,29,False,1,15,69,942,26933,2168,18,1,1,1,0,0,0,6,2,5,4,1,3,1,1,0,3,2,0,1,True,4,2,2,31,15,3,0.2,0.8,2,17.633333333333333,10,1,0.0434782608695652,2
860,Michael Johnson,michael_johnson,True,22,True,1,3,48,1256,4223,2853,11,1,1,2,0,3,0,1,5,0,0,0,0,1,2,1,3,2,1,2,True,3,3,3,46,15,3,0.0,0.0,1,20.65,12,1,0.0434782608695652,1
861,Mary Martinez,mary_martinez,False,46,False,1,2,69,1402,24097,17048,23,4,5,1,1,2,8,28,2,26,15,15,9,0,2,2,0,3,0,2,True,3,2,3,25,14,4,0.577,0.577,1,16.9,9,3,0.1304347826086956,2
862,Robert Martinez,robert_martinez,False,44,True,2,17,74,111,4279,2290,13,1,1,0,0,2,2,6,3,0,0,0,0,0,3,0,2,2,3,2,True,2,2,4,38,20,3,0.0,0.0,0,18.066666666666663,15,1,0.0434782608695652,1
863,William Smith,william_smith,False,33,True,1,2,99,147,8429,3600,13,1,8,1,2,2,1,5,2,5,4,1,4,1,1,2,2,2,3,2,True,3,3,3,25,9,4,0.2,0.8,0,18.55,9,1,0.0434782608695652,1
864,Elizabeth Smith,elizabeth_smith,True,41,True,0,5,95,906,20293,2107,17,1,1,0,0,1,6,5,2,1,0,0,0,1,0,1,0,2,0,0,True,2,2,2,18,9,4,0.0,0.0,2,18.28333333333333,12,1,0.0434782608695652,2
865,Barbara Miller,barbara_miller,False,30,True,0,29,61,1329,13192,4115,19,2,0,1,1,3,8,8,3,4,3,0,3,3,2,2,0,2,2,2,True,2,2,3,32,15,3,0.0,0.75,1,19.15,7,1,0.0434782608695652,1
866,Barbara Martinez,barbara_martinez,False,40,True,1,2,62,1184,25440,4327,12,2,0,2,1,3,5,5,2,0,0,0,0,3,1,2,1,2,3,2,True,2,3,3,17,6,4,0.0,0.0,1,17.483333333333334,9,2,0.0869565217391304,2
867,Robert Brown,robert_brown,False,50,False,1,2,30,1421,9490,17856,22,4,5,2,0,2,2,32,3,2,2,2,2,1,3,2,0,3,2,2,True,2,2,4,33,13,3,1.0,1.0,1,26.866666666666667,12,1,0.0434782608695652,1
868,Robert Martinez,robert_martinez,False,28,True,1,19,78,1179,12449,3196,12,1,2,1,0,3,1,6,2,6,5,3,3,3,3,1,0,2,2,2,True,3,1,4,19,8,4,0.5,0.833,1,15.983333333333334,9,1,0.0434782608695652,2
869,Jennifer Jones,jennifer_jones,False,46,True,1,15,52,1450,10849,19081,11,5,7,1,0,1,5,25,2,4,2,0,3,1,3,2,1,2,0,2,True,2,2,2,25,13,4,0.0,0.5,1,16.466666666666665,6,2,0.0869565217391304,2
870,Linda Miller,linda_miller,False,35,True,1,17,94,1361,21026,8966,15,2,0,1,1,3,3,15,2,7,7,1,7,3,2,2,0,2,3,2,True,4,2,4,27,13,4,0.143,1.0,2,19.516666666666666,11,2,0.0869565217391304,1
871,Barbara Miller,barbara_miller,True,24,False,1,17,97,984,3372,2210,13,1,2,1,0,1,1,1,3,1,0,0,0,1,3,2,1,2,0,0,True,1,3,2,37,17,3,0.0,0.0,2,12.783333333333331,9,1,0.0434782608695652,2
872,Michael Williams,michael_williams,False,33,False,1,25,82,1146,4905,4539,12,2,0,2,1,2,1,10,3,10,7,0,1,1,1,2,2,2,0,1,True,2,3,1,34,18,3,0.0,0.7,2,16.5,9,1,0.0434782608695652,2
873,Robert Brown,robert_brown,False,36,True,0,6,60,917,6865,2741,14,1,2,1,0,3,1,7,4,7,7,1,7,1,2,0,2,2,2,2,True,2,2,4,44,23,3,0.143,1.0,0,19.08333333333333,10,1,0.0434782608695652,2
874,Patricia Rodriguez,patricia_rodriguez,False,30,True,0,7,49,853,11309,3491,13,2,2,1,0,3,1,10,4,10,7,8,9,3,2,2,2,2,0,1,True,2,3,2,59,29,3,0.8,0.7,1,19.28333333333333,8,3,0.1304347826086956,1
875,Barbara Williams,barbara_williams,False,44,True,2,29,32,200,7744,4541,25,2,1,1,0,3,1,20,3,20,11,13,17,0,3,2,3,3,1,2,True,3,4,3,29,16,4,0.65,0.55,1,21.066666666666663,7,2,0.0869565217391304,2
876,Michael Johnson,michael_johnson,False,20,True,2,21,43,654,5050,2678,17,1,6,1,1,2,1,2,2,2,1,2,2,0,2,3,3,2,3,2,True,2,4,4,28,11,4,1.0,0.5,1,20.316666666666663,11,1,0.0434782608695652,1
877,William Davis,william_davis,False,46,True,0,2,60,150,17433,7379,11,2,3,1,0,3,2,12,3,6,3,1,4,1,3,2,3,2,2,1,True,2,4,4,42,24,3,0.167,0.5,1,16.083333333333336,13,1,0.0434782608695652,2
878,Barbara Martinez,barbara_martinez,False,42,True,1,2,79,179,12858,6272,16,2,8,0,2,4,7,10,3,4,3,0,3,1,3,3,0,2,0,3,True,2,2,2,34,16,3,0.0,0.75,1,16.25,10,2,0.0869565217391304,2
879,Michael Smith,michael_smith,False,60,True,0,7,52,696,10893,5220,18,2,0,1,1,3,0,12,3,11,7,1,9,1,1,3,3,2,1,2,True,4,3,2,31,17,3,0.091,0.636,1,18.85,12,1,0.0434782608695652,1
880,Elizabeth Smith,elizabeth_smith,False,32,False,1,13,77,116,7331,2743,20,1,2,2,0,2,1,2,2,2,2,2,2,1,2,1,1,3,2,2,True,3,2,4,24,11,4,1.0,1.0,1,14.2,7,2,0.0869565217391304,2
881,Elizabeth Williams,elizabeth_williams,False,32,False,2,2,38,1316,2338,4998,14,2,1,2,0,1,4,10,2,8,7,0,7,0,3,2,2,2,3,2,True,3,3,4,17,6,4,0.0,0.875,1,17.333333333333332,10,1,0.0434782608695652,2
882,Robert Garcia,robert_garcia,False,36,False,0,1,77,363,4235,10252,21,3,3,1,0,2,2,17,2,7,7,7,7,1,2,0,0,3,2,2,True,4,1,4,17,8,4,1.0,1.0,2,20.016666666666666,10,3,0.1304347826086956,2
883,Mary Williams,mary_williams,False,33,True,1,9,60,117,6311,2781,13,1,1,1,0,2,0,15,5,14,10,4,10,1,0,2,3,2,1,2,True,3,4,3,44,18,3,0.286,0.714,0,23.71666666666667,12,1,0.0434782608695652,2
884,Jennifer Davis,jennifer_davis,False,40,False,0,10,84,107,11591,6852,12,2,0,1,1,2,7,7,2,5,1,1,3,1,1,1,1,2,1,3,True,3,2,2,19,10,4,0.2,0.2,2,22.816666666666663,10,3,0.1304347826086956,1
885,John Smith,john_smith,False,25,True,2,10,57,1356,20623,4950,14,2,0,1,1,3,0,5,4,4,3,1,1,0,2,2,3,2,1,2,True,2,3,2,48,21,3,0.25,0.75,0,19.316666666666663,13,2,0.0869565217391304,2
886,James Williams,james_williams,False,30,True,1,1,63,1465,9369,3579,21,1,1,1,0,2,0,12,2,11,9,5,7,1,3,2,1,3,0,2,True,3,2,4,30,17,4,0.455,0.818,2,18.2,13,2,0.0869565217391304,2
887,James Brown,james_brown,False,42,False,1,26,60,458,23281,13191,17,3,7,2,0,4,3,20,6,1,0,0,0,0,0,2,0,2,2,2,True,5,2,3,59,30,3,0.0,0.0,2,18.78333333333333,12,2,0.0869565217391304,1
888,John Johnson,john_johnson,False,35,False,1,8,78,1212,13755,10377,11,3,0,0,1,1,4,16,6,13,2,4,12,1,2,1,3,2,1,1,True,4,3,3,93,47,2,0.308,0.154,2,15.3,12,3,0.1304347826086956,1
889,Patricia Rodriguez,patricia_rodriguez,False,27,True,1,14,42,1103,14377,2235,14,1,1,1,0,2,1,9,3,9,7,6,8,2,0,2,0,2,3,1,True,3,2,4,47,17,3,0.667,0.778,2,20.666666666666668,9,1,0.0434782608695652,1
890,Barbara Davis,barbara_davis,False,54,False,0,1,53,966,9659,10502,17,3,3,2,0,3,7,33,2,5,4,1,4,1,3,2,2,2,0,0,True,2,2,2,31,18,3,0.2,0.8,1,17.45,11,1,0.0434782608695652,1
891,John Smith,john_smith,False,44,False,1,2,72,1117,19982,2011,13,1,1,1,0,0,1,10,5,10,5,7,7,1,0,3,3,2,3,2,True,1,4,3,74,41,2,0.7,0.5,1,20.05,11,1,0.0434782608695652,1
892,Patricia Garcia,patricia_garcia,True,19,False,2,10,96,504,6148,1859,25,1,1,0,0,2,1,1,2,1,1,0,0,0,0,1,1,3,1,3,True,3,2,2,22,12,4,0.0,1.0,2,18.45,11,1,0.0434782608695652,2
893,Michael Rodriguez,michael_rodriguez,False,29,False,0,1,97,1010,5598,3760,15,1,1,1,0,2,1,3,5,3,2,1,2,3,0,2,3,2,0,2,True,1,3,2,43,17,3,0.333,0.667,1,14.866666666666667,9,4,0.1739130434782608,1
894,John Rodriguez,john_rodriguez,False,54,True,1,3,85,685,23474,17779,14,4,7,1,0,2,3,36,2,10,9,0,9,0,3,2,3,2,0,2,True,2,3,2,25,12,4,0.0,0.9,0,22.75,7,2,0.0869565217391304,2
895,Robert Brown,robert_brown,False,31,True,1,11,80,1332,17089,6833,12,2,4,1,0,1,1,6,2,6,5,0,1,0,2,2,0,2,3,1,True,4,2,2,25,9,4,0.0,0.833,2,17.0,8,1,0.0434782608695652,1
896,Elizabeth Martinez,elizabeth_martinez,False,31,False,2,24,96,1062,17198,6812,19,2,4,1,0,2,1,10,2,10,9,1,8,0,2,1,0,2,1,2,True,2,1,3,30,14,4,0.1,0.9,1,17.016666666666666,11,1,0.0434782608695652,2
897,Mary Brown,mary_brown,False,59,False,2,3,48,326,16490,5171,17,2,0,1,1,2,5,13,2,6,1,0,5,0,2,1,3,2,3,2,True,3,3,4,32,11,3,0.0,0.167,0,13.333333333333334,5,2,0.0869565217391304,1
898,Jennifer Martinez,jennifer_martinez,False,43,True,1,3,96,920,18625,19740,14,5,7,1,0,2,3,25,2,8,7,0,7,1,2,0,3,2,1,2,True,4,2,3,24,11,4,0.0,0.875,0,16.75,12,3,0.1304347826086956,1
899,James Davis,james_davis,False,49,True,1,4,85,1098,12124,18711,13,5,5,1,0,1,2,23,2,1,0,0,0,1,0,1,2,2,2,3,True,3,2,3,22,11,4,0.0,0.0,0,17.416666666666668,11,1,0.0434782608695652,2
900,Mary Jones,mary_jones,False,36,True,1,3,46,469,9256,3692,12,1,1,2,0,2,1,12,2,11,10,0,7,0,2,2,1,2,2,1,True,2,3,4,19,8,4,0.0,0.909,2,13.783333333333331,10,1,0.0434782608695652,2
901,Barbara Johnson,barbara_johnson,False,48,True,2,2,76,969,16620,2559,11,1,2,1,0,1,5,7,4,1,0,0,0,0,3,3,1,2,2,1,True,2,3,4,32,14,3,0.0,0.0,2,20.83333333333333,12,1,0.0434782608695652,1
902,Jennifer Garcia,jennifer_garcia,False,27,True,0,4,76,1167,3208,2517,11,1,1,1,0,1,1,5,2,5,3,0,3,3,0,2,2,2,1,2,True,2,4,3,24,14,4,0.0,0.6,0,20.883333333333333,12,1,0.0434782608695652,2
903,Elizabeth Rodriguez,elizabeth_rodriguez,False,29,True,0,7,82,1329,4204,6623,11,2,4,1,0,2,1,6,2,6,0,1,0,2,2,2,3,2,1,2,True,3,4,3,25,8,4,0.167,0.0,1,19.75,12,1,0.0434782608695652,2
904,Patricia Smith,patricia_smith,False,48,True,2,1,76,715,8733,18265,12,5,7,1,0,2,6,25,3,1,0,0,0,0,3,1,3,2,2,3,True,3,3,3,44,24,3,0.0,0.0,0,22.25,13,2,0.0869565217391304,2
905,James Miller,james_miller,False,29,False,0,1,87,694,3423,16124,14,4,7,1,0,2,3,9,2,7,7,1,7,2,3,1,3,2,1,1,True,2,3,3,24,8,4,0.143,1.0,2,17.133333333333333,11,1,0.0434782608695652,1
906,James Williams,james_williams,False,34,False,1,20,89,1320,21643,2585,17,1,1,1,0,2,0,2,5,1,0,0,0,0,2,3,2,2,3,1,True,3,3,3,77,24,2,0.0,0.0,0,15.15,10,1,0.0434782608695652,2
907,Michael Davis,michael_davis,False,44,True,1,5,88,1099,8751,18213,11,5,5,1,1,2,7,26,5,22,9,3,10,1,1,2,1,2,2,2,True,3,2,4,65,23,2,0.136,0.409,1,17.866666666666667,10,1,0.0434782608695652,1
908,Linda Rodriguez,linda_rodriguez,False,33,True,0,10,82,536,21708,8380,14,3,0,1,1,4,0,10,3,9,8,0,8,2,3,3,2,2,3,2,True,4,4,4,44,23,3,0.0,0.889,1,19.73333333333333,15,1,0.0434782608695652,1
909,Jennifer Jones,jennifer_jones,False,19,False,2,25,57,265,21221,2994,12,1,1,1,0,2,1,1,2,1,0,0,1,0,1,3,3,2,3,2,True,5,3,3,18,8,4,0.0,0.0,2,18.816666666666663,13,2,0.0869565217391304,2
910,Mary Miller,mary_miller,False,23,True,1,1,47,373,16901,1223,22,1,1,1,0,1,1,1,2,1,0,0,1,1,3,2,2,3,3,2,True,2,3,5,30,17,4,0.0,0.0,0,18.33333333333333,7,3,0.1304347826086956,2
911,Jennifer Rodriguez,jennifer_rodriguez,True,25,True,2,24,73,599,8040,1118,14,1,6,2,1,0,1,1,4,1,0,1,0,0,2,0,3,2,3,2,True,4,3,3,54,25,3,1.0,0.0,2,18.28333333333333,8,2,0.0869565217391304,2
912,James Miller,james_miller,False,26,True,2,4,53,583,9973,2875,20,1,1,1,0,1,1,8,2,8,5,2,2,0,2,2,3,3,1,1,True,5,4,3,19,6,4,0.25,0.625,2,13.3,13,1,0.0434782608695652,1
913,Mary Williams,mary_williams,True,45,False,2,2,94,1449,2493,18824,16,5,5,1,1,2,2,26,2,24,10,1,11,0,0,0,1,2,0,2,True,5,1,2,19,10,4,0.042,0.417,2,9.533333333333331,10,3,0.1304347826086956,2
914,Patricia Rodriguez,patricia_rodriguez,False,55,True,0,8,37,177,25592,13577,15,4,4,0,0,0,1,34,3,33,9,15,0,1,3,1,1,2,3,2,True,5,2,3,46,15,3,0.455,0.273,2,18.7,9,1,0.0434782608695652,1
915,Robert Williams,robert_williams,True,21,False,2,10,45,251,25308,2625,20,1,2,2,0,1,1,2,2,2,2,2,2,0,0,1,2,3,2,0,True,1,3,4,17,9,4,1.0,1.0,2,16.716666666666665,14,1,0.0434782608695652,1
916,David Brown,david_brown,False,46,False,1,4,33,168,9946,18789,14,5,5,1,1,1,2,26,2,11,4,0,8,1,3,1,1,2,2,2,True,3,2,3,23,8,4,0.0,0.364,0,17.933333333333334,12,1,0.0434782608695652,1
917,John Johnson,john_johnson,False,34,False,2,2,86,131,6039,4538,12,2,0,1,1,2,0,4,3,3,2,0,2,0,2,2,0,2,3,2,True,4,2,4,32,13,3,0.0,0.667,2,21.53333333333333,7,1,0.0434782608695652,2
918,Robert Johnson,robert_johnson,False,51,True,0,9,83,237,19196,19847,24,5,5,2,1,2,4,31,5,29,10,11,10,1,3,2,1,3,0,1,True,5,3,3,67,35,2,0.379,0.345,2,15.483333333333334,11,1,0.0434782608695652,2
919,Patricia Smith,patricia_smith,False,59,True,2,18,67,1429,20002,10512,12,3,3,1,0,3,6,25,6,9,7,5,4,0,3,2,3,2,3,1,True,3,3,3,88,52,2,0.556,0.778,0,20.166666666666668,10,1,0.0434782608695652,1
920,Michael Jones,michael_jones,False,34,False,0,19,46,135,22534,4444,13,2,2,2,0,2,4,15,2,11,8,5,10,2,2,2,1,2,2,3,True,1,2,3,22,9,4,0.455,0.727,1,19.9,11,1,0.0434782608695652,1
921,David Brown,david_brown,False,28,True,2,1,44,791,6842,2154,11,1,2,2,0,3,0,5,2,4,2,0,2,0,3,2,2,2,2,1,True,4,4,3,23,13,4,0.0,0.5,2,24.066666666666663,10,1,0.0434782608695652,2
922,Barbara Garcia,barbara_garcia,False,44,True,0,4,92,1199,17477,19190,14,5,5,1,0,1,1,26,4,25,9,14,13,2,2,3,0,2,3,1,True,2,2,4,63,23,2,0.56,0.36,2,18.666666666666664,12,2,0.0869565217391304,1
923,David Garcia,david_garcia,False,34,True,1,11,56,648,21833,4490,11,2,8,2,2,2,4,14,5,10,9,1,8,2,2,1,1,2,3,3,True,3,3,4,71,38,2,0.1,0.9,1,19.166666666666668,13,2,0.0869565217391304,1
924,Linda Miller,linda_miller,False,35,True,1,6,66,735,6020,3506,14,1,1,1,0,0,0,4,3,3,2,2,2,0,2,2,2,2,3,2,True,3,3,4,46,23,3,0.667,0.667,1,16.933333333333334,13,1,0.0434782608695652,1
925,Elizabeth Jones,elizabeth_jones,False,42,False,1,7,78,603,5628,2372,16,2,1,1,0,3,6,18,2,1,0,0,0,0,1,3,1,2,3,2,True,4,2,4,23,8,4,0.0,0.0,2,21.133333333333333,12,1,0.0434782608695652,1
926,William Smith,william_smith,False,43,False,2,4,56,531,20364,10231,14,3,0,1,1,3,3,23,3,21,7,15,17,0,3,1,3,2,3,3,True,2,3,4,30,12,4,0.714,0.333,0,14.65,7,1,0.0434782608695652,2
927,James Garcia,james_garcia,False,36,False,2,2,53,429,2323,5410,11,2,3,1,0,3,9,18,2,16,14,5,12,0,2,2,1,2,3,2,True,4,3,3,23,8,4,0.312,0.875,1,18.616666666666667,8,2,0.0869565217391304,2
928,John Davis,john_davis,True,44,False,1,15,73,621,14075,7978,11,3,4,1,0,2,1,10,2,10,7,0,5,1,0,2,3,2,3,2,True,2,4,4,27,11,4,0.0,0.7,0,18.03333333333333,11,1,0.0434782608695652,1
929,Elizabeth Brown,elizabeth_brown,False,28,True,1,2,52,193,14222,3867,12,1,2,2,0,2,1,2,2,2,2,2,2,1,3,1,3,2,1,2,True,3,3,3,18,6,4,1.0,1.0,1,20.216666666666665,15,1,0.0434782608695652,1
930,Patricia Smith,patricia_smith,False,51,False,2,6,40,968,4257,2838,14,1,2,2,0,1,0,8,6,7,0,7,7,0,1,1,2,2,1,1,True,3,3,2,61,30,2,1.0,0.0,2,20.46666666666667,11,1,0.0434782608695652,1
931,William Martinez,william_martinez,False,30,False,2,9,72,879,12858,4695,18,2,3,0,0,1,7,10,3,8,4,1,7,0,2,2,2,2,2,2,True,5,2,4,25,15,4,0.125,0.5,1,14.3,8,1,0.0434782608695652,1
932,Patricia Williams,patricia_williams,True,29,False,0,7,39,806,17285,3339,13,1,2,1,0,2,3,10,2,7,7,7,7,2,1,2,2,2,0,2,True,5,3,2,23,7,4,1.0,1.0,2,17.316666666666666,15,2,0.0869565217391304,2
933,Michael Smith,michael_smith,False,28,True,2,1,84,640,4732,2080,11,1,1,1,0,2,2,5,2,3,2,1,2,0,3,2,0,2,1,1,True,3,3,4,29,13,4,0.333,0.667,2,21.73333333333333,9,1,0.0434782608695652,1
934,Mary Garcia,mary_garcia,False,25,False,2,1,40,266,18830,2096,18,1,1,1,0,2,1,2,3,2,2,2,1,0,3,2,1,2,3,1,True,1,2,3,25,12,4,1.0,1.0,2,17.03333333333333,12,2,0.0869565217391304,2
935,Barbara Garcia,barbara_garcia,False,32,True,1,8,56,604,11693,6209,15,2,0,1,1,2,1,10,4,10,7,0,8,2,2,3,3,2,2,3,True,1,4,3,54,31,3,0.0,0.7,0,20.21666666666667,10,3,0.1304347826086956,2
936,William Brown,william_brown,False,45,False,2,25,83,364,13035,18061,22,5,5,2,0,2,3,22,4,0,0,0,0,0,1,2,1,3,2,2,True,3,2,4,62,28,2,0.0,0.0,2,14.233333333333333,12,1,0.0434782608695652,2
937,Patricia Davis,patricia_davis,False,39,False,0,13,94,412,17334,17123,13,4,5,1,0,3,6,21,4,19,9,15,2,2,2,1,1,2,3,2,True,4,1,3,40,19,3,0.789,0.474,2,18.066666666666663,11,2,0.0869565217391304,2
938,Linda Brown,linda_brown,False,58,True,0,23,88,848,26076,2372,12,1,1,1,0,3,1,2,3,2,2,2,2,2,0,2,2,2,3,2,True,2,2,4,41,18,3,1.0,1.0,1,17.8,11,2,0.0869565217391304,1
939,John Johnson,john_johnson,True,32,True,1,7,79,1089,22845,4883,18,2,2,1,0,1,1,10,3,10,4,1,1,1,3,2,2,2,0,2,True,2,2,3,47,18,3,0.1,0.4,0,22.23333333333333,8,1,0.0434782608695652,1
940,Robert Jones,robert_jones,True,39,True,2,23,93,360,22154,3904,13,1,1,1,0,2,0,6,2,5,2,0,3,0,2,2,0,2,0,2,True,3,2,2,31,10,3,0.0,0.4,1,19.05,11,1,0.0434782608695652,2
941,Mary Smith,mary_smith,False,30,False,1,6,48,1138,23631,4627,12,2,2,1,0,2,0,10,6,9,2,6,7,1,0,1,3,2,0,2,True,2,4,2,59,25,3,0.667,0.222,1,22.183333333333334,11,1,0.0434782608695652,2
942,Robert Brown,robert_brown,False,36,False,1,10,63,325,5747,7094,12,3,4,1,0,3,3,10,0,7,7,1,7,0,3,2,2,2,0,2,True,2,2,2,0,0,5,0.143,1.0,0,21.1,10,1,0.0434782608695652,2
943,David Martinez,david_martinez,False,46,False,2,1,44,991,22957,3423,12,1,8,1,2,1,6,10,3,7,6,5,7,0,3,2,0,2,2,3,True,2,2,4,28,13,4,0.714,0.857,1,16.566666666666666,11,4,0.1739130434782608,2
944,Barbara Williams,barbara_williams,False,28,False,1,1,55,1476,16392,6674,11,2,2,0,0,2,0,10,6,9,8,7,5,3,2,0,3,2,0,2,True,2,3,2,82,32,2,0.778,0.889,0,18.1,16,1,0.0434782608695652,2
945,Jennifer Smith,jennifer_smith,False,50,False,1,28,43,1322,22422,16880,11,4,7,1,0,2,4,25,2,3,2,1,2,0,3,2,0,2,1,2,True,4,3,3,28,13,4,0.333,0.667,2,13.6,10,1,0.0434782608695652,2
946,Robert Brown,robert_brown,True,40,True,2,25,57,299,17235,9094,12,3,0,1,1,3,2,9,2,5,4,1,0,0,3,1,1,2,2,2,True,4,2,3,27,9,4,0.2,0.8,2,23.15,12,1,0.0434782608695652,1
947,Patricia Garcia,patricia_garcia,True,52,True,2,5,64,1030,21534,8446,19,3,0,1,1,2,9,10,2,8,7,7,7,0,1,2,1,2,2,1,True,4,3,4,21,12,4,0.875,0.875,2,17.266666666666666,7,3,0.1304347826086956,1
948,William Miller,william_miller,False,30,False,1,17,95,634,25927,11916,23,3,5,1,0,3,1,9,2,9,1,0,8,2,1,2,0,3,3,2,True,3,2,5,19,11,4,0.0,0.111,2,21.566666666666663,11,1,0.0434782608695652,2
949,Mary Williams,mary_williams,False,39,True,2,18,32,524,13352,4534,11,2,3,1,0,1,0,9,6,8,7,1,7,0,0,2,2,2,0,2,True,2,3,2,76,27,2,0.125,0.875,0,18.516666666666666,11,1,0.0434782608695652,1
950,Linda Brown,linda_brown,False,31,False,0,2,57,587,8935,9852,19,3,0,0,1,3,1,10,5,10,8,9,6,1,3,2,2,2,0,1,True,4,3,2,59,24,3,0.9,0.8,2,18.966666666666665,8,2,0.0869565217391304,2
951,Patricia Smith,patricia_smith,False,41,True,2,10,40,256,22074,6151,13,2,0,0,1,1,1,19,4,19,2,11,9,0,2,0,1,2,0,2,True,2,2,2,55,27,3,0.579,0.105,1,20.55,11,1,0.0434782608695652,1
952,Mary Brown,mary_brown,True,31,False,2,1,54,1060,8319,2302,11,1,6,2,1,2,1,3,2,3,2,2,2,0,3,2,1,2,0,3,True,4,1,2,23,8,4,0.667,0.667,1,15.566666666666666,11,1,0.0434782608695652,1
953,Barbara Rodriguez,barbara_rodriguez,True,44,True,1,3,89,935,14669,2362,12,1,2,1,0,2,4,10,4,3,2,1,2,0,0,2,0,2,2,3,True,2,2,4,43,17,3,0.333,0.667,1,21.03333333333333,12,1,0.0434782608695652,2
954,Patricia Brown,patricia_brown,False,42,True,1,2,37,495,26582,17861,13,4,5,0,0,0,0,21,3,20,8,2,10,0,2,2,2,2,3,1,True,4,2,4,31,12,3,0.1,0.4,2,22.15,10,1,0.0434782608695652,1
955,John Rodriguez,john_rodriguez,False,55,False,1,2,58,282,6992,19187,14,5,5,1,0,1,4,23,5,19,9,9,11,1,3,0,2,2,3,2,True,2,2,3,48,28,3,0.474,0.474,0,20.78333333333333,11,1,0.0434782608695652,1
956,Robert Garcia,robert_garcia,False,56,True,2,8,99,206,4022,19717,14,5,5,1,2,3,6,36,4,7,3,7,7,0,3,2,1,2,0,2,True,2,2,2,41,23,3,1.0,0.429,1,19.9,7,2,0.0869565217391304,2
957,Linda Jones,linda_jones,False,40,True,0,16,74,458,8532,3544,16,1,1,0,0,1,9,6,0,4,2,0,0,1,2,2,2,2,1,2,True,2,3,3,0,0,5,0.0,0.5,0,20.08333333333333,14,1,0.0434782608695652,1
958,Mary Johnson,mary_johnson,False,34,True,0,9,86,943,5494,8500,11,3,4,1,0,2,0,10,0,9,7,1,6,1,3,2,3,2,3,1,True,3,3,3,0,0,5,0.111,0.778,1,17.116666666666667,8,1,0.0434782608695652,2
959,Elizabeth Garcia,elizabeth_garcia,False,40,True,2,2,98,523,22455,4661,13,2,1,1,0,2,1,9,4,9,8,8,8,0,2,2,3,2,2,2,True,2,3,3,33,19,3,0.889,0.889,0,25.28333333333333,9,1,0.0434782608695652,2
960,Jennifer Brown,jennifer_brown,False,41,False,0,1,66,1018,4297,4103,17,2,0,2,1,2,0,10,2,9,3,1,7,1,2,2,0,2,3,2,True,2,1,4,19,11,4,0.111,0.333,0,21.45,8,2,0.0869565217391304,1
961,Elizabeth Johnson,elizabeth_johnson,False,35,True,2,4,87,482,2690,4249,11,2,1,2,0,3,1,9,3,9,6,1,1,0,2,2,2,2,1,2,True,3,3,3,42,25,3,0.111,0.667,0,15.083333333333334,11,1,0.0434782608695652,2
962,William Davis,william_davis,False,51,True,0,5,84,770,17588,14026,11,4,5,1,2,2,1,33,2,33,9,0,10,1,2,2,1,2,1,2,True,3,2,3,21,7,4,0.0,0.273,2,13.8,9,1,0.0434782608695652,1
963,James Martinez,james_martinez,False,38,False,0,2,31,1009,19461,6893,15,2,0,1,1,1,3,11,3,7,7,1,7,1,1,2,0,2,3,2,True,2,2,4,40,14,3,0.143,1.0,2,20.15,10,3,0.1304347826086956,1
964,Mary Martinez,mary_martinez,False,34,False,2,15,66,507,23553,6125,12,2,0,1,1,1,1,10,6,10,8,9,6,0,2,2,0,2,3,3,True,1,2,3,82,41,2,0.9,0.8,1,11.666666666666668,15,1,0.0434782608695652,2
965,Linda Miller,linda_miller,False,25,True,1,19,67,882,9075,3669,11,1,2,1,0,0,3,7,6,3,2,1,2,3,3,2,3,2,2,1,True,1,4,3,76,35,2,0.333,0.667,2,20.8,12,1,0.0434782608695652,2
966,Robert Rodriguez,robert_rodriguez,True,58,False,1,7,53,601,12023,10008,14,3,3,1,0,3,7,31,0,10,9,5,9,0,2,1,0,2,3,1,True,4,2,4,0,0,5,0.5,0.9,2,16.3,9,2,0.0869565217391304,1
967,Robert Smith,robert_smith,False,40,True,1,1,88,329,6762,2387,22,1,2,1,0,3,3,7,3,4,2,0,3,1,1,2,1,3,2,2,True,2,2,3,25,8,4,0.0,0.5,2,18.416666666666668,13,2,0.0869565217391304,1
968,John Williams,john_williams,False,36,False,1,7,83,607,2261,4639,16,2,0,2,1,2,2,17,2,15,7,6,13,1,0,3,0,2,3,1,True,2,2,3,28,16,4,0.4,0.467,2,18.08333333333333,10,2,0.0869565217391304,2
969,Robert Rodriguez,robert_rodriguez,False,48,True,2,4,54,855,18706,7898,11,3,3,1,0,2,1,11,2,10,9,0,8,0,3,2,3,2,2,2,True,2,4,4,31,17,3,0.0,0.9,0,21.53333333333333,8,1,0.0434782608695652,2
970,James Miller,james_miller,False,27,False,1,11,98,1291,6527,2534,14,1,6,1,1,2,8,5,4,1,0,0,0,1,2,3,3,2,1,2,True,2,4,3,60,24,3,0.0,0.0,0,20.066666666666663,12,1,0.0434782608695652,2
971,Robert Jones,robert_jones,False,51,False,2,11,82,1405,24439,13142,16,4,3,1,0,1,3,29,1,5,2,0,3,0,3,1,1,2,1,1,True,1,2,3,9,5,5,0.0,0.4,2,23.0,7,2,0.0869565217391304,2
972,James Jones,james_jones,False,18,False,2,1,97,1124,19305,1611,15,1,2,0,0,2,1,0,5,0,0,0,0,0,3,2,3,2,2,3,True,2,3,3,53,25,3,0.0,0.0,0,14.916666666666666,8,2,0.0869565217391304,2
973,Robert Johnson,robert_johnson,False,35,False,1,1,60,817,10846,5363,12,2,2,1,0,2,0,10,0,9,7,0,0,1,3,1,3,2,1,2,True,2,4,3,0,0,5,0.0,0.778,0,16.266666666666666,12,2,0.0869565217391304,1
974,Barbara Garcia,barbara_garcia,False,27,True,2,2,43,793,20392,5071,20,2,0,2,1,0,3,8,3,6,2,0,0,0,3,0,3,3,1,2,True,1,3,3,38,16,3,0.0,0.333,0,14.166666666666666,16,1,0.0434782608695652,2
975,Jennifer Garcia,jennifer_garcia,True,55,True,2,13,85,267,9277,13695,17,4,0,1,1,3,6,24,2,19,7,3,8,0,0,3,2,2,2,1,True,4,4,4,27,9,4,0.158,0.368,2,21.866666666666667,11,1,0.0434782608695652,1
976,Linda Williams,linda_williams,False,56,True,1,23,68,1369,18235,13402,12,4,3,1,0,2,4,33,0,19,16,15,9,1,3,2,1,2,0,2,True,4,3,2,0,0,5,0.789,0.842,2,16.233333333333334,9,3,0.1304347826086956,1
977,Barbara Jones,barbara_jones,False,34,False,0,26,92,999,15891,2029,20,1,1,0,0,0,1,5,2,5,4,0,0,3,0,1,2,3,2,2,True,2,3,3,25,11,4,0.0,0.8,0,17.683333333333334,13,2,0.0869565217391304,2
978,Michael Rodriguez,michael_rodriguez,False,40,False,0,2,89,1202,13888,6377,20,2,4,1,0,0,5,15,0,12,11,11,8,3,1,3,2,3,1,2,True,2,3,3,0,0,5,0.917,0.917,1,12.5,13,2,0.0869565217391304,1
979,Jennifer Garcia,jennifer_garcia,False,34,True,1,29,86,285,17491,5429,13,2,2,1,0,2,4,10,1,8,7,7,7,2,1,2,2,2,0,2,True,2,3,2,11,4,4,0.875,0.875,1,13.983333333333333,11,2,0.0869565217391304,1
980,David Davis,david_davis,True,31,False,2,2,90,703,11882,2785,14,1,6,2,1,2,7,3,3,1,0,0,0,0,2,1,3,2,2,3,True,2,4,3,44,26,3,0.0,0.0,0,17.016666666666666,10,2,0.0869565217391304,2
981,Patricia Smith,patricia_smith,True,35,False,1,18,67,662,23288,4614,18,2,0,2,1,3,0,5,0,4,2,3,2,1,3,2,2,2,2,1,True,5,3,4,0,0,5,0.75,0.5,2,21.78333333333333,15,1,0.0434782608695652,2
982,John Williams,john_williams,False,38,True,0,7,57,693,15748,2610,11,1,1,2,0,2,1,4,2,4,2,0,3,3,3,3,2,2,3,2,True,1,3,3,17,6,4,0.0,0.5,0,20.3,10,1,0.0434782608695652,2
983,Mary Davis,mary_davis,False,34,False,2,2,98,404,6163,6687,11,2,4,1,0,3,1,14,2,14,11,4,11,0,2,2,3,2,3,3,True,2,4,4,26,12,4,0.286,0.786,0,13.2,11,1,0.0434782608695652,1
984,James Jones,james_jones,False,28,True,1,26,48,736,24232,4724,11,2,0,1,1,2,1,5,0,5,3,0,4,1,2,1,0,2,2,2,True,3,1,3,0,0,5,0.0,0.6,1,17.3,7,1,0.0434782608695652,2
985,Patricia Rodriguez,patricia_rodriguez,True,31,True,1,22,98,330,21057,6179,15,2,3,1,0,3,1,10,3,10,2,6,7,2,3,2,2,2,3,1,True,3,3,4,37,16,3,0.6,0.2,2,16.033333333333335,10,1,0.0434782608695652,2
986,Elizabeth Smith,elizabeth_smith,False,39,True,1,21,44,1498,3567,6120,12,2,0,1,1,3,3,8,2,5,4,1,4,2,0,1,3,2,3,3,True,3,3,4,31,16,3,0.2,0.8,2,17.416666666666668,11,1,0.0434782608695652,2
987,Jennifer Johnson,jennifer_johnson,False,51,True,1,2,52,541,15395,10596,11,3,0,2,1,2,2,14,5,4,2,3,2,0,1,2,1,2,1,2,True,2,3,2,75,34,2,0.75,0.5,1,21.5,9,3,0.1304347826086956,2
988,Patricia Jones,patricia_jones,False,41,False,0,22,75,1200,13953,5467,14,2,1,2,0,2,3,12,4,6,2,3,3,2,3,2,3,2,0,1,True,5,3,2,45,22,3,0.5,0.333,2,21.0,15,1,0.0434782608695652,1
989,James Davis,james_davis,False,37,True,1,4,54,1439,5182,2996,15,1,1,1,0,0,7,8,2,6,4,1,3,0,2,2,2,2,3,2,True,4,3,4,21,11,4,0.167,0.667,1,20.633333333333333,15,1,0.0434782608695652,1
990,Elizabeth Davis,elizabeth_davis,False,33,True,1,5,61,1111,19293,9998,13,2,0,2,1,0,6,8,2,5,4,1,2,0,1,2,3,2,0,3,True,3,4,3,20,6,4,0.2,0.8,0,16.7,11,2,0.0869565217391304,2
991,Jennifer Martinez,jennifer_martinez,False,32,True,1,2,36,499,20497,4078,13,2,0,1,1,0,0,4,3,3,2,1,2,3,2,2,1,2,0,1,True,4,3,1,37,17,3,0.333,0.667,2,15.2,11,2,0.0869565217391304,1
992,Barbara Garcia,barbara_garcia,False,39,True,1,25,71,1485,3449,10920,21,3,4,0,0,1,3,13,2,6,4,0,5,1,2,2,2,3,1,2,True,1,3,4,18,10,4,0.0,0.667,0,20.05,9,1,0.0434782608695652,2
993,William Garcia,william_garcia,False,25,True,1,18,93,1372,12477,6232,11,2,0,1,1,0,2,6,3,3,2,1,2,0,0,3,2,2,1,1,True,3,3,3,37,11,3,0.333,0.667,2,16.05,16,3,0.1304347826086956,2
994,John Smith,john_smith,False,52,False,1,28,59,322,9731,13247,11,4,3,2,0,1,2,24,3,5,3,0,2,1,3,3,2,2,1,1,True,4,4,2,24,10,4,0.0,0.6,2,17.666666666666668,14,1,0.0434782608695652,1
995,John Brown,john_brown,False,43,False,2,6,73,930,20003,4081,14,2,1,1,0,2,1,20,3,20,7,1,8,0,0,1,2,2,0,0,True,4,2,2,32,18,3,0.05,0.35,2,15.533333333333331,12,1,0.0434782608695652,2
996,Linda Brown,linda_brown,False,27,False,1,10,98,205,7100,5769,11,2,0,1,1,2,1,6,3,6,2,4,4,0,3,1,3,2,3,2,True,4,2,3,29,12,4,0.667,0.333,1,15.7,7,2,0.0869565217391304,2
997,Michael Johnson,michael_johnson,True,27,False,2,17,51,135,25681,2394,13,1,1,1,0,3,1,8,2,8,2,7,7,0,3,2,2,2,3,2,True,4,3,3,32,14,3,0.875,0.25,2,22.48333333333333,11,1,0.0434782608695652,2
998,Robert Rodriguez,robert_rodriguez,False,26,True,2,2,36,683,4050,3904,12,1,1,1,0,0,0,5,2,4,3,1,1,0,0,1,3,2,3,2,True,3,4,4,28,17,4,0.25,0.75,1,16.966666666666665,15,1,0.0434782608695652,1
999,James Garcia,james_garcia,False,42,False,1,10,31,1147,16616,16799,14,4,5,1,2,2,0,21,5,20,7,0,9,1,2,2,0,2,2,2,True,3,2,4,54,19,3,0.0,0.35,1,19.8,11,1,0.0434782608695652,2
1000,Robert Williams,robert_williams,False,52,False,1,8,54,258,17363,2950,13,1,2,1,0,3,9,12,2,5,4,0,4,0,2,2,0,2,2,0,True,2,3,3,17,5,4,0.0,0.8,2,19.883333333333333,14,1,0.0434782608695652,2
1001,Barbara Martinez,barbara_martinez,False,37,False,2,11,94,1462,19106,3629,18,1,2,1,0,2,4,8,6,3,2,0,2,0,0,2,2,2,0,2,True,3,2,2,73,41,2,0.0,0.667,0,16.3,7,4,0.1739130434782608,2
1002,Jennifer Williams,jennifer_williams,False,35,True,2,18,60,200,19944,9362,11,3,3,2,0,1,2,10,2,2,2,2,2,0,2,2,3,2,2,2,True,2,3,3,19,11,4,1.0,1.0,0,21.933333333333334,13,1,0.0434782608695652,1
1003,John Williams,john_williams,False,25,True,1,1,81,949,4910,3229,11,1,2,1,0,2,4,7,2,3,2,0,2,1,0,2,3,2,1,1,True,2,4,2,25,11,4,0.0,0.667,2,19.25,12,1,0.0434782608695652,1
1004,Barbara Williams,barbara_williams,False,26,True,2,7,100,652,23577,3578,12,1,2,1,0,2,0,8,2,7,7,0,7,0,2,3,0,2,3,2,True,1,3,3,29,13,4,0.0,1.0,1,14.0,11,2,0.0869565217391304,2
1005,Barbara Jones,barbara_jones,False,29,True,2,17,51,332,9769,7988,13,3,8,1,2,2,1,10,3,10,9,0,9,0,1,1,0,2,0,1,True,3,1,2,39,21,3,0.0,0.9,2,13.916666666666666,11,1,0.0434782608695652,2
1006,Robert Johnson,robert_johnson,True,49,True,2,28,97,1475,22710,4284,20,2,2,2,0,1,3,20,2,4,3,1,3,0,0,1,0,3,0,2,True,2,2,2,26,14,4,0.25,0.75,2,16.816666666666666,10,2,0.0869565217391304,2
1007,Barbara Garcia,barbara_garcia,True,29,False,2,14,84,337,22930,7553,12,3,4,2,0,0,0,9,1,8,7,7,7,0,2,2,3,2,0,2,True,3,4,3,12,5,4,0.875,0.875,2,19.183333333333334,14,1,0.0434782608695652,2
1008,Linda Martinez,linda_martinez,False,54,False,2,1,54,971,5652,17328,19,4,7,1,0,2,6,29,3,20,7,12,7,0,3,2,3,2,3,1,True,3,3,3,46,14,3,0.6,0.35,1,13.75,7,1,0.0434782608695652,1
1009,Barbara Martinez,barbara_martinez,False,58,False,1,1,76,1055,22456,19701,21,5,7,1,0,2,3,32,3,9,8,1,5,1,3,2,0,3,2,2,True,5,2,4,46,20,3,0.111,0.889,1,18.866666666666667,8,1,0.0434782608695652,2
1010,James Davis,james_davis,False,55,True,0,1,81,1136,12414,14732,13,4,7,1,0,3,2,31,4,7,7,0,0,2,1,3,3,2,3,3,True,3,4,4,48,27,3,0.0,1.0,0,21.316666666666663,15,1,0.0434782608695652,1
1011,Mary Smith,mary_smith,False,36,False,2,3,99,1174,20763,9278,16,2,0,1,1,3,3,15,3,5,4,0,1,0,0,2,1,2,3,2,True,3,2,4,31,18,3,0.0,0.8,2,17.933333333333334,15,1,0.0434782608695652,2
1012,James Smith,james_smith,True,31,False,2,1,50,667,16154,1359,12,1,6,2,1,3,1,1,3,1,0,0,0,0,1,0,2,2,1,2,True,3,2,3,35,21,3,0.0,0.0,0,16.266666666666666,13,1,0.0434782608695652,2
1013,Patricia Johnson,patricia_johnson,False,30,False,0,7,73,855,12761,4779,14,2,0,1,1,3,7,8,3,3,2,0,2,2,3,2,0,2,1,2,True,2,2,3,28,16,4,0.0,0.667,1,24.116666666666667,11,2,0.0869565217391304,1
1014,Linda Garcia,linda_garcia,False,31,False,2,8,93,182,8847,16422,11,4,7,1,0,4,3,9,3,3,2,1,0,0,0,2,1,2,2,3,True,3,3,3,39,18,3,0.333,0.667,2,21.866666666666667,10,1,0.0434782608695652,1
1015,William Miller,william_miller,False,34,True,0,1,91,560,20284,2996,14,1,1,2,0,3,5,10,2,4,3,1,3,2,3,2,0,2,2,2,True,2,1,2,24,10,4,0.25,0.75,1,17.65,12,2,0.0869565217391304,2
1016,Elizabeth Jones,elizabeth_jones,True,31,False,2,8,34,202,22262,1261,12,1,1,1,0,2,1,1,3,1,0,0,0,0,0,1,1,2,2,3,True,2,2,3,26,14,4,0.0,0.0,1,15.766666666666667,10,1,0.0434782608695652,2
1017,Robert Garcia,robert_garcia,False,27,True,1,11,91,1377,7679,2099,14,1,2,1,0,0,0,6,3,5,0,1,4,0,1,2,0,2,1,3,True,2,2,3,29,15,4,0.2,0.0,2,22.8,7,1,0.0434782608695652,1
1018,Patricia Rodriguez,patricia_rodriguez,False,36,True,2,4,37,172,22604,5810,16,2,2,1,0,3,1,10,2,10,4,1,8,0,0,1,3,2,2,1,True,2,2,3,24,11,4,0.1,0.4,0,20.53333333333333,14,1,0.0434782608695652,2
1019,Michael Williams,michael_williams,False,36,False,1,16,98,329,13494,5647,13,2,0,1,1,3,4,11,3,3,2,0,2,2,2,1,0,2,0,1,True,2,2,2,45,15,3,0.0,0.667,2,23.21666666666667,11,1,0.0434782608695652,1
1020,Patricia Miller,patricia_miller,False,47,True,1,1,74,465,10205,3420,12,1,1,1,0,2,7,17,2,6,5,1,2,1,0,2,3,2,2,1,True,1,3,3,25,14,4,0.167,0.833,1,21.71666666666667,8,1,0.0434782608695652,2
1021,Robert Brown,robert_brown,True,25,True,1,9,68,383,15182,4400,12,1,6,1,1,1,3,6,2,3,2,2,2,0,0,1,0,2,0,2,True,2,1,2,27,12,4,0.667,0.667,2,23.25,11,1,0.0434782608695652,2
1022,Robert Brown,robert_brown,False,37,True,2,5,84,1413,25470,3500,14,1,2,0,0,1,0,7,2,6,5,1,3,0,2,3,2,2,0,0,True,3,4,3,21,9,4,0.167,0.833,0,21.1,8,1,0.0434782608695652,1
1023,Elizabeth Garcia,elizabeth_garcia,False,56,False,1,1,90,1255,10494,2066,22,1,1,1,0,1,2,5,3,3,2,1,0,1,0,2,0,3,3,3,True,1,3,4,38,19,3,0.333,0.667,1,16.25,13,1,0.0434782608695652,2
1024,Barbara Smith,barbara_smith,False,47,False,1,2,82,359,26703,17169,19,4,7,1,0,3,3,26,2,20,17,5,6,2,0,2,2,2,1,3,True,3,3,3,23,12,4,0.25,0.85,0,14.766666666666667,15,1,0.0434782608695652,2
1025,David Rodriguez,david_rodriguez,False,24,False,1,4,42,1476,15211,4162,12,2,0,1,1,0,1,5,3,5,4,0,3,2,3,2,2,2,2,2,True,4,3,3,40,15,3,0.0,0.8,1,16.833333333333332,13,1,0.0434782608695652,2
1026,Barbara Miller,barbara_miller,False,32,True,1,7,97,601,23343,9204,12,2,0,1,1,4,4,7,3,4,3,0,3,1,3,2,3,2,2,1,True,2,3,2,25,14,4,0.0,0.75,0,20.35,8,1,0.0434782608695652,2
1027,Barbara Smith,barbara_smith,False,34,False,1,1,86,401,3708,3294,17,1,2,1,0,2,5,7,2,5,4,0,2,1,3,1,1,2,0,1,True,2,2,2,24,9,4,0.0,0.8,2,19.266666666666666,11,2,0.0869565217391304,1
1028,James Smith,james_smith,False,41,True,1,5,90,1283,5561,2127,12,1,1,1,0,4,2,7,5,4,2,0,3,0,1,3,2,2,0,1,True,4,3,2,52,19,3,0.0,0.5,2,22.58333333333333,9,1,0.0434782608695652,2
1029,Jennifer Rodriguez,jennifer_rodriguez,False,40,True,0,9,81,663,23099,3975,11,2,2,0,0,3,3,11,2,8,7,0,7,2,2,2,2,2,2,3,True,2,3,3,21,9,4,0.0,0.875,0,22.566666666666663,9,1,0.0434782608695652,1
1030,David Brown,david_brown,False,31,True,0,8,31,326,8386,10793,18,3,0,1,1,1,1,13,5,13,7,9,9,1,0,2,3,2,0,2,True,2,4,2,78,40,2,0.692,0.538,1,19.883333333333333,12,1,0.0434782608695652,1
1031,Jennifer Martinez,jennifer_martinez,True,46,True,0,9,52,377,15986,10096,11,3,0,1,1,2,4,28,1,7,7,4,3,1,0,2,3,2,0,3,True,2,4,3,9,5,5,0.571,1.0,0,14.65,8,2,0.0869565217391304,2
1032,Mary Johnson,mary_johnson,True,39,False,2,2,54,592,17181,3646,23,1,2,0,0,2,2,11,2,1,0,0,0,0,0,1,0,3,1,3,True,3,1,3,21,11,4,0.0,0.0,2,20.933333333333334,14,2,0.0869565217391304,1
1033,Barbara Williams,barbara_williams,True,31,False,2,1,100,1445,8931,7446,11,3,3,2,0,4,1,10,2,10,8,4,7,0,2,3,1,2,0,2,True,1,3,2,24,14,4,0.4,0.8,1,20.35,8,2,0.0869565217391304,1
1034,Michael Brown,michael_brown,False,45,True,0,20,95,1038,19863,10851,18,3,4,1,0,2,2,24,2,7,7,0,7,1,1,0,0,2,1,2,True,4,2,3,30,10,4,0.0,1.0,2,11.733333333333333,12,1,0.0434782608695652,2
1035,Jennifer Davis,jennifer_davis,False,31,False,2,8,96,1398,24609,2109,18,1,8,1,2,1,9,8,3,3,2,0,2,0,3,3,1,2,3,2,True,2,2,4,34,11,3,0.0,0.667,1,19.866666666666667,14,2,0.0869565217391304,2
1036,Elizabeth Smith,elizabeth_smith,True,31,True,1,2,94,523,21081,3722,13,1,2,2,0,2,6,7,2,2,2,2,2,1,1,2,3,2,2,0,True,5,4,4,28,13,4,1.0,1.0,2,14.616666666666667,10,1,0.0434782608695652,2
1037,Michael Smith,michael_smith,False,45,True,1,29,55,1448,14720,9380,18,3,3,1,0,2,4,10,4,3,1,1,2,2,1,2,3,2,3,3,True,4,4,5,59,23,3,0.333,0.333,2,14.25,13,1,0.0434782608695652,2
1038,James Smith,james_smith,False,48,True,0,7,96,1221,24795,5486,11,2,0,1,1,2,4,15,3,2,2,2,2,3,2,2,0,2,0,2,True,3,2,1,31,17,3,1.0,1.0,1,14.25,14,3,0.1304347826086956,1
1039,David Jones,david_jones,True,34,False,1,9,52,1107,3072,2742,15,1,8,1,2,3,1,2,0,2,2,2,2,0,0,2,2,2,3,2,True,2,2,3,0,0,5,1.0,1.0,0,16.716666666666665,10,2,0.0869565217391304,2
1040,Robert Davis,robert_davis,False,40,True,0,8,55,218,25178,13757,11,3,7,0,0,0,2,16,5,9,8,4,8,1,3,1,1,2,2,2,True,2,2,3,54,32,3,0.444,0.889,1,14.283333333333331,11,1,0.0434782608695652,1
1041,Michael Williams,michael_williams,False,28,True,2,5,84,866,23490,8463,18,2,0,1,1,2,0,6,4,5,4,1,3,0,3,2,0,2,3,2,True,3,3,4,59,22,3,0.2,0.8,1,15.2,8,4,0.1739130434782608,2
1042,Jennifer Jones,jennifer_jones,False,44,True,2,5,90,981,7973,3162,14,1,2,0,0,2,3,7,5,5,2,0,3,0,2,1,2,2,3,2,True,2,3,4,42,19,3,0.0,0.4,0,23.183333333333334,12,2,0.0869565217391304,1
1043,Elizabeth Miller,elizabeth_miller,False,53,True,2,2,39,447,19764,16598,12,4,7,1,0,2,4,35,2,9,8,8,8,0,3,3,1,2,1,1,True,2,3,2,21,9,4,0.889,0.889,2,20.366666666666667,13,1,0.0434782608695652,2
1044,James Williams,james_williams,False,49,True,1,5,96,1495,21534,6651,14,2,4,1,0,3,2,20,0,3,2,1,2,1,0,2,2,2,1,1,True,1,3,2,0,0,5,0.333,0.667,1,20.466666666666665,11,2,0.0869565217391304,1
1045,Jennifer Brown,jennifer_brown,False,40,True,0,2,68,896,8045,2345,14,1,1,1,0,2,2,8,3,3,1,1,2,1,2,2,2,2,2,3,True,1,4,3,38,18,3,0.333,0.333,0,20.03333333333333,9,1,0.0434782608695652,1
1046,Robert Martinez,robert_martinez,False,44,True,2,20,49,1467,21158,3420,13,1,1,1,0,2,1,6,3,5,2,1,3,0,3,2,1,2,2,1,True,2,3,2,34,15,3,0.2,0.4,1,14.233333333333333,9,1,0.0434782608695652,1
1047,Robert Johnson,robert_johnson,False,33,True,1,7,54,430,17456,4373,14,2,0,2,1,2,0,5,2,4,3,0,3,2,3,2,0,2,0,2,True,3,2,1,25,11,4,0.0,0.75,1,12.95,14,1,0.0434782608695652,1
1048,John Williams,john_williams,False,34,True,2,3,81,1326,15891,4759,18,2,0,1,1,2,3,15,2,13,9,3,12,0,3,0,0,2,3,2,True,3,1,4,19,8,4,0.231,0.692,1,20.98333333333333,12,1,0.0434782608695652,1
1049,Elizabeth Smith,elizabeth_smith,False,30,True,1,16,96,1358,2939,5301,15,2,0,1,1,0,8,4,2,2,1,2,2,2,3,2,2,2,2,1,True,2,3,4,23,7,4,1.0,0.5,0,19.45,12,1,0.0434782608695652,2
1050,Patricia Williams,patricia_williams,False,42,False,2,9,74,748,16458,3673,13,1,2,2,0,1,1,12,3,12,9,5,8,0,0,2,3,2,2,2,True,3,3,4,36,16,3,0.417,0.75,0,21.066666666666663,11,2,0.0869565217391304,1
1051,William Johnson,william_johnson,False,44,False,1,1,79,383,9282,4768,12,2,0,2,1,4,7,11,4,1,0,0,0,1,0,2,2,2,2,1,True,3,3,4,61,24,2,0.0,0.0,1,17.95,7,1,0.0434782608695652,1
1052,Michael Jones,michael_jones,False,30,True,0,7,64,990,7152,1274,13,1,1,0,0,2,1,1,2,1,0,0,0,2,2,2,2,2,1,1,True,2,4,2,20,6,4,0.0,0.0,1,22.066666666666663,10,1,0.0434782608695652,2
1053,Elizabeth Garcia,elizabeth_garcia,False,57,True,1,1,93,405,2721,4900,24,2,1,1,0,1,0,13,2,12,9,2,8,1,1,3,2,3,0,1,True,3,3,2,30,12,4,0.167,0.75,1,21.85,9,1,0.0434782608695652,1
1054,Barbara Miller,barbara_miller,False,49,True,0,7,35,1490,20948,10466,14,3,4,1,0,3,3,29,3,8,7,0,7,2,2,2,1,2,1,2,True,2,3,2,39,15,3,0.0,0.875,0,17.8,11,1,0.0434782608695652,1
1055,William Rodriguez,william_rodriguez,False,34,True,0,15,71,829,11929,17007,14,4,7,2,0,2,7,16,3,14,8,6,9,2,1,2,0,2,3,1,True,3,1,3,24,10,4,0.429,0.571,2,18.616666666666667,11,1,0.0434782608695652,2
1056,Elizabeth Miller,elizabeth_miller,True,28,True,1,1,92,1496,15747,2909,15,1,6,2,1,2,3,5,3,3,2,1,2,1,0,2,2,2,3,3,True,3,4,4,41,14,3,0.333,0.667,0,21.75,11,2,0.0869565217391304,2
1057,James Rodriguez,james_rodriguez,True,29,False,2,13,51,115,17485,5765,11,2,0,2,1,2,5,7,4,5,3,0,0,0,0,2,1,2,0,0,True,3,3,2,33,15,3,0.0,0.6,2,15.8,11,1,0.0434782608695652,1
1058,Michael Miller,michael_miller,True,34,False,2,24,40,790,7815,4599,23,2,0,1,1,3,0,16,2,15,9,10,10,0,0,1,1,3,2,3,True,3,3,4,32,16,3,0.667,0.6,2,19.183333333333334,8,2,0.0869565217391304,2
1059,Robert Brown,robert_brown,False,35,True,1,7,76,660,16192,2404,13,1,6,1,1,0,1,1,3,1,0,0,0,1,3,2,2,2,0,2,True,2,3,2,45,22,3,0.0,0.0,0,19.75,12,2,0.0869565217391304,2
1060,Linda Jones,linda_jones,True,24,True,2,9,89,381,16998,3172,11,1,2,2,0,2,2,4,2,0,0,0,0,0,1,2,0,2,2,1,True,3,2,3,21,11,4,0.0,0.0,2,14.266666666666667,11,1,0.0434782608695652,1
1061,Elizabeth Miller,elizabeth_miller,False,24,False,1,13,78,830,7103,2033,13,1,6,0,1,1,1,1,2,1,0,0,0,1,3,2,1,2,2,2,True,2,2,2,20,9,4,0.0,0.0,1,22.5,11,1,0.0434782608695652,1
1062,James Miller,james_miller,False,44,True,2,2,86,1193,19719,10209,18,3,3,2,0,0,5,16,2,2,2,2,2,0,1,2,2,2,1,1,True,4,2,3,22,10,4,1.0,1.0,2,17.266666666666666,14,1,0.0434782608695652,1
1063,Barbara Smith,barbara_smith,False,29,True,0,19,77,1246,23757,8620,14,2,0,1,1,2,1,10,3,10,7,0,4,2,2,1,2,2,2,2,True,2,3,3,33,18,3,0.0,0.7,0,18.966666666666665,8,1,0.0434782608695652,1
1064,Robert Martinez,robert_martinez,False,30,True,0,1,46,330,15428,2064,21,1,8,1,2,2,0,6,3,5,3,1,3,1,2,2,2,3,0,3,True,1,3,4,33,14,3,0.2,0.6,0,17.116666666666667,9,2,0.0869565217391304,2
1065,Robert Williams,robert_williams,False,55,True,1,4,30,1229,16143,4035,16,2,4,1,0,3,0,4,2,3,2,1,2,0,3,2,2,2,1,2,True,4,3,3,21,11,4,0.333,0.667,0,19.08333333333333,10,2,0.0869565217391304,2
1066,Michael Miller,michael_miller,False,33,False,1,4,82,1099,8192,3838,11,1,2,1,0,3,8,8,5,5,4,0,2,0,0,1,1,2,3,2,True,2,2,4,65,28,2,0.0,0.8,2,19.216666666666665,13,2,0.0869565217391304,2
1067,Mary Martinez,mary_martinez,False,47,False,1,14,78,571,24200,4591,17,2,0,1,1,2,3,11,4,5,4,1,2,1,2,2,2,2,2,1,True,4,3,3,37,16,3,0.2,0.8,2,17.1,11,1,0.0434782608695652,2
1068,Barbara Davis,barbara_davis,True,28,True,2,2,38,289,5355,2561,11,1,2,2,0,1,7,8,2,0,0,0,0,0,2,1,0,2,2,1,True,2,2,3,30,16,4,0.0,0.0,2,17.1,11,1,0.0434782608695652,2
1069,Barbara Brown,barbara_brown,False,28,True,0,1,72,1423,12530,1563,14,1,1,1,0,2,1,1,2,1,0,0,0,1,0,1,2,2,3,0,True,2,3,3,29,10,4,0.0,0.0,2,24.35,8,3,0.1304347826086956,1
1070,Linda Smith,linda_smith,False,28,True,2,7,55,467,11827,4898,14,2,0,2,1,2,0,5,5,4,2,1,3,0,2,2,0,2,3,2,True,2,2,3,59,24,3,0.25,0.5,1,16.566666666666666,10,2,0.0869565217391304,1
1071,John Jones,john_jones,False,49,False,1,3,43,271,23070,4789,25,2,2,1,0,1,4,10,3,3,2,1,2,1,2,1,0,3,0,2,True,3,1,3,44,16,3,0.333,0.667,1,21.55,8,1,0.0434782608695652,2
1072,William Johnson,william_johnson,False,29,False,1,2,97,410,4668,3180,13,1,2,2,0,0,0,4,3,3,2,0,2,3,3,2,1,2,2,2,True,2,2,3,30,12,4,0.0,0.667,1,23.5,9,1,0.0434782608695652,2
1073,David Garcia,david_garcia,False,28,True,1,29,96,1083,3173,6549,14,2,3,1,0,0,1,8,2,8,6,1,7,2,2,0,1,2,1,1,True,2,2,2,16,6,4,0.125,0.75,2,19.366666666666667,7,1,0.0434782608695652,2
1074,Michael Williams,michael_williams,False,33,True,2,8,69,516,22049,6388,17,2,4,1,0,4,2,14,6,0,0,0,0,0,3,2,2,2,0,2,True,4,3,2,78,37,2,0.0,0.0,1,17.983333333333334,6,3,0.1304347826086956,1
1075,Linda Smith,linda_smith,False,32,True,2,10,64,495,21072,11244,25,3,5,1,0,2,2,10,5,5,2,0,0,0,2,2,3,3,1,3,True,3,3,3,58,31,3,0.0,0.4,0,20.683333333333334,11,3,0.1304347826086956,2
1076,Jennifer Williams,jennifer_williams,False,54,False,0,11,87,1050,24456,16032,20,4,5,2,0,3,3,26,2,14,9,1,12,1,1,2,3,3,0,2,True,2,4,3,25,13,4,0.071,0.643,0,20.45,9,2,0.0869565217391304,1
1077,Barbara Rodriguez,barbara_rodriguez,True,29,True,2,1,100,224,7568,2362,13,1,1,1,0,3,6,11,2,9,7,0,7,0,0,1,0,2,2,0,True,3,1,3,30,12,4,0.0,0.778,2,19.7,10,2,0.0869565217391304,2
1078,Barbara Miller,barbara_miller,False,44,True,1,28,32,136,22074,16328,13,4,7,1,0,2,3,24,1,20,6,14,17,1,3,2,0,2,2,3,True,2,1,3,16,10,4,0.7,0.3,2,26.433333333333334,6,2,0.0869565217391304,2
1079,Patricia Smith,patricia_smith,False,39,False,2,6,32,1089,9150,8376,18,3,3,1,0,2,4,9,3,2,0,2,2,0,1,2,1,2,3,2,True,2,3,4,39,19,3,1.0,0.0,2,17.1,10,1,0.0434782608695652,1
1080,William Jones,william_jones,False,46,False,1,3,51,228,11380,16606,12,4,5,1,1,2,8,23,2,13,12,5,1,1,2,2,1,2,3,3,True,2,2,4,28,12,4,0.385,0.923,0,21.53333333333333,8,1,0.0434782608695652,1
1081,James Garcia,james_garcia,False,35,False,2,16,91,1029,21195,8606,19,3,4,1,0,2,1,11,3,11,8,3,3,0,3,1,1,2,3,0,True,3,2,4,26,14,4,0.273,0.727,2,23.416666666666668,10,1,0.0434782608695652,2
1082,Barbara Martinez,barbara_martinez,False,23,True,2,20,97,507,24812,2272,14,2,2,1,0,0,0,5,2,4,3,1,2,0,0,2,2,2,1,2,True,2,3,3,19,10,4,0.25,0.75,1,25.566666666666663,9,1,0.0434782608695652,1
1083,Michael Rodriguez,michael_rodriguez,True,40,True,2,9,86,676,21831,2018,14,1,2,1,0,3,3,15,3,5,4,1,0,0,3,2,0,2,1,0,True,2,2,3,42,22,3,0.2,0.8,1,15.016666666666667,9,1,0.0434782608695652,1
1084,Patricia Smith,patricia_smith,False,34,True,1,1,64,971,12288,7083,14,3,0,1,1,2,1,10,3,10,9,8,6,0,3,1,2,2,3,2,True,5,2,3,34,12,3,0.8,0.9,1,17.983333333333334,13,1,0.0434782608695652,2
1085,David Smith,david_smith,True,31,False,2,3,33,561,4156,4084,12,1,1,2,0,2,1,7,2,7,2,7,7,0,3,2,2,2,0,0,True,2,3,3,23,10,4,1.0,0.286,2,19.8,12,1,0.0434782608695652,2
1086,Michael Miller,michael_miller,False,50,True,2,22,88,333,24450,14411,13,4,7,2,0,4,1,32,2,32,6,13,9,0,2,0,3,2,3,2,True,4,3,4,21,12,4,0.406,0.188,2,16.316666666666666,12,1,0.0434782608695652,1
1087,David Williams,david_williams,False,34,True,1,7,55,1440,4944,2308,25,1,6,1,1,1,0,12,4,11,10,5,7,1,1,2,2,3,1,2,True,4,3,3,51,23,3,0.455,0.909,1,22.183333333333334,9,1,0.0434782608695652,1
1088,Michael Garcia,michael_garcia,False,42,True,1,2,68,1210,24052,4841,14,1,2,1,0,2,4,4,3,1,0,0,0,1,2,1,1,2,1,2,True,2,2,3,28,14,4,0.0,0.0,1,20.866666666666667,10,1,0.0434782608695652,2
1089,Elizabeth Brown,elizabeth_brown,False,37,True,1,13,47,674,3031,4285,17,2,1,1,0,2,1,10,2,10,8,3,7,0,0,2,3,2,0,2,True,3,4,1,26,12,4,0.3,0.8,1,19.933333333333334,9,1,0.0434782608695652,2
1090,Barbara Rodriguez,barbara_rodriguez,False,29,False,1,8,39,441,7288,9715,13,2,4,1,0,0,3,9,3,7,7,0,7,1,2,0,0,2,2,2,True,2,1,3,28,15,4,0.0,1.0,1,19.366666666666667,8,1,0.0434782608695652,1
1091,Mary Davis,mary_davis,False,33,True,2,25,44,575,24152,4320,13,2,3,1,0,2,1,5,2,5,3,0,2,0,3,1,1,2,3,2,True,2,2,4,17,7,4,0.0,0.6,1,18.916666666666668,7,3,0.1304347826086956,2
1092,Mary Rodriguez,mary_rodriguez,False,45,True,1,28,97,950,4585,2132,20,1,1,1,0,2,4,8,3,5,4,0,3,1,3,2,3,3,3,2,True,2,4,4,32,15,3,0.0,0.8,0,21.83333333333333,10,2,0.0869565217391304,1
1093,James Williams,james_williams,False,42,True,1,2,40,288,18611,10124,14,3,4,2,0,2,2,24,3,20,8,13,9,1,3,2,3,2,2,0,True,2,4,3,30,10,4,0.65,0.4,2,15.683333333333334,15,1,0.0434782608695652,1
1094,David Rodriguez,david_rodriguez,False,40,True,1,9,47,1342,19345,5473,12,2,0,1,1,1,0,9,5,8,4,7,1,0,0,2,0,2,3,3,True,2,1,3,76,39,2,0.875,0.5,2,11.85,11,3,0.1304347826086956,2
1095,Elizabeth Martinez,elizabeth_martinez,False,33,True,1,28,79,589,22949,5207,12,2,2,1,0,3,1,15,3,15,14,5,7,1,1,2,2,2,1,2,True,4,3,2,25,13,4,0.333,0.933,2,20.616666666666667,12,1,0.0434782608695652,1
1096,John Jones,john_jones,False,40,True,2,6,38,898,17381,16437,21,4,5,1,2,1,1,21,2,21,7,7,7,0,2,2,3,3,3,2,True,4,4,4,19,6,4,0.333,0.333,1,17.6,6,2,0.0869565217391304,1
1097,Elizabeth Martinez,elizabeth_martinez,False,24,True,0,21,57,350,10036,2296,14,1,2,1,0,1,0,2,3,1,1,0,0,3,2,1,0,2,1,2,True,2,2,2,37,19,3,0.0,1.0,2,18.25,10,1,0.0434782608695652,1
1098,Patricia Martinez,patricia_martinez,False,40,True,0,8,72,1142,8841,4069,18,2,4,0,0,1,3,8,2,2,2,2,2,0,3,2,3,2,2,2,True,5,4,3,24,10,4,1.0,1.0,1,13.483333333333334,12,1,0.0434782608695652,1
1099,Linda Martinez,linda_martinez,False,45,True,0,1,66,538,20933,7441,12,3,4,1,0,3,1,10,4,10,8,7,7,3,0,2,1,2,0,2,True,2,2,2,33,11,3,0.7,0.8,2,13.133333333333333,11,1,0.0434782608695652,1
1100,Mary Davis,mary_davis,False,35,False,1,28,98,1402,26204,2430,23,1,6,1,1,3,0,6,5,5,3,4,2,2,1,1,2,3,0,2,True,1,2,3,40,17,3,0.8,0.6,1,15.366666666666667,12,1,0.0434782608695652,1
1101,Linda Martinez,linda_martinez,False,32,False,1,5,67,824,15624,5878,12,2,1,1,0,1,3,12,2,7,1,2,5,1,3,1,1,2,0,2,True,2,3,2,32,11,3,0.286,0.143,1,20.2,13,1,0.0434782608695652,1
1102,David Brown,david_brown,False,36,True,2,2,70,1157,17001,2644,21,1,6,1,1,3,3,7,3,3,2,1,2,0,2,2,3,3,3,1,True,4,3,5,40,17,3,0.333,0.667,2,22.566666666666663,11,2,0.0869565217391304,2
1103,Linda Miller,linda_miller,False,48,False,0,16,96,492,13693,6439,14,2,0,1,1,3,8,18,2,8,7,7,7,1,2,2,2,2,2,2,True,1,3,3,22,9,4,0.875,0.875,0,22.383333333333333,9,1,0.0434782608695652,2
1104,Elizabeth Smith,elizabeth_smith,False,29,True,1,9,91,598,22376,2451,18,1,1,1,0,2,6,5,2,1,0,0,0,2,2,3,2,2,0,1,True,2,4,2,24,13,4,0.0,0.0,1,27.78333333333333,13,1,0.0434782608695652,2
1105,Linda Martinez,linda_martinez,False,33,True,1,8,46,1242,10589,6392,13,2,0,1,1,3,2,8,6,2,2,2,2,1,0,2,0,2,3,0,True,2,2,3,61,32,2,1.0,1.0,2,21.23333333333333,6,1,0.0434782608695652,1
1106,Elizabeth Davis,elizabeth_davis,True,30,True,1,1,64,740,5323,9714,11,2,0,1,1,2,1,10,4,10,8,6,7,1,1,1,0,2,3,2,True,3,2,4,43,21,3,0.6,0.8,2,17.116666666666667,11,2,0.0869565217391304,2
1107,Robert Martinez,robert_martinez,False,38,True,1,10,71,888,14814,6077,11,2,8,2,2,3,3,10,2,6,3,1,2,0,2,2,2,2,2,2,True,1,4,3,26,8,4,0.167,0.5,0,22.55,12,1,0.0434782608695652,1
1108,Linda Johnson,linda_johnson,False,35,True,2,1,68,992,21731,2450,19,1,2,1,0,2,1,3,3,3,0,1,2,0,3,1,0,2,1,2,True,2,1,2,45,26,3,0.333,0.0,1,27.5,13,1,0.0434782608695652,2
1109,Elizabeth Brown,elizabeth_brown,False,30,True,1,29,33,1288,17799,9250,12,3,0,1,1,3,3,9,3,4,2,1,3,1,2,2,1,2,1,2,True,3,2,4,28,14,4,0.25,0.5,1,21.766666666666666,11,1,0.0434782608695652,2
1110,Patricia Martinez,patricia_martinez,True,35,False,0,2,69,104,26619,2074,12,1,2,1,0,2,1,1,2,1,0,0,0,1,0,2,0,2,3,2,True,5,2,4,29,9,4,0.0,0.0,2,21.516666666666666,13,2,0.0869565217391304,1
1111,Robert Williams,robert_williams,True,53,False,1,2,78,607,14618,10169,16,3,3,1,0,4,0,34,4,33,7,1,9,1,2,1,3,2,1,2,True,1,3,3,36,20,3,0.03,0.212,0,16.183333333333334,11,2,0.0869565217391304,1
1112,Mary Garcia,mary_garcia,True,38,True,1,2,81,903,7653,4855,11,2,3,1,0,2,4,7,2,5,2,1,4,2,2,2,1,2,0,2,True,2,2,2,19,7,4,0.2,0.4,1,19.28333333333333,11,2,0.0869565217391304,1
1113,William Martinez,william_martinez,False,32,True,1,1,62,1200,25174,4087,14,2,1,0,0,3,4,9,3,6,5,1,2,1,3,2,0,2,1,1,True,2,2,2,25,12,4,0.167,0.833,2,18.633333333333333,13,1,0.0434782608695652,2
1114,Patricia Davis,patricia_davis,False,48,False,1,15,65,1108,16530,2367,12,1,1,1,0,3,8,10,3,8,2,7,6,1,2,2,0,2,3,1,True,2,2,4,27,12,4,0.875,0.25,2,17.733333333333334,11,1,0.0434782608695652,2
1115,Michael Rodriguez,michael_rodriguez,False,34,True,2,7,35,479,22061,2972,13,1,1,1,0,3,1,1,4,1,0,0,0,0,0,2,3,2,2,0,True,2,4,3,61,26,2,0.0,0.0,1,14.283333333333331,9,1,0.0434782608695652,2
1116,Jennifer Brown,jennifer_brown,False,55,True,1,26,60,685,23037,19586,21,5,5,1,1,4,1,36,3,36,6,2,13,1,2,1,3,3,2,2,True,3,2,4,35,20,3,0.056,0.167,0,14.933333333333334,9,1,0.0434782608695652,1
1117,James Jones,james_jones,False,34,True,1,1,45,1351,13008,5484,17,2,1,1,0,3,9,9,3,2,2,2,1,1,1,2,3,2,1,1,True,2,4,3,26,11,4,1.0,1.0,0,17.016666666666666,7,1,0.0434782608695652,2
1118,William Rodriguez,william_rodriguez,False,26,False,1,3,89,474,11133,2061,21,1,1,1,0,2,1,1,5,1,0,0,0,0,0,2,3,3,0,2,True,2,3,3,78,25,2,0.0,0.0,1,18.08333333333333,10,1,0.0434782608695652,2
1119,Michael Johnson,michael_johnson,False,38,True,1,14,80,1245,12355,9924,11,2,0,1,1,2,0,10,3,9,8,7,7,1,2,2,1,2,3,2,True,2,2,4,45,26,3,0.778,0.889,1,16.383333333333333,9,1,0.0434782608695652,2
1120,Elizabeth Brown,elizabeth_brown,False,38,False,2,16,90,437,16379,4198,12,2,0,1,1,2,2,8,5,3,2,1,2,0,1,2,1,2,1,3,True,2,3,3,70,40,2,0.333,0.667,2,18.58333333333333,12,1,0.0434782608695652,1
1121,Barbara Davis,barbara_davis,False,36,False,2,1,73,884,21447,6815,13,2,0,1,1,3,6,15,5,1,0,0,0,0,1,2,2,2,0,2,True,1,2,2,77,39,2,0.0,0.0,0,17.5,10,1,0.0434782608695652,2
1122,Michael Martinez,michael_martinez,False,29,True,2,3,87,1370,16213,4723,18,1,2,1,0,0,1,10,3,10,9,1,5,0,1,2,0,2,3,2,True,5,2,4,29,13,4,0.1,0.9,2,20.6,9,1,0.0434782608695652,2
1123,Linda Johnson,linda_johnson,False,35,False,2,10,51,670,4223,6142,16,2,4,1,0,3,3,10,4,5,2,0,4,0,0,2,2,2,2,2,True,5,2,3,59,19,3,0.0,0.4,1,17.133333333333333,11,1,0.0434782608695652,2
1124,Linda Garcia,linda_garcia,False,39,True,1,6,38,1462,4658,8237,11,3,0,1,1,2,2,11,3,7,6,7,6,1,3,3,2,2,0,2,True,3,3,3,41,22,3,1.0,0.857,0,21.516666666666666,12,1,0.0434782608695652,2
1125,James Williams,james_williams,False,29,True,0,2,87,995,24483,8853,19,2,4,2,0,0,1,6,0,6,4,1,3,1,0,2,3,2,3,3,True,2,4,4,0,0,5,0.167,0.667,0,17.983333333333334,7,1,0.0434782608695652,2
1126,Robert Brown,robert_brown,False,50,True,1,9,59,264,19519,19331,16,5,5,1,1,2,4,27,2,1,0,0,0,1,2,2,2,2,2,2,True,5,3,3,29,9,4,0.0,0.0,0,9.916666666666666,9,2,0.0869565217391304,1
1127,John Miller,john_miller,False,23,True,1,10,45,977,12826,2073,16,1,1,1,0,2,2,4,2,2,2,2,2,1,3,3,2,2,3,2,True,2,3,4,22,10,4,1.0,1.0,0,13.566666666666666,10,4,0.1739130434782608,2
1128,John Miller,john_miller,False,36,True,1,6,80,1302,19711,5562,13,2,2,2,0,3,3,9,3,3,2,0,2,1,0,3,0,2,3,2,True,4,3,4,43,15,3,0.0,0.667,2,14.55,12,1,0.0434782608695652,2
1129,Mary Martinez,mary_martinez,False,42,True,2,9,93,1059,26362,19613,22,5,5,1,0,1,8,24,2,1,0,0,1,0,3,1,3,3,3,2,True,3,3,5,20,6,4,0.0,0.0,0,20.4,11,1,0.0434782608695652,1
1130,Mary Garcia,mary_garcia,False,35,True,1,28,46,750,25348,3407,17,2,2,1,0,2,1,10,3,10,9,6,8,2,1,3,2,2,3,1,True,3,4,4,32,14,3,0.6,0.9,2,16.983333333333334,10,2,0.0869565217391304,1
1131,Linda Rodriguez,linda_rodriguez,False,34,True,1,10,92,653,15332,5063,14,2,4,2,0,3,1,8,3,8,2,7,7,1,3,1,2,2,1,1,True,3,3,2,27,9,4,0.875,0.25,1,18.25,10,1,0.0434782608695652,1
1132,Elizabeth Brown,elizabeth_brown,False,40,False,1,14,84,118,11262,4639,15,2,0,1,1,1,1,5,2,5,4,1,2,1,3,2,0,2,2,2,True,3,2,4,31,11,3,0.2,0.8,1,17.183333333333334,6,3,0.1304347826086956,2
1133,Robert Rodriguez,robert_rodriguez,False,43,True,0,27,87,990,5855,4876,12,1,2,1,0,2,5,8,0,6,4,0,2,1,3,3,1,2,2,2,True,2,2,3,0,0,5,0.0,0.667,1,14.833333333333334,10,1,0.0434782608695652,1
1134,James Jones,james_jones,False,35,True,1,7,63,1349,7713,2690,18,1,2,1,0,1,1,1,5,1,0,0,1,1,2,1,3,2,3,1,True,3,3,4,61,22,2,0.0,0.0,0,11.083333333333334,7,3,0.1304347826086956,1
1135,William Davis,william_davis,False,46,True,2,1,56,563,3156,17567,15,4,5,1,1,3,1,27,5,26,0,0,12,0,3,3,0,2,1,0,True,2,4,3,56,29,3,0.0,0.0,2,17.483333333333334,10,1,0.0434782608695652,2
1136,Robert Rodriguez,robert_rodriguez,True,28,True,1,24,51,329,7324,2408,17,1,2,1,0,2,1,1,3,1,1,0,0,3,2,2,1,2,2,2,True,4,2,3,47,26,3,0.0,1.0,2,22.48333333333333,13,1,0.0434782608695652,1
1137,Linda Jones,linda_jones,False,22,False,1,26,85,457,10293,2814,14,1,1,0,0,1,1,4,2,4,2,1,3,0,1,1,2,2,1,1,True,4,4,3,21,9,4,0.25,0.5,2,19.23333333333333,10,1,0.0434782608695652,1
1138,Mary Williams,mary_williams,False,50,True,1,20,41,1234,20689,11245,15,4,4,2,0,4,2,32,3,30,8,12,13,1,1,2,2,2,2,2,True,5,4,2,43,19,3,0.4,0.267,2,25.566666666666663,11,1,0.0434782608695652,1
1139,Mary Garcia,mary_garcia,False,32,False,1,5,35,634,18783,3312,17,1,1,1,0,3,3,6,3,3,2,0,2,2,1,3,3,2,3,2,True,2,4,3,45,14,3,0.0,0.667,0,25.166666666666668,14,1,0.0434782608695652,2
1140,Patricia Davis,patricia_davis,False,44,False,0,7,31,1313,3549,19049,14,5,7,1,0,2,0,23,4,22,7,1,10,1,1,2,3,2,3,1,True,5,4,4,46,15,3,0.045,0.318,2,23.6,8,1,0.0434782608695652,1
1141,William Johnson,william_johnson,False,30,True,1,7,48,241,5348,2141,12,1,1,1,0,2,1,6,3,6,4,1,1,1,1,1,1,2,1,1,True,1,2,3,33,12,3,0.167,0.667,2,17.7,15,1,0.0434782608695652,2
1142,Robert Davis,robert_davis,False,45,False,2,5,50,1015,23447,5769,14,2,2,1,0,4,1,10,3,10,7,1,4,0,2,0,0,2,0,2,True,4,1,3,42,19,3,0.1,0.7,2,19.83333333333333,11,2,0.0869565217391304,1
1143,William Smith,william_smith,False,45,True,1,26,52,336,24162,4385,15,2,0,0,1,2,1,10,2,10,7,4,5,1,0,1,0,2,0,2,True,2,1,2,31,16,3,0.4,0.7,2,16.583333333333332,12,1,0.0434782608695652,1
1144,Michael Miller,michael_miller,False,31,True,2,2,54,715,21602,5332,13,2,0,2,1,3,7,10,3,5,2,0,3,0,3,2,0,2,3,2,True,2,2,4,42,20,3,0.0,0.4,1,21.066666666666663,10,1,0.0434782608695652,2
1145,Michael Smith,michael_smith,False,36,False,1,12,76,559,12421,4663,12,2,3,1,0,3,9,7,2,3,2,1,1,2,2,2,2,2,1,2,True,3,2,3,20,8,4,0.333,0.667,1,20.9,8,2,0.0869565217391304,1
1146,Mary Martinez,mary_martinez,False,34,True,0,10,42,426,17000,4724,13,2,3,2,0,3,1,9,3,9,7,7,2,1,2,3,3,2,0,2,True,1,3,2,45,15,3,0.778,0.778,0,21.6,12,1,0.0434782608695652,2
1147,Barbara Davis,barbara_davis,False,49,False,1,25,84,722,22102,3211,14,1,2,1,0,3,1,10,3,9,6,1,4,1,2,2,0,2,3,1,True,2,3,3,33,18,3,0.111,0.667,2,17.133333333333333,9,1,0.0434782608695652,2
1148,Linda Martinez,linda_martinez,False,39,True,1,10,76,1387,3835,5377,13,2,3,1,0,4,2,10,3,7,7,7,7,3,1,2,0,2,3,2,True,3,1,3,38,16,3,1.0,1.0,1,19.71666666666667,13,2,0.0869565217391304,2
1149,Jennifer Miller,jennifer_miller,False,27,True,0,19,67,1302,16290,4066,11,1,2,1,0,2,1,7,3,7,7,0,7,2,3,1,0,2,0,2,True,1,2,2,44,23,3,0.0,1.0,2,21.566666666666663,9,1,0.0434782608695652,1
1150,Jennifer Jones,jennifer_jones,False,35,True,1,18,48,819,26312,5208,11,2,1,1,0,4,1,16,2,16,15,1,10,0,1,3,0,2,3,2,True,2,2,4,19,9,4,0.062,0.938,1,16.6,12,1,0.0434782608695652,1
1151,David Johnson,david_johnson,False,28,False,0,27,39,580,20460,4877,21,2,3,1,0,2,0,6,5,5,3,0,0,1,1,0,0,3,1,1,True,2,1,2,71,37,2,0.0,0.6,2,19.383333333333333,16,2,0.0869565217391304,2
1152,John Brown,john_brown,False,21,True,2,5,97,546,26009,3117,18,1,1,1,0,0,1,3,2,2,2,2,2,0,2,2,3,2,2,2,True,3,3,4,26,15,4,1.0,1.0,0,9.95,11,2,0.0869565217391304,2
1153,Barbara Garcia,barbara_garcia,True,18,False,2,3,70,544,18420,1569,12,1,6,2,1,1,1,0,2,0,0,0,0,0,1,2,3,2,2,3,True,5,4,3,30,17,4,0.0,0.0,2,19.73333333333333,9,1,0.0434782608695652,1
1154,Elizabeth Miller,elizabeth_miller,False,47,False,1,26,98,1176,5220,19658,11,5,5,1,2,3,3,27,2,5,2,1,0,1,3,2,2,2,2,2,True,3,3,2,19,9,4,0.2,0.4,0,20.23333333333333,14,2,0.0869565217391304,2
1155,Elizabeth Davis,elizabeth_davis,False,39,True,0,3,76,170,10302,3069,15,2,2,1,0,1,0,11,3,10,8,0,7,1,2,1,2,2,3,2,True,2,1,4,34,15,3,0.0,0.8,0,19.916666666666668,13,1,0.0434782608695652,1
1156,Robert Davis,robert_davis,False,40,False,1,15,80,884,25800,10435,13,3,3,1,0,2,1,18,2,18,15,14,12,2,0,1,2,2,3,2,True,2,2,3,29,11,4,0.778,0.833,0,21.05,11,1,0.0434782608695652,2
1157,Robert Brown,robert_brown,False,35,False,1,8,52,208,12250,4148,12,2,4,0,0,3,1,15,5,14,11,2,9,1,2,2,2,2,3,2,True,2,3,4,41,24,3,0.143,0.786,0,19.1,12,1,0.0434782608695652,2
1158,William Martinez,william_martinez,False,37,True,1,19,85,671,26493,5768,17,2,3,1,0,2,3,9,2,4,3,0,2,3,2,2,2,2,0,1,True,3,3,2,18,8,4,0.0,0.75,1,20.58333333333333,15,1,0.0434782608695652,2
1159,James Johnson,james_johnson,False,39,False,2,4,81,711,3140,5042,13,2,3,2,0,2,0,10,2,9,2,3,8,0,0,2,2,2,3,0,True,2,3,4,32,11,3,0.333,0.222,1,14.0,7,1,0.0434782608695652,1
1160,James Brown,james_brown,False,45,False,0,2,59,1329,5388,5770,19,2,3,1,0,1,1,10,3,10,7,3,9,2,3,1,3,2,0,2,True,3,3,3,31,13,3,0.3,0.7,0,18.766666666666666,6,1,0.0434782608695652,2
1161,Elizabeth Garcia,elizabeth_garcia,False,38,False,1,2,54,397,14199,7756,19,3,3,1,0,1,3,10,6,5,4,0,2,1,3,1,2,2,3,3,True,5,2,3,95,32,2,0.0,0.8,1,18.5,9,1,0.0434782608695652,2
1162,William Jones,william_jones,True,35,True,1,10,55,737,21530,10306,17,3,0,1,1,2,9,15,3,13,12,6,0,0,3,1,0,2,2,2,True,2,1,3,28,13,4,0.462,0.923,1,25.166666666666668,12,1,0.0434782608695652,1
1163,James Smith,james_smith,False,37,False,1,10,71,1470,9953,3936,11,1,1,1,0,2,1,8,2,8,4,7,7,1,1,2,1,2,0,0,True,2,2,2,22,10,4,0.875,0.5,2,19.133333333333333,9,1,0.0434782608695652,1
1164,Michael Garcia,michael_garcia,False,40,False,2,16,84,448,19948,7945,15,3,3,1,0,2,6,18,2,4,2,3,3,0,2,2,3,2,3,1,True,4,3,2,28,11,4,0.75,0.5,2,13.35,11,1,0.0434782608695652,2
1165,Barbara Martinez,barbara_martinez,False,44,True,1,1,37,602,10503,5743,11,2,8,2,2,4,4,14,3,10,7,0,2,0,0,2,3,2,2,2,True,4,5,3,40,13,3,0.0,0.7,1,21.066666666666663,17,1,0.0434782608695652,1
1166,Linda Williams,linda_williams,False,48,True,1,4,89,365,5602,15202,25,4,5,2,0,4,2,23,3,2,2,2,2,1,2,1,3,3,1,2,True,3,4,3,38,22,3,1.0,1.0,0,20.78333333333333,9,1,0.0434782608695652,1
1167,James Miller,james_miller,True,35,True,0,15,59,763,22098,5440,14,2,0,1,1,1,6,7,2,2,2,2,2,2,0,0,3,2,3,1,True,4,3,4,24,13,4,1.0,1.0,2,16.433333333333334,11,2,0.0869565217391304,2
1168,Barbara Rodriguez,barbara_rodriguez,False,24,False,2,2,32,567,17218,3760,13,1,1,2,0,0,1,6,2,6,3,1,3,0,0,2,3,2,2,2,True,4,4,3,29,16,4,0.167,0.5,1,20.48333333333333,11,1,0.0434782608695652,2
1169,Robert Garcia,robert_garcia,False,27,False,1,8,86,486,22490,3517,17,1,1,1,0,2,7,5,0,3,2,0,2,0,1,3,2,2,0,2,True,2,4,2,0,0,5,0.0,0.667,1,14.25,10,1,0.0434782608695652,1
1170,William Johnson,william_johnson,False,27,True,2,2,87,591,6297,2580,13,1,1,2,0,2,2,6,0,4,2,1,2,0,3,2,3,2,2,1,True,2,4,3,0,0,5,0.25,0.5,1,15.933333333333334,13,2,0.0869565217391304,1
1171,David Martinez,david_martinez,True,40,True,2,7,73,1329,3339,2166,14,1,2,1,0,2,3,10,3,4,2,0,3,0,0,2,0,2,1,0,True,4,2,2,28,12,4,0.0,0.5,2,15.1,12,1,0.0434782608695652,2
1172,James Garcia,james_garcia,False,29,True,2,10,42,469,23413,5869,11,2,0,1,1,2,9,8,2,5,2,1,4,0,2,1,2,2,2,2,True,1,3,3,26,9,4,0.2,0.4,0,17.633333333333333,15,1,0.0434782608695652,2
1173,David Smith,david_smith,False,36,False,1,5,42,711,22792,8008,12,3,4,1,0,3,4,9,6,3,2,0,2,2,1,2,0,2,2,2,True,2,1,3,60,20,3,0.0,0.667,1,16.633333333333333,12,1,0.0434782608695652,2
1174,Elizabeth Davis,elizabeth_davis,False,25,True,0,2,77,772,4973,5206,17,2,3,2,0,0,1,7,6,7,7,0,7,2,3,3,2,2,2,2,True,3,3,3,64,26,2,0.0,1.0,0,22.816666666666663,12,1,0.0434782608695652,2
1175,Robert Jones,robert_jones,False,39,True,1,12,66,492,7693,5295,21,2,3,1,0,2,4,7,3,5,4,1,0,0,3,2,1,3,2,2,True,2,2,3,35,12,3,0.2,0.8,1,19.0,13,1,0.0434782608695652,2
1176,Patricia Garcia,patricia_garcia,False,49,False,1,22,72,301,3498,16413,16,4,7,1,0,3,3,27,2,4,2,1,2,2,0,2,1,2,1,2,True,1,2,2,16,10,4,0.25,0.5,1,19.95,14,1,0.0434782608695652,1
1177,Mary Williams,mary_williams,False,50,False,0,17,50,813,21981,13269,15,3,7,1,0,4,5,19,3,14,11,1,11,3,3,1,0,2,2,2,True,3,1,3,26,8,4,0.071,0.786,1,22.23333333333333,9,3,0.1304347826086956,2
1178,Michael Brown,michael_brown,False,20,False,2,2,31,1141,13251,2783,19,1,6,1,1,2,1,2,3,2,2,2,2,0,2,2,2,2,0,2,True,2,3,2,40,17,3,1.0,1.0,0,14.9,9,2,0.0869565217391304,2
1179,Robert Martinez,robert_martinez,False,34,False,0,3,66,1130,19332,5433,12,2,1,1,0,2,1,11,2,11,8,7,9,1,3,2,1,2,2,2,True,2,3,3,23,10,4,0.636,0.727,1,21.53333333333333,9,3,0.1304347826086956,2
1180,Jennifer Martinez,jennifer_martinez,False,36,True,2,7,77,311,10950,2013,11,1,2,1,0,2,2,15,4,4,3,1,3,0,0,2,1,2,2,2,True,2,3,3,60,23,3,0.25,0.75,1,24.516666666666666,7,1,0.0434782608695652,2
1181,David Jones,david_jones,False,49,False,1,6,41,465,11652,13966,19,4,4,1,0,0,2,30,3,15,11,2,12,1,2,1,2,2,1,2,True,4,3,2,41,19,3,0.133,0.733,1,17.05,12,2,0.0869565217391304,2
1182,Patricia Martinez,patricia_martinez,False,36,False,1,1,33,894,15411,4374,15,2,3,0,0,3,0,4,6,3,2,1,2,0,3,1,2,2,2,2,True,3,3,3,48,17,3,0.333,0.667,0,19.816666666666663,12,1,0.0434782608695652,2
1183,Elizabeth Garcia,elizabeth_garcia,False,36,True,0,3,79,1040,26308,6842,20,2,4,1,0,1,6,13,3,5,4,0,4,1,3,3,0,3,0,2,True,2,2,3,39,21,3,0.0,0.8,1,18.6,11,1,0.0434782608695652,1
1184,Patricia Davis,patricia_davis,False,54,False,1,22,91,584,18685,17426,25,4,5,1,0,4,3,36,6,10,8,4,7,1,1,2,2,3,2,2,True,2,3,3,52,21,3,0.4,0.8,1,19.816666666666663,11,2,0.0869565217391304,1
1185,Barbara Davis,barbara_davis,False,43,True,1,15,65,1291,3525,17603,24,4,7,1,0,1,1,14,3,14,10,6,11,1,2,1,2,3,0,2,True,1,2,3,43,21,3,0.429,0.714,0,16.016666666666666,14,1,0.0434782608695652,1
1186,John Johnson,john_johnson,True,35,True,2,12,36,880,10414,4581,24,2,0,2,1,3,3,13,2,11,9,6,7,0,3,2,3,3,0,3,True,4,3,3,32,16,3,0.545,0.818,2,20.55,11,1,0.0434782608695652,1
1187,Mary Davis,mary_davis,False,38,True,1,1,90,1189,9867,4735,15,2,1,2,0,2,7,19,4,13,11,2,9,2,3,2,3,2,3,3,True,2,3,3,49,28,3,0.154,0.846,0,14.433333333333334,14,2,0.0869565217391304,2
1188,Elizabeth Smith,elizabeth_smith,False,29,True,0,5,43,991,3356,4187,13,2,0,1,1,2,1,10,3,10,0,0,9,1,0,1,1,2,1,1,True,5,3,2,40,22,3,0.0,0.0,2,24.7,10,1,0.0434782608695652,2
1189,Patricia Martinez,patricia_martinez,False,33,True,0,2,93,392,3921,5505,14,2,0,1,1,3,1,6,5,6,2,0,4,2,3,2,3,2,2,2,True,2,4,4,49,24,3,0.0,0.333,0,17.466666666666665,13,2,0.0869565217391304,2
1190,Patricia Smith,patricia_smith,False,32,True,0,2,45,977,25518,5470,13,2,1,1,0,2,0,10,4,9,5,1,6,2,3,2,1,2,2,1,True,2,2,3,46,19,3,0.111,0.556,2,18.383333333333333,8,1,0.0434782608695652,1
1191,Patricia Martinez,patricia_martinez,False,31,False,1,5,67,1112,22589,5476,11,2,0,1,1,3,1,10,2,10,0,0,2,2,0,2,3,2,0,2,True,2,4,1,30,14,4,0.0,0.0,0,21.58333333333333,10,1,0.0434782608695652,2
1192,Elizabeth Jones,elizabeth_jones,False,49,False,0,16,74,464,24941,2587,16,1,2,1,0,2,4,17,2,2,2,2,2,1,3,2,0,2,1,1,True,4,2,3,19,10,4,1.0,1.0,2,20.183333333333334,11,2,0.0869565217391304,1
1193,Michael Miller,michael_miller,False,38,False,2,2,42,148,23826,2440,22,1,2,2,0,2,1,4,3,4,3,3,3,0,3,1,1,3,1,2,True,3,2,4,30,17,4,0.75,0.75,1,17.35,7,1,0.0434782608695652,2
1194,David Jones,david_jones,False,47,False,0,2,47,1225,21086,15972,14,4,5,1,1,3,6,29,2,3,2,1,2,3,1,3,1,2,2,2,True,3,3,3,23,8,4,0.333,0.667,1,22.08333333333333,11,1,0.0434782608695652,1
1195,William Brown,william_brown,False,49,True,2,1,36,809,22384,15379,14,4,5,1,0,2,4,23,2,8,7,0,0,0,2,2,2,2,0,2,True,1,2,3,27,11,4,0.0,0.875,0,24.5,7,2,0.0869565217391304,1
1196,James Rodriguez,james_rodriguez,False,41,True,2,23,80,1206,11591,7082,16,3,0,1,1,1,3,21,2,2,0,0,2,0,3,2,2,2,3,2,True,4,2,4,22,12,4,0.0,0.0,1,21.816666666666663,8,1,0.0434782608695652,2
1197,William Johnson,william_johnson,False,20,True,2,9,54,727,21082,2728,11,1,6,1,1,0,1,2,3,2,2,0,2,0,3,2,0,2,0,2,True,2,1,2,46,20,3,0.0,1.0,1,17.95,9,1,0.0434782608695652,1
1198,Barbara Johnson,barbara_johnson,False,33,False,0,16,36,530,16130,5368,25,2,0,0,1,2,1,7,2,6,5,1,2,1,2,2,3,3,2,2,True,4,4,4,18,7,4,0.167,0.833,0,15.183333333333334,11,3,0.1304347826086956,2
1199,Robert Smith,robert_smith,False,36,True,1,26,80,1351,7419,5347,14,2,4,1,0,3,6,10,2,3,2,0,2,2,0,2,2,2,1,1,True,1,4,3,22,9,4,0.0,0.667,2,20.55,13,2,0.0869565217391304,1
1200,Jennifer Williams,jennifer_williams,False,44,False,0,1,44,528,4167,3195,18,1,8,1,2,2,4,8,2,2,2,2,2,3,2,2,3,2,0,2,True,4,3,2,27,13,4,1.0,1.0,1,16.433333333333334,11,2,0.0869565217391304,2
1201,Elizabeth Martinez,elizabeth_martinez,True,23,True,2,8,93,1320,20586,3989,11,1,2,1,0,0,1,5,2,5,4,1,2,0,3,1,2,2,0,2,True,4,2,1,20,12,4,0.2,0.8,1,20.25,8,1,0.0434782608695652,1
1202,Barbara Davis,barbara_davis,False,38,False,1,4,87,1495,26176,3306,19,1,2,1,0,1,7,7,5,0,0,0,0,1,3,2,2,2,3,1,True,1,3,4,66,30,2,0.0,0.0,1,19.616666666666667,16,1,0.0434782608695652,1
1203,Jennifer Martinez,jennifer_martinez,False,53,True,1,24,48,1395,3458,7005,15,3,4,1,0,3,3,11,2,4,3,1,2,0,1,3,3,2,2,2,True,1,4,3,19,7,4,0.25,0.75,1,19.433333333333334,10,2,0.0869565217391304,2
1204,John Rodriguez,john_rodriguez,True,48,False,1,7,95,708,11740,2655,11,1,6,2,1,1,2,19,3,9,7,7,7,2,3,2,2,2,2,2,True,3,3,3,25,9,4,0.778,0.778,1,18.25,10,2,0.0869565217391304,1
1205,John Williams,john_williams,True,32,True,2,2,95,1259,24852,1393,12,1,2,1,0,3,1,1,2,1,0,0,0,0,3,2,1,2,0,2,True,3,2,2,18,6,4,0.0,0.0,0,19.2,13,1,0.0434782608695652,2
1206,Barbara Martinez,barbara_martinez,False,26,True,2,7,76,786,11925,2570,20,1,2,0,0,2,1,7,5,7,7,5,7,0,3,2,3,3,2,2,True,2,4,4,77,36,2,0.714,1.0,0,22.73333333333333,11,1,0.0434782608695652,1
1207,Mary Davis,mary_davis,False,55,True,0,22,94,1441,23737,3537,12,1,1,1,0,2,5,8,1,4,2,1,2,1,0,1,1,2,3,2,True,2,3,4,12,6,4,0.25,0.5,2,20.266666666666666,10,1,0.0434782608695652,1
1208,Linda Martinez,linda_martinez,False,34,True,1,5,57,1157,11912,3986,14,2,2,1,0,1,1,15,3,15,10,4,13,1,1,1,3,2,2,3,True,2,3,3,43,16,3,0.267,0.667,0,16.416666666666668,11,2,0.0869565217391304,2
1209,Patricia Davis,patricia_davis,False,60,True,0,1,92,370,20467,10883,20,3,4,1,0,3,3,19,2,1,0,0,0,1,2,0,3,3,2,3,True,2,3,3,21,11,4,0.0,0.0,0,17.666666666666668,10,2,0.0869565217391304,1
1210,William Smith,william_smith,False,33,True,1,21,79,267,13637,2028,18,1,2,1,0,2,1,14,6,14,11,2,13,3,1,3,1,2,3,2,True,2,3,3,76,40,2,0.143,0.786,2,26.766666666666666,12,1,0.0434782608695652,1
1211,David Davis,david_davis,False,37,True,0,1,31,1278,7677,9525,14,2,0,2,1,3,1,6,2,6,3,1,3,2,2,0,3,2,2,1,True,3,3,3,24,9,4,0.167,0.5,1,18.58333333333333,13,1,0.0434782608695652,2
1212,Robert Garcia,robert_garcia,False,34,False,1,19,35,678,20338,2929,12,1,1,1,0,2,1,10,3,10,9,8,7,0,1,1,3,2,1,2,True,2,3,3,47,19,3,0.8,0.9,1,17.3,13,1,0.0434782608695652,1
1213,William Jones,william_jones,True,23,True,0,7,99,427,25103,2275,21,1,6,1,1,2,1,3,2,3,2,0,2,1,2,2,3,3,1,2,True,4,3,4,28,17,4,0.0,0.667,1,20.433333333333334,11,1,0.0434782608695652,1
1214,Jennifer Williams,jennifer_williams,False,44,False,1,2,96,921,14810,7879,19,3,4,1,0,2,1,9,2,8,7,6,7,1,2,3,3,2,1,2,True,4,4,3,28,12,4,0.75,0.875,1,14.766666666666666,9,1,0.0434782608695652,2
1215,Jennifer Garcia,jennifer_garcia,False,35,True,2,2,79,146,13970,4930,14,1,1,2,0,3,0,6,2,5,4,1,4,0,0,1,3,2,2,3,True,4,3,4,17,9,4,0.2,0.8,2,17.366666666666667,8,1,0.0434782608695652,1
1216,Michael Brown,michael_brown,False,43,True,1,2,73,1179,6069,7847,17,2,0,1,1,2,1,10,3,10,9,8,8,1,3,2,3,2,0,2,True,4,4,2,37,16,3,0.8,0.9,1,20.266666666666666,12,1,0.0434782608695652,2
1217,Michael Smith,michael_smith,False,24,True,1,9,62,581,17616,4401,16,1,1,1,0,2,1,5,1,5,3,0,4,1,2,3,2,2,3,2,True,2,4,3,12,6,4,0.0,0.6,0,18.7,7,1,0.0434782608695652,1
1218,Elizabeth Williams,elizabeth_williams,False,41,True,2,6,35,918,15869,9241,12,3,0,1,1,2,1,10,3,10,8,8,7,0,3,2,2,2,1,2,True,2,4,3,46,24,3,0.8,0.8,0,19.2,11,2,0.0869565217391304,1
1219,Mary Jones,mary_jones,False,29,False,1,9,43,1082,25412,2974,17,1,2,1,0,3,9,9,2,5,3,1,2,1,3,2,2,2,2,2,True,2,3,3,20,10,4,0.2,0.6,0,17.0,11,1,0.0434782608695652,2
1220,Barbara Jones,barbara_jones,False,36,False,2,2,51,530,7439,4502,15,2,6,1,1,3,3,17,2,13,7,6,7,0,2,2,3,2,2,1,True,2,3,3,20,11,4,0.462,0.538,1,15.483333333333334,10,3,0.1304347826086956,1
1221,John Smith,john_smith,False,45,True,1,1,74,1238,3395,10748,23,3,4,0,0,0,3,25,3,23,15,14,4,1,2,1,2,3,3,1,True,2,2,4,34,20,3,0.609,0.652,1,22.55,14,1,0.0434782608695652,2
1222,William Johnson,william_johnson,True,24,True,1,22,58,240,11585,1555,11,1,8,1,2,0,1,1,2,1,0,0,0,1,3,0,2,2,2,2,True,2,3,2,20,9,4,0.0,0.0,1,20.683333333333334,11,1,0.0434782608695652,2
1223,Michael Brown,michael_brown,True,47,True,1,9,82,1093,24164,12936,11,4,0,2,1,2,7,25,3,23,5,14,10,0,2,0,2,2,2,0,True,2,2,3,27,10,4,0.609,0.217,1,14.383333333333333,10,2,0.0869565217391304,2
1224,Barbara Williams,barbara_williams,False,26,True,1,17,62,390,6217,2305,15,1,2,1,0,3,1,3,3,3,2,0,2,3,3,0,2,2,2,3,True,3,3,3,45,19,3,0.0,0.667,0,14.983333333333334,9,3,0.1304347826086956,2
1225,Elizabeth Miller,elizabeth_miller,False,45,False,2,28,48,1005,17119,16704,11,4,7,1,0,1,1,21,2,21,6,8,6,0,3,1,1,2,2,2,True,1,2,3,25,13,4,0.381,0.286,2,20.3,7,2,0.0869565217391304,2
1226,Robert Rodriguez,robert_rodriguez,False,32,True,1,10,56,585,17360,3433,13,1,1,2,0,2,6,10,3,5,2,1,3,1,0,2,2,2,0,1,True,2,3,2,45,22,3,0.2,0.4,2,15.416666666666666,11,1,0.0434782608695652,2
1227,Robert Williams,robert_williams,False,31,True,1,2,69,741,18103,3477,14,1,2,1,0,3,1,6,2,5,2,0,3,1,1,2,2,2,3,3,True,2,3,4,29,10,4,0.0,0.4,0,16.116666666666667,13,1,0.0434782608695652,2
1228,Michael Garcia,michael_garcia,False,41,True,1,4,60,552,20794,6430,19,2,8,0,2,2,6,10,4,3,2,1,2,1,2,0,1,2,1,2,True,2,1,3,41,13,3,0.333,0.667,1,25.65,8,1,0.0434782608695652,2
1229,David Smith,david_smith,False,40,False,1,8,92,369,5041,6516,16,2,3,1,0,1,2,18,3,1,0,0,0,1,1,2,0,2,1,2,True,4,1,2,37,19,3,0.0,0.0,2,18.65,13,2,0.0869565217391304,1
1230,William Davis,william_davis,False,24,True,0,29,91,506,3622,3907,13,1,2,1,0,0,1,6,2,6,2,1,2,3,1,2,0,2,1,3,True,1,2,3,17,6,4,0.167,0.333,2,14.183333333333334,11,2,0.0869565217391304,2
1231,Patricia Jones,patricia_jones,False,46,True,2,13,34,717,9697,5562,14,2,4,1,0,3,6,19,3,10,7,0,9,0,2,2,1,2,3,2,True,2,3,3,46,21,3,0.0,0.7,1,15.65,8,2,0.0869565217391304,2
1232,Michael Garcia,michael_garcia,False,35,True,1,27,49,1370,5151,6883,16,2,3,1,0,3,2,17,3,7,7,0,7,1,3,2,2,2,1,2,True,2,4,3,34,18,3,0.0,1.0,0,15.283333333333331,13,1,0.0434782608695652,1
1233,Elizabeth Martinez,elizabeth_martinez,False,30,True,1,16,33,793,3811,2862,12,1,1,1,0,0,1,10,2,10,0,0,8,1,1,2,3,2,1,1,True,1,3,3,22,10,4,0.0,0.0,2,16.75,11,1,0.0434782608695652,2
1234,John Smith,john_smith,False,47,True,1,2,87,543,3536,4978,11,2,0,0,1,3,7,4,3,1,0,0,0,1,2,2,1,2,3,0,True,2,2,4,31,10,3,0.0,0.0,2,21.633333333333333,8,1,0.0434782608695652,1
1235,Barbara Martinez,barbara_martinez,False,46,True,0,2,74,1277,5596,10368,12,3,0,1,1,2,4,13,5,10,6,0,3,1,2,2,3,2,1,1,True,4,4,3,58,21,3,0.0,0.6,2,12.133333333333333,15,2,0.0869565217391304,2
1236,Robert Davis,robert_davis,True,36,True,0,13,96,1456,8658,6134,13,2,0,1,1,4,5,16,3,2,2,2,2,3,1,1,0,2,1,2,True,5,2,3,30,11,4,1.0,1.0,2,18.266666666666666,11,2,0.0869565217391304,2
1237,Robert Martinez,robert_martinez,True,32,True,2,1,34,964,12147,6735,15,2,0,1,1,1,6,10,2,0,0,0,0,0,0,0,1,2,1,2,True,3,2,3,22,8,4,0.0,0.0,1,17.15,9,1,0.0434782608695652,1
1238,Jennifer Miller,jennifer_miller,False,23,False,2,4,51,160,12862,3295,13,1,2,1,0,0,1,3,3,3,2,1,2,0,2,2,1,2,2,0,True,2,3,3,43,20,3,0.333,0.667,2,23.05,9,1,0.0434782608695652,1
1239,James Brown,james_brown,False,31,False,2,24,30,163,6670,5238,20,2,3,2,0,0,2,9,3,5,4,1,4,0,3,2,3,3,3,1,True,2,3,4,44,20,3,0.2,0.8,1,20.08333333333333,10,1,0.0434782608695652,1
1240,David Miller,david_miller,False,39,True,1,1,77,792,8989,6472,15,2,2,0,0,2,1,9,2,9,8,5,8,1,3,2,3,2,3,2,True,4,3,3,21,8,4,0.556,0.889,0,18.516666666666666,11,1,0.0434782608695652,1
1241,William Brown,william_brown,False,32,True,1,19,80,371,3840,9610,13,3,0,1,1,2,3,10,2,4,3,0,2,1,3,0,2,2,2,0,True,2,2,3,24,8,4,0.0,0.75,1,19.83333333333333,10,2,0.0869565217391304,2
1242,William Smith,william_smith,False,40,True,2,7,88,611,4349,19833,14,5,5,1,1,3,1,21,3,21,8,12,8,0,1,2,1,2,1,1,True,3,1,2,45,16,3,0.571,0.381,2,23.71666666666667,9,1,0.0434782608695652,1
1243,Robert Martinez,robert_martinez,False,45,False,1,4,56,176,6595,9756,21,3,8,1,2,2,4,9,2,5,0,0,3,2,2,0,2,3,2,3,True,1,2,4,17,10,4,0.0,0.0,0,21.633333333333333,11,2,0.0869565217391304,2
1244,Michael Brown,michael_brown,False,30,False,2,2,78,1312,26427,4968,16,1,1,2,0,3,0,10,2,9,7,0,7,0,3,1,0,2,3,2,True,2,1,3,30,13,4,0.0,0.778,1,18.816666666666663,10,1,0.0434782608695652,2
1245,Michael Smith,michael_smith,False,24,True,1,10,59,897,2097,2145,14,1,8,2,2,2,0,3,2,2,2,2,1,1,0,2,3,2,3,2,True,2,3,4,20,11,4,1.0,1.0,1,24.4,12,1,0.0434782608695652,2
1246,Michael Davis,michael_davis,True,30,False,0,8,66,600,9732,2180,11,1,8,2,2,2,6,6,0,4,2,1,2,1,2,1,3,2,2,1,True,2,3,3,0,0,5,0.25,0.5,1,22.766666666666666,12,2,0.0869565217391304,2
1247,Elizabeth Rodriguez,elizabeth_rodriguez,False,31,True,1,5,51,1003,20943,8346,19,2,0,1,1,2,1,6,3,5,2,0,2,1,0,2,2,2,2,2,True,2,3,3,38,17,3,0.0,0.4,0,20.266666666666666,9,1,0.0434782608695652,1
1248,Mary Miller,mary_miller,False,27,False,2,8,67,1054,6152,3445,11,1,1,1,0,2,1,6,5,6,2,1,4,0,2,2,3,2,2,1,True,2,3,4,62,32,2,0.167,0.333,1,15.9,12,1,0.0434782608695652,2
1249,Linda Miller,linda_miller,True,29,False,2,9,52,428,14630,2760,13,1,6,1,1,2,1,2,3,2,2,2,2,0,1,0,1,2,2,2,True,3,2,3,45,16,3,1.0,1.0,2,22.95,7,1,0.0434782608695652,1
1250,Barbara Davis,barbara_davis,False,29,True,2,1,70,461,23060,6294,12,2,4,2,0,2,8,10,5,3,2,0,2,0,3,3,2,2,3,3,True,5,4,4,44,22,3,0.0,0.667,1,16.866666666666667,12,1,0.0434782608695652,1
1251,Barbara Johnson,barbara_johnson,False,30,True,0,15,94,979,3088,7140,11,3,0,1,1,1,2,12,2,7,7,1,7,1,2,1,0,2,0,2,True,2,1,2,22,8,4,0.143,1.0,1,19.2,10,3,0.1304347826086956,1
1252,Elizabeth Brown,elizabeth_brown,False,34,True,1,2,97,181,5586,2932,14,1,1,1,0,3,0,6,3,5,0,1,2,3,3,3,3,2,0,2,True,3,4,1,37,20,3,0.2,0.0,1,16.883333333333333,7,3,0.1304347826086956,1
1253,Linda Garcia,linda_garcia,False,33,False,2,2,62,1283,10697,5147,15,2,0,0,1,2,8,13,2,11,7,1,7,0,3,2,1,2,3,1,True,3,3,5,29,9,4,0.091,0.636,2,12.833333333333334,9,1,0.0434782608695652,2
1254,Elizabeth Johnson,elizabeth_johnson,False,49,False,2,11,80,1313,8191,4507,12,2,0,1,1,3,3,8,1,5,1,0,4,0,3,2,3,2,2,3,True,2,3,3,10,5,5,0.0,0.2,0,12.8,10,3,0.1304347826086956,1
1255,David Garcia,david_garcia,True,33,False,2,16,74,211,10092,8564,20,3,0,1,1,2,2,11,2,0,0,0,0,0,0,2,0,3,2,1,True,4,3,3,29,10,4,0.0,0.0,2,14.95,13,2,0.0869565217391304,2
1256,Robert Rodriguez,robert_rodriguez,False,38,False,1,2,75,594,15963,2468,14,1,2,2,0,1,4,9,4,6,1,0,5,1,2,1,1,2,1,1,True,2,2,3,45,25,3,0.0,0.167,2,15.666666666666666,8,1,0.0434782608695652,2
1257,David Martinez,david_martinez,True,31,True,1,16,70,1079,19002,8161,13,3,0,1,1,3,2,10,2,1,0,0,0,3,0,2,2,2,0,2,True,2,4,2,19,7,4,0.0,0.0,0,15.166666666666666,15,1,0.0434782608695652,2
1258,John Brown,john_brown,False,29,False,0,4,91,590,10007,2109,13,1,1,1,0,2,1,1,2,1,0,0,0,1,3,1,0,2,2,2,True,2,2,4,28,14,4,0.0,0.0,1,17.2,11,1,0.0434782608695652,1
1259,Michael Martinez,michael_martinez,False,30,True,1,16,58,305,9128,5294,16,2,4,1,0,2,3,10,3,7,0,1,7,1,2,3,2,2,2,2,True,1,3,3,26,12,4,0.143,0.0,0,16.2,13,2,0.0869565217391304,1
1260,Patricia Rodriguez,patricia_rodriguez,False,32,True,2,5,65,953,17674,2718,14,1,1,0,0,3,2,12,3,7,7,0,7,0,1,2,1,2,1,2,True,1,2,2,36,15,3,0.0,1.0,1,12.716666666666669,7,2,0.0869565217391304,2
1261,Elizabeth Miller,elizabeth_miller,False,38,True,1,18,60,833,24539,5811,16,2,4,1,0,2,3,15,2,1,0,1,0,1,1,0,3,2,2,2,True,4,2,3,17,8,4,1.0,0.0,1,13.466666666666669,10,1,0.0434782608695652,1
1262,Elizabeth Williams,elizabeth_williams,True,43,True,1,17,38,807,15587,2437,16,1,1,2,0,2,9,6,4,1,0,0,0,1,2,1,2,2,3,2,True,3,3,4,43,25,3,0.0,0.0,1,17.416666666666668,7,1,0.0434782608695652,1
1263,Jennifer Jones,jennifer_jones,False,42,True,0,12,57,855,8952,2766,22,1,2,1,0,2,8,7,6,5,3,0,4,3,1,2,1,3,1,1,True,1,3,4,77,24,2,0.0,0.6,2,20.116666666666667,13,1,0.0434782608695652,2
1264,Patricia Brown,patricia_brown,False,55,True,1,2,60,478,19805,19038,12,5,7,1,0,2,8,34,2,1,0,0,0,3,2,1,0,2,1,2,True,4,1,3,25,14,4,0.0,0.0,0,17.35,14,1,0.0434782608695652,1
1265,Linda Jones,linda_jones,False,33,True,0,4,90,775,6194,3055,15,2,1,0,0,2,5,11,2,9,8,1,7,2,3,2,1,2,3,1,True,2,3,3,22,11,4,0.111,0.889,2,16.15,12,1,0.0434782608695652,2
1266,Jennifer Williams,jennifer_williams,False,41,True,0,9,94,548,20520,2289,20,1,2,1,0,3,1,5,2,5,3,0,4,2,2,2,0,3,1,2,True,2,2,4,23,12,4,0.0,0.6,1,19.883333333333333,11,1,0.0434782608695652,2
1267,William Williams,william_williams,False,34,True,0,10,87,1375,12313,4001,14,2,0,0,1,2,1,15,3,15,14,0,7,1,3,2,2,2,2,2,True,4,3,3,29,12,4,0.0,0.933,1,15.566666666666666,13,1,0.0434782608695652,2
1268,John Williams,john_williams,False,53,False,1,1,60,661,22308,12965,20,4,3,0,0,3,4,27,2,3,2,0,2,3,0,1,2,3,3,1,True,5,3,5,23,10,4,0.0,0.667,2,21.383333333333333,10,1,0.0434782608695652,1
1269,Barbara Martinez,barbara_martinez,False,43,True,2,2,97,244,5033,3539,13,1,8,1,2,2,0,10,5,9,7,1,8,0,1,2,3,2,1,2,True,3,3,2,78,44,2,0.111,0.778,0,17.21666666666667,11,3,0.1304347826086956,2
1270,James Smith,james_smith,False,34,False,2,3,32,511,25353,6029,12,2,0,1,1,1,5,6,3,2,2,2,2,0,3,0,3,2,0,2,True,2,3,2,44,19,3,1.0,1.0,0,16.75,9,1,0.0434782608695652,2
1271,Jennifer Johnson,jennifer_johnson,True,21,True,2,7,31,337,4567,2679,13,1,6,1,1,0,1,1,3,1,0,1,0,0,1,2,1,2,1,2,True,3,3,2,27,12,4,1.0,0.0,1,21.23333333333333,9,2,0.0869565217391304,1
1272,Barbara Miller,barbara_miller,False,38,False,1,6,40,1153,16376,3702,11,1,2,1,0,1,1,5,3,5,4,0,4,1,3,1,2,2,1,2,True,2,3,2,25,8,4,0.0,0.8,0,18.716666666666665,12,1,0.0434782608695652,2
1273,Barbara Smith,barbara_smith,True,22,False,1,8,79,1294,15999,2398,17,1,2,1,0,0,1,1,6,1,0,0,0,0,2,2,0,2,2,2,True,4,2,3,93,32,2,0.0,0.0,2,18.98333333333333,11,1,0.0434782608695652,2
1274,Robert Davis,robert_davis,False,31,False,1,29,91,196,13402,5468,14,2,0,1,1,3,1,13,3,12,7,5,7,2,0,1,3,2,0,2,True,1,3,3,37,18,3,0.417,0.583,1,20.516666666666666,11,2,0.0869565217391304,1
1275,Mary Miller,mary_miller,False,51,False,1,3,53,942,22984,13116,11,3,5,1,0,2,2,15,2,2,2,2,2,0,0,2,2,2,3,2,True,2,3,3,25,13,4,1.0,1.0,0,16.8,10,2,0.0869565217391304,1
1276,Elizabeth Smith,elizabeth_smith,False,37,True,1,9,46,589,8800,4189,14,2,0,1,1,1,1,5,2,5,2,0,3,2,1,1,1,2,0,2,True,2,2,3,28,13,4,0.0,0.4,0,16.316666666666666,13,2,0.0869565217391304,1
1277,Michael Williams,michael_williams,False,46,True,0,2,46,734,14218,19328,17,5,7,1,0,3,7,24,3,2,1,2,2,1,2,2,3,2,2,2,True,4,3,4,32,11,3,1.0,0.5,1,19.816666666666663,8,3,0.1304347826086956,2
1278,David Garcia,david_garcia,False,36,True,1,10,90,1383,25949,8321,13,3,4,1,0,2,7,15,1,12,8,5,7,1,3,2,0,2,3,2,True,4,1,4,12,5,4,0.417,0.667,2,17.333333333333332,15,1,0.0434782608695652,2
1279,Barbara Rodriguez,barbara_rodriguez,True,44,True,0,1,99,429,11092,2342,12,1,1,2,0,1,1,6,2,5,3,2,3,3,2,2,1,2,2,1,True,4,2,3,31,13,3,0.4,0.6,2,16.633333333333333,9,2,0.0869565217391304,1
1280,David Jones,david_jones,False,37,True,0,8,89,1239,12832,4071,13,2,8,1,2,1,2,19,4,10,0,4,7,0,2,2,1,2,2,1,True,3,3,3,54,24,3,0.4,0.0,1,22.3,13,1,0.0434782608695652,1
1281,Elizabeth Smith,elizabeth_smith,True,35,True,2,27,84,303,13492,5813,18,2,0,1,1,2,1,10,2,10,7,7,7,0,2,2,3,2,3,2,True,5,3,4,18,10,4,0.7,0.7,2,21.433333333333334,9,2,0.0869565217391304,2
1282,Elizabeth Davis,elizabeth_davis,False,33,True,1,8,90,867,6076,3143,19,1,1,1,0,3,6,14,1,10,8,7,6,1,3,3,0,2,1,2,True,2,3,3,9,5,5,0.7,0.8,1,18.133333333333333,10,1,0.0434782608695652,2
1283,Robert Miller,robert_miller,False,28,True,1,1,82,1181,5531,2044,11,1,1,1,0,2,1,5,6,5,3,0,3,1,2,2,3,2,2,3,True,2,4,3,58,19,3,0.0,0.6,0,14.016666666666666,12,3,0.1304347826086956,2
1284,Michael Brown,michael_brown,False,39,True,2,10,65,1253,7914,13464,21,3,7,1,0,0,7,9,3,4,3,2,2,0,2,2,2,3,2,2,True,1,3,4,42,24,3,0.5,0.75,0,15.0,9,2,0.0869565217391304,1
1285,Linda Smith,linda_smith,False,46,True,2,26,98,849,25166,7991,15,2,0,0,1,1,8,6,3,2,2,2,2,0,1,1,1,2,2,2,True,2,3,4,31,14,3,1.0,1.0,2,20.383333333333333,11,1,0.0434782608695652,1
1286,John Rodriguez,john_rodriguez,False,40,False,1,2,99,616,25605,3377,17,1,2,1,0,1,4,7,5,4,3,0,2,1,2,2,0,2,3,1,True,2,2,4,41,21,3,0.0,0.75,2,22.766666666666666,9,1,0.0434782608695652,1
1287,Patricia Williams,patricia_williams,False,42,True,1,13,95,1128,5696,5538,18,2,4,1,0,2,5,10,2,0,0,0,0,2,1,3,0,2,2,1,True,1,2,3,31,11,3,0.0,0.0,2,22.683333333333334,15,2,0.0869565217391304,1
1288,Patricia Miller,patricia_miller,False,35,True,0,2,90,1180,24442,5762,14,2,3,0,0,1,2,15,6,7,7,1,7,1,1,2,3,2,2,2,True,2,3,2,56,28,3,0.143,1.0,0,18.966666666666665,8,1,0.0434782608695652,1
1289,Patricia Jones,patricia_jones,False,38,True,0,2,100,1336,7129,2592,13,1,8,0,2,2,5,13,3,11,10,3,8,3,0,2,1,2,3,2,True,2,2,3,24,9,4,0.273,0.909,1,16.4,10,4,0.1739130434782608,1
1290,Patricia Brown,patricia_brown,True,34,True,1,9,93,234,6208,5346,17,2,2,2,0,3,4,11,3,7,1,0,7,1,3,2,0,2,2,1,True,2,2,3,30,13,4,0.0,0.143,2,21.216666666666665,10,1,0.0434782608695652,1
1291,William Brown,william_brown,True,37,True,2,10,58,370,4992,4213,15,2,3,1,0,3,1,10,4,10,3,0,8,0,3,2,0,2,1,0,True,2,1,2,40,12,3,0.0,0.3,2,21.75,9,2,0.0869565217391304,2
1292,David Brown,david_brown,False,39,True,0,20,83,766,19188,4127,18,2,0,2,1,2,2,7,6,2,1,2,2,1,2,2,3,2,3,2,True,2,4,3,68,23,2,1.0,0.5,0,18.25,11,2,0.0869565217391304,1
1293,James Miller,james_miller,False,43,True,2,9,52,343,24978,2438,13,1,1,0,0,2,4,7,2,3,2,1,2,0,0,2,2,2,2,1,True,2,2,3,31,10,3,0.333,0.667,2,18.78333333333333,12,1,0.0434782608695652,2
1294,Michael Johnson,michael_johnson,False,41,True,2,5,85,447,15530,6870,12,2,4,1,0,2,3,11,3,3,2,1,2,0,1,3,1,2,0,0,True,2,3,2,45,17,3,0.333,0.667,2,15.45,12,1,0.0434782608695652,1
1295,James Martinez,james_martinez,False,41,False,0,4,81,796,26458,10447,13,3,0,1,1,0,0,23,3,22,14,13,5,1,2,2,2,2,3,3,True,4,2,4,35,12,3,0.591,0.636,1,17.966666666666665,11,1,0.0434782608695652,2
1296,John Davis,john_davis,False,30,False,2,10,64,1092,2739,9667,14,3,3,1,0,2,9,9,3,7,7,0,2,0,0,2,2,2,1,2,True,2,3,2,34,17,3,0.0,1.0,0,17.883333333333333,7,2,0.0869565217391304,1
1297,William Brown,william_brown,True,26,False,1,20,69,920,6889,2148,11,1,8,1,2,1,0,6,3,5,1,1,4,0,3,2,1,2,2,2,True,4,2,3,37,11,3,0.2,0.2,2,12.4,10,1,0.0434782608695652,1
1298,Robert Garcia,robert_garcia,True,46,False,1,21,66,261,10842,8926,22,2,4,1,0,1,4,13,2,9,7,3,7,1,3,2,1,3,3,3,True,2,3,4,20,10,4,0.333,0.778,1,19.98333333333333,7,3,0.1304347826086956,1
1299,Michael Johnson,michael_johnson,False,40,False,0,1,52,1194,9060,6513,17,2,4,1,0,2,4,12,3,5,3,0,3,1,2,2,3,2,3,2,True,1,3,4,25,9,4,0.0,0.6,0,21.7,12,1,0.0434782608695652,1
1300,Elizabeth Johnson,elizabeth_johnson,False,34,True,1,8,92,810,22128,6799,21,2,0,1,1,1,1,10,5,10,8,4,8,2,1,3,2,3,2,2,True,3,4,4,78,46,2,0.4,0.8,0,18.55,9,1,0.0434782608695652,1
1301,James Brown,james_brown,False,58,True,0,2,52,350,22577,16291,22,4,5,0,1,2,4,37,0,16,9,14,14,1,1,2,1,3,3,1,True,1,3,5,0,0,5,0.875,0.562,2,15.616666666666667,9,1,0.0434782608695652,2
1302,Jennifer Johnson,jennifer_johnson,False,35,True,1,23,91,185,9696,2705,16,1,2,1,0,3,0,6,2,5,4,0,3,1,1,0,2,2,1,3,True,2,1,2,19,7,4,0.0,0.8,1,17.166666666666668,7,1,0.0434782608695652,1
1303,Patricia Johnson,patricia_johnson,False,47,False,0,4,92,1001,19271,10333,12,3,3,1,0,2,8,28,4,22,11,14,10,1,2,1,1,2,2,2,True,4,2,3,47,23,3,0.636,0.5,2,17.416666666666668,11,1,0.0434782608695652,2
1304,Barbara Rodriguez,barbara_rodriguez,False,40,False,0,12,47,750,10748,4448,12,2,4,1,0,2,2,15,3,7,4,7,7,1,1,2,0,2,1,2,True,2,3,3,36,11,3,1.0,0.571,2,14.2,13,2,0.0869565217391304,2
1305,Barbara Martinez,barbara_martinez,False,54,False,1,7,68,431,15696,6854,15,2,1,1,0,3,4,14,2,7,1,1,7,1,3,2,3,2,1,1,True,2,3,2,16,9,4,0.143,0.143,0,18.7,7,2,0.0869565217391304,1
1306,David Davis,david_davis,False,31,False,1,7,68,1125,8277,9637,14,3,0,2,1,3,2,9,3,3,2,2,2,2,0,2,0,2,3,2,True,1,3,5,28,13,4,0.667,0.667,1,20.683333333333334,8,2,0.0869565217391304,1
1307,Robert Smith,robert_smith,False,28,False,1,1,67,1217,12719,3591,25,1,1,1,0,2,1,3,3,3,2,1,2,1,2,2,0,3,2,2,True,2,2,4,33,10,3,0.333,0.667,0,16.5,13,1,0.0434782608695652,1
1308,Michael Smith,michael_smith,False,38,False,1,2,77,723,4244,5405,20,2,6,1,1,3,2,20,4,4,2,0,3,2,1,0,3,3,0,1,True,4,2,2,54,22,3,0.0,0.5,2,14.983333333333334,13,1,0.0434782608695652,2
1309,David Garcia,david_garcia,False,26,True,2,10,46,572,9125,4684,13,2,0,1,1,2,1,5,4,5,3,1,2,0,2,2,3,2,0,2,True,2,4,2,39,13,3,0.2,0.6,0,16.216666666666665,8,2,0.0869565217391304,2
1310,Linda Jones,linda_jones,False,58,True,1,15,87,1216,21624,15787,14,4,7,2,0,3,2,23,3,2,2,2,2,0,0,2,2,2,1,2,True,4,3,2,34,14,3,1.0,1.0,1,16.616666666666667,11,1,0.0434782608695652,2
1311,James Rodriguez,james_rodriguez,False,18,False,2,14,33,1431,8018,1514,16,1,1,0,0,2,1,0,4,0,0,0,0,0,1,2,2,2,2,0,True,3,3,3,50,25,3,0.0,0.0,2,12.533333333333331,13,1,0.0434782608695652,1
1312,Michael Brown,michael_brown,True,31,True,1,18,89,359,21495,2956,17,1,8,1,2,4,0,2,4,1,0,0,0,0,3,3,0,2,2,2,True,2,2,3,60,26,3,0.0,0.0,0,15.766666666666666,9,2,0.0869565217391304,1
1313,Barbara Jones,barbara_jones,True,29,True,0,13,56,350,3157,2335,15,1,8,1,2,2,4,4,3,2,2,2,0,3,0,1,0,2,3,2,True,4,2,4,32,13,3,1.0,1.0,2,15.4,10,1,0.0434782608695652,1
1314,Mary Rodriguez,mary_rodriguez,False,45,False,1,2,67,589,19665,5154,22,2,0,0,1,3,4,10,3,8,7,5,7,2,2,2,2,3,1,3,True,2,3,3,27,9,4,0.625,0.875,0,20.433333333333334,13,1,0.0434782608695652,1
1315,Robert Brown,robert_brown,False,36,False,1,2,73,430,19573,6962,22,2,1,1,0,3,4,15,2,1,0,0,0,1,3,2,1,3,3,2,True,5,3,4,24,9,4,0.0,0.0,2,20.3,14,2,0.0869565217391304,2
1316,William Garcia,william_garcia,False,43,True,1,2,92,1422,19246,5675,20,2,0,2,1,3,1,7,5,7,7,7,7,1,0,2,3,3,2,2,True,2,3,4,70,23,2,1.0,1.0,0,16.9,4,2,0.0869565217391304,2
1317,Michael Martinez,michael_martinez,False,27,False,2,5,53,1297,19826,2379,14,1,2,2,0,1,0,6,3,5,4,0,2,0,3,2,3,2,2,1,True,4,4,3,27,15,4,0.0,0.8,2,15.483333333333334,11,1,0.0434782608695652,2
1318,Michael Davis,michael_davis,False,29,True,1,20,40,574,7003,3812,13,1,2,2,0,0,1,11,3,11,8,3,10,0,3,2,3,2,1,3,True,2,4,2,34,12,3,0.273,0.727,0,20.15,13,1,0.0434782608695652,2
1319,Michael Jones,michael_jones,False,32,True,2,10,79,1318,26075,4648,13,2,0,2,1,3,8,4,2,0,0,0,0,0,3,2,3,2,2,3,True,3,3,4,16,8,4,0.0,0.0,0,20.33333333333333,9,2,0.0869565217391304,2
1320,Jennifer Miller,jennifer_miller,False,42,True,1,10,38,355,6161,2936,22,1,1,0,0,3,3,10,1,6,3,3,3,2,2,2,2,3,1,1,True,2,3,3,8,3,5,0.5,0.5,0,21.23333333333333,10,1,0.0434782608695652,1
1321,William Garcia,william_garcia,False,47,False,2,9,64,207,5411,2105,12,1,2,1,0,3,4,7,2,2,2,2,0,0,1,2,2,2,2,2,True,2,3,4,24,9,4,1.0,1.0,0,19.633333333333333,13,1,0.0434782608695652,2
1322,Mary Brown,mary_brown,False,46,True,0,2,82,706,19989,8578,14,3,3,1,0,1,3,12,4,9,8,4,7,1,3,2,3,2,2,1,True,1,3,3,42,21,3,0.444,0.889,1,14.416666666666666,10,2,0.0869565217391304,2
1323,John Brown,john_brown,False,28,True,0,1,43,280,10494,2706,15,1,8,0,2,1,1,3,2,3,2,2,2,1,2,2,3,2,1,2,True,2,3,3,30,13,4,0.667,0.667,0,23.21666666666667,10,1,0.0434782608695652,1
1324,Patricia Smith,patricia_smith,False,29,True,0,29,93,726,21143,6384,17,2,4,1,0,0,8,11,3,7,0,1,6,2,3,0,2,2,3,2,True,2,2,3,38,16,3,0.143,0.0,1,17.8,9,2,0.0869565217391304,2
1325,Mary Johnson,mary_johnson,False,42,True,2,8,81,1142,13624,3968,13,1,2,1,0,2,4,8,3,0,0,0,0,0,3,2,2,2,3,2,True,2,3,3,35,17,3,0.0,0.0,0,20.55,12,1,0.0434782608695652,2
1326,Michael Johnson,michael_johnson,True,32,True,2,2,82,414,26186,9907,12,2,0,1,1,3,7,7,3,2,2,2,2,0,2,1,1,2,2,1,True,5,2,3,34,15,3,1.0,1.0,2,17.016666666666666,9,2,0.0869565217391304,1
1327,David Brown,david_brown,False,46,False,0,3,45,1319,7739,13225,12,4,0,1,1,2,2,25,5,19,17,2,8,1,0,3,0,2,3,2,True,2,3,4,60,23,3,0.105,0.895,1,17.933333333333334,8,1,0.0434782608695652,1
1328,Linda Davis,linda_davis,False,27,False,1,23,36,728,7018,3540,21,2,6,1,1,0,1,9,5,9,8,5,8,1,1,1,2,3,3,2,True,2,2,4,42,20,3,0.556,0.889,1,17.35,8,3,0.1304347826086956,1
1329,Michael Brown,michael_brown,False,29,True,1,6,87,352,15434,2804,11,1,8,1,2,0,1,1,3,1,0,0,0,0,3,1,1,2,3,2,True,2,2,4,45,23,3,0.0,0.0,2,17.116666666666667,8,2,0.0869565217391304,1
1330,Barbara Rodriguez,barbara_rodriguez,False,43,False,1,6,81,823,22539,19392,13,5,5,1,0,2,7,21,2,16,12,6,14,0,0,1,2,2,3,2,True,2,3,4,32,10,3,0.375,0.75,1,20.216666666666665,14,1,0.0434782608695652,2
1331,Elizabeth Garcia,elizabeth_garcia,False,48,True,1,10,91,1224,13583,19665,12,5,7,1,0,2,4,29,3,22,10,12,9,0,3,1,1,2,3,2,True,3,2,3,28,12,4,0.545,0.455,1,20.4,4,1,0.0434782608695652,2
1332,David Williams,david_williams,True,29,True,2,24,73,459,14753,2439,24,1,1,2,0,1,1,1,3,1,0,1,0,0,3,1,3,3,1,1,True,4,3,4,27,9,4,1.0,0.0,2,22.316666666666663,11,1,0.0434782608695652,1
1333,Mary Williams,mary_williams,True,46,False,1,10,64,1254,14011,7314,21,3,0,1,1,2,5,14,2,8,7,0,7,3,2,2,1,3,2,2,True,2,3,4,18,6,4,0.0,0.875,1,14.3,13,1,0.0434782608695652,2
1334,Barbara Martinez,barbara_martinez,False,27,False,1,15,77,1131,23844,4774,19,1,1,2,0,2,0,8,2,7,6,7,3,1,3,1,0,2,3,1,True,2,2,3,27,13,4,1.0,0.857,2,17.033333333333335,14,2,0.0869565217391304,1
1335,Robert Jones,robert_jones,False,39,True,0,19,41,835,5141,3902,14,2,1,1,0,3,8,7,2,2,2,2,2,3,3,2,3,2,1,2,True,2,3,3,27,15,4,1.0,1.0,0,20.55,9,1,0.0434782608695652,1
1336,John Martinez,john_martinez,False,55,True,1,2,98,836,7975,2662,20,1,1,1,0,3,8,19,2,5,2,0,4,1,1,1,3,3,1,3,True,1,3,4,30,17,4,0.0,0.4,0,16.483333333333334,10,3,0.1304347826086956,1
1337,Linda Miller,linda_miller,False,28,False,1,3,78,1172,3692,2856,19,1,6,1,1,2,1,1,3,1,0,0,0,1,1,2,1,2,3,2,True,2,2,3,42,13,3,0.0,0.0,2,20.883333333333333,12,1,0.0434782608695652,1
1338,Barbara Johnson,barbara_johnson,True,30,True,2,9,89,945,16019,1081,13,1,6,1,1,2,1,1,3,1,0,0,0,0,1,2,3,2,2,1,True,2,4,3,35,15,3,0.0,0.0,1,18.55,8,1,0.0434782608695652,2
1339,Robert Davis,robert_davis,True,22,True,2,7,75,391,26092,2472,23,1,1,1,0,0,1,1,2,1,0,0,0,0,3,2,1,3,0,2,True,4,3,3,26,12,4,0.0,0.0,2,11.066666666666666,11,1,0.0434782608695652,2
1340,Robert Rodriguez,robert_rodriguez,False,36,False,1,10,63,1266,6060,5673,13,2,0,1,1,3,1,10,4,10,9,1,7,1,1,1,2,2,0,2,True,4,2,3,54,19,3,0.1,0.9,1,18.46666666666667,9,1,0.0434782608695652,1
1341,William Rodriguez,william_rodriguez,False,31,True,0,20,89,311,18624,4197,11,2,2,1,0,2,1,10,2,10,8,0,2,1,1,2,2,2,0,2,True,2,3,2,24,13,4,0.0,0.8,0,16.633333333333333,14,1,0.0434782608695652,2
1342,Robert Garcia,robert_garcia,False,34,True,1,4,64,1480,24444,9713,13,3,0,1,1,2,2,9,3,5,3,1,0,3,2,2,3,2,3,2,True,4,4,3,35,18,3,0.2,0.6,0,18.266666666666666,8,1,0.0434782608695652,1
1343,David Brown,david_brown,False,29,True,2,7,59,592,19384,2062,14,1,2,1,0,2,3,11,2,3,2,1,2,0,3,2,0,2,1,2,True,2,1,2,26,15,4,0.333,0.667,1,14.533333333333331,10,1,0.0434782608695652,2
1344,Barbara Williams,barbara_williams,False,37,True,1,7,78,783,13588,4284,22,2,1,1,0,3,5,16,2,5,3,0,4,1,3,2,0,3,2,2,True,5,2,4,25,8,4,0.0,0.6,2,21.15,11,1,0.0434782608695652,1
1345,James Williams,james_williams,False,35,False,1,16,44,219,25388,4788,11,2,3,1,0,1,0,4,2,3,2,0,2,0,3,1,1,2,3,2,True,4,2,3,26,9,4,0.0,0.667,1,15.683333333333334,12,2,0.0869565217391304,2
1346,Linda Miller,linda_miller,False,45,False,1,25,93,556,23888,5906,13,2,3,1,0,1,0,10,2,9,8,3,8,2,1,1,3,2,3,1,True,2,4,3,26,14,4,0.333,0.889,2,18.216666666666665,10,2,0.0869565217391304,1
1347,Robert Garcia,robert_garcia,False,36,True,2,2,94,1213,4223,3886,21,2,8,2,2,0,1,10,2,10,1,0,8,0,1,1,3,3,3,1,True,3,3,4,28,14,4,0.0,0.1,1,19.3,8,1,0.0434782608695652,1
1348,Robert Smith,robert_smith,False,40,True,0,1,98,1137,18991,16823,11,4,5,1,0,3,2,22,3,19,7,11,16,1,0,2,0,2,0,2,True,2,3,2,39,22,3,0.579,0.368,2,23.08333333333333,10,1,0.0434782608695652,2
1349,Elizabeth Williams,elizabeth_williams,False,26,False,1,1,90,482,14908,2933,13,1,1,1,0,1,1,1,3,1,0,1,0,1,1,1,2,2,2,1,True,4,3,4,36,11,3,1.0,0.0,2,13.816666666666666,9,2,0.0869565217391304,1
1350,Linda Johnson,linda_johnson,False,27,False,2,2,89,511,26997,6500,14,2,0,1,1,1,0,9,5,8,7,0,7,0,0,3,2,2,1,1,True,1,4,3,67,32,2,0.0,0.875,2,19.383333333333333,14,1,0.0434782608695652,2
1351,James Martinez,james_martinez,False,48,False,0,22,58,117,2437,17174,11,4,5,2,0,2,3,24,3,22,17,4,7,1,3,2,3,2,1,2,True,2,3,3,35,16,3,0.182,0.773,0,14.116666666666667,10,1,0.0434782608695652,2
1352,Barbara Williams,barbara_williams,False,44,True,1,1,78,170,9364,5033,15,2,4,1,0,3,2,10,5,2,0,2,2,1,1,3,0,2,3,2,True,2,3,4,50,16,3,1.0,0.0,1,18.116666666666667,14,1,0.0434782608695652,1
1353,Elizabeth Johnson,elizabeth_johnson,True,34,True,1,16,85,967,14460,2307,23,1,1,0,0,3,1,5,2,5,2,3,0,1,3,0,0,3,1,2,True,4,1,3,16,7,4,0.6,0.4,2,18.3,11,1,0.0434782608695652,1
1354,Mary Jones,mary_jones,True,56,True,2,24,97,1162,10261,2587,16,1,2,1,0,1,1,5,3,4,2,1,0,0,0,2,3,2,3,2,True,1,3,4,37,18,3,0.25,0.5,0,18.6,6,1,0.0434782608695652,2
1355,Elizabeth Garcia,elizabeth_garcia,False,36,True,1,17,33,335,16822,5507,16,2,0,1,1,1,2,12,1,4,2,1,3,2,2,1,1,2,2,0,True,2,1,3,13,5,4,0.25,0.5,2,15.066666666666666,10,1,0.0434782608695652,1
1356,John Davis,john_davis,False,41,False,1,8,54,337,26841,4393,21,2,0,1,1,2,5,14,3,5,4,1,4,1,2,2,1,3,2,2,True,3,2,4,47,18,3,0.2,0.8,1,21.15,12,1,0.0434782608695652,2
1357,William Johnson,william_johnson,False,42,True,1,6,83,1396,14842,13348,13,3,7,1,0,2,9,18,3,13,7,5,7,1,2,2,0,2,1,3,True,2,2,2,33,16,3,0.385,0.538,1,17.96666666666667,10,1,0.0434782608695652,1
1358,Elizabeth Williams,elizabeth_williams,False,31,False,0,10,86,1079,20115,6583,11,2,0,1,1,1,2,8,2,5,2,1,4,1,2,2,3,2,3,2,True,4,4,3,22,10,4,0.2,0.4,1,17.933333333333334,8,1,0.0434782608695652,2
1359,Elizabeth Brown,elizabeth_brown,False,34,False,1,3,75,735,16495,8103,12,2,0,1,1,0,3,9,3,4,2,0,1,0,3,1,3,2,2,1,True,4,3,3,29,16,4,0.0,0.5,2,16.166666666666668,12,2,0.0869565217391304,1
1360,Mary Smith,mary_smith,False,31,False,0,4,62,471,16031,3978,12,1,2,1,0,2,8,4,0,2,2,2,2,1,0,3,2,2,1,1,True,2,4,3,0,0,5,1.0,1.0,1,16.53333333333333,9,1,0.0434782608695652,2
1361,Jennifer Brown,jennifer_brown,False,26,True,1,6,61,1096,7102,2544,18,1,2,2,0,2,0,8,3,7,7,7,7,1,2,3,3,2,0,2,True,2,4,3,43,16,3,1.0,1.0,0,19.98333333333333,13,1,0.0434782608695652,2
1362,James Brown,james_brown,False,45,True,2,1,44,1297,14511,5399,12,2,4,2,0,3,4,12,3,4,2,0,3,0,1,2,2,2,2,2,True,2,4,3,30,18,4,0.0,0.5,0,20.45,7,1,0.0434782608695652,2
1363,Michael Johnson,michael_johnson,False,33,True,2,10,43,217,10410,5487,14,2,0,1,1,3,1,10,2,10,4,0,9,0,1,2,2,2,1,1,True,2,3,2,26,15,4,0.0,0.4,1,16.25,12,2,0.0869565217391304,2
1364,Patricia Jones,patricia_jones,False,28,True,1,1,42,783,19255,6834,12,2,0,2,1,1,1,7,2,7,7,0,7,1,2,1,3,2,2,2,True,5,3,3,27,8,4,0.0,1.0,1,21.916666666666668,7,2,0.0869565217391304,1
1365,Michael Miller,michael_miller,True,29,True,2,24,45,746,10642,1091,17,1,6,2,1,2,1,1,3,1,0,0,0,0,2,3,0,2,3,2,True,1,2,3,35,19,3,0.0,0.0,1,14.816666666666666,17,1,0.0434782608695652,1
1366,John Smith,john_smith,False,39,False,1,21,32,1251,3987,5736,19,2,0,0,1,3,6,10,1,3,2,1,2,1,0,0,2,2,2,2,True,2,3,3,15,5,4,0.333,0.667,1,15.916666666666666,9,2,0.0869565217391304,1
1367,John Miller,john_miller,False,27,True,1,2,41,1354,6073,2226,11,1,1,1,0,3,1,6,3,5,3,1,2,1,1,2,1,2,2,1,True,2,3,4,35,11,3,0.2,0.6,2,20.966666666666665,11,2,0.0869565217391304,1
1368,Michael Garcia,michael_garcia,False,34,True,1,22,86,735,26496,5747,15,2,1,2,0,3,1,16,3,15,10,6,11,0,2,1,3,2,1,2,True,4,3,2,31,12,3,0.4,0.667,2,19.666666666666668,14,1,0.0434782608695652,2
1369,Barbara Rodriguez,barbara_rodriguez,True,28,False,2,13,84,1475,23352,9854,11,2,0,1,1,1,3,6,0,2,0,2,2,0,3,2,2,2,3,2,True,3,3,3,0,0,5,1.0,0.0,1,11.416666666666666,13,1,0.0434782608695652,2
1370,Robert Miller,robert_miller,False,47,True,1,14,64,1169,2125,5467,18,2,1,0,0,3,8,16,4,8,7,1,7,1,2,2,1,2,2,3,True,3,2,4,60,33,3,0.125,0.875,1,22.58333333333333,11,1,0.0434782608695652,1
1371,Mary Johnson,mary_johnson,False,56,False,1,11,89,1443,20328,5380,16,2,0,1,1,4,4,6,3,0,0,0,0,1,3,1,0,2,2,2,True,3,1,3,28,14,4,0.0,0.0,1,14.333333333333334,12,1,0.0434782608695652,1
1372,Linda Miller,linda_miller,False,39,True,1,9,87,867,12315,5151,25,2,3,1,0,1,1,10,3,10,0,7,9,1,0,2,0,3,3,2,True,2,1,4,25,15,4,0.7,0.0,1,19.883333333333333,8,1,0.0434782608695652,2
1373,John Rodriguez,john_rodriguez,False,38,False,0,8,58,1394,18115,2133,16,2,1,2,0,2,1,20,3,20,11,0,7,1,3,1,1,2,2,2,True,4,2,4,26,13,4,0.0,0.55,2,14.516666666666667,13,2,0.0869565217391304,2
1374,Michael Garcia,michael_garcia,False,58,False,1,21,72,605,11761,17875,13,4,5,1,1,2,4,29,2,1,0,0,0,1,3,2,3,2,2,1,True,4,4,2,21,9,4,0.0,0.0,2,21.0,16,1,0.0434782608695652,2
1375,William Davis,william_davis,True,32,False,2,5,47,238,15318,2432,14,1,1,2,0,1,3,8,2,4,1,0,3,0,0,3,2,2,0,2,True,4,3,1,32,16,3,0.0,0.25,2,14.6,11,1,0.0434782608695652,1
1376,Mary Davis,mary_davis,False,38,True,0,9,71,1206,14293,4771,19,1,1,1,0,1,2,10,0,5,2,0,3,2,1,2,3,2,3,3,True,2,5,4,0,0,5,0.0,0.4,0,23.15,11,2,0.0869565217391304,1
1377,Robert Johnson,robert_johnson,False,49,True,1,2,42,1064,13738,19161,15,5,7,2,0,0,3,28,3,5,4,4,3,0,1,2,3,2,3,2,True,3,3,4,33,17,3,0.8,0.8,0,16.766666666666666,15,2,0.0869565217391304,2
1378,James Davis,james_davis,False,42,True,0,12,77,419,2900,5087,12,2,0,1,1,3,3,14,4,0,0,0,0,2,1,2,3,2,2,2,True,4,3,3,60,32,3,0.0,0.0,2,18.96666666666667,10,1,0.0434782608695652,2
1379,David Smith,david_smith,True,27,False,1,22,58,1337,19555,2863,12,1,8,2,2,2,1,1,2,1,0,0,0,0,0,1,1,2,0,2,True,3,3,3,23,13,4,0.0,0.0,2,14.516666666666666,11,1,0.0434782608695652,2
1380,James Davis,james_davis,False,35,True,1,18,71,682,15975,5561,16,2,0,1,1,3,0,6,2,5,3,0,4,1,1,2,0,2,3,0,True,2,1,3,21,7,4,0.0,0.6,2,16.03333333333333,13,2,0.0869565217391304,2
1381,William Johnson,william_johnson,False,28,True,2,16,49,1103,2122,2144,14,1,1,0,0,2,1,5,3,5,3,1,4,0,2,2,2,2,2,1,True,2,2,3,47,24,3,0.2,0.6,1,21.2,11,2,0.0869565217391304,2
1382,James Smith,james_smith,False,31,True,0,3,48,976,3995,3065,13,1,1,0,0,1,1,4,3,4,2,2,3,1,2,2,0,2,3,3,True,4,2,4,44,24,3,0.5,0.5,2,16.666666666666668,10,1,0.0434782608695652,2
1383,Mary Garcia,mary_garcia,False,36,True,1,9,66,1351,9238,2810,22,1,2,0,0,3,1,5,3,5,4,0,2,0,0,3,1,3,1,2,True,2,3,4,44,26,3,0.0,0.8,1,13.883333333333333,10,2,0.0869565217391304,1
1384,David Martinez,david_martinez,False,34,True,2,1,32,937,6770,9888,21,3,0,1,1,2,1,14,3,14,8,2,1,0,0,2,3,3,0,1,True,2,3,2,36,13,3,0.143,0.571,1,19.0,6,2,0.0869565217391304,1
1385,Robert Smith,robert_smith,False,34,True,0,13,39,1239,22914,8628,18,3,0,1,1,3,1,9,2,8,7,1,1,1,3,2,2,2,2,1,True,3,3,3,29,13,4,0.125,0.875,0,16.883333333333333,8,1,0.0434782608695652,1
1386,Linda Davis,linda_davis,False,26,True,2,1,95,157,20006,2867,13,1,2,1,0,2,0,8,6,7,7,7,6,0,2,2,0,2,3,1,True,2,2,4,57,29,3,1.0,1.0,2,11.266666666666667,14,3,0.1304347826086956,1
1387,Mary Davis,mary_davis,False,29,True,1,1,89,136,6225,5373,12,2,4,1,0,2,0,6,5,5,3,0,2,1,0,2,0,2,0,1,True,2,2,3,63,24,2,0.0,0.6,2,19.516666666666666,16,2,0.0869565217391304,2
1388,Robert Rodriguez,robert_rodriguez,False,32,False,0,15,34,1146,16542,6667,18,2,4,0,0,3,5,9,6,5,1,1,2,1,2,2,3,2,1,2,True,2,4,3,95,46,2,0.2,0.2,0,20.433333333333334,6,1,0.0434782608695652,1
1389,James Martinez,james_martinez,False,31,True,1,1,48,1125,5771,5003,21,2,1,2,0,2,1,10,6,10,8,8,7,0,3,0,0,3,1,2,True,2,1,4,62,23,2,0.8,0.8,1,22.416666666666668,8,3,0.1304347826086956,2
1390,John Williams,john_williams,True,28,True,0,17,32,1404,18779,2367,12,1,2,1,0,2,5,6,2,4,1,0,3,1,2,1,3,2,0,1,True,2,3,3,29,12,4,0.0,0.25,1,15.616666666666667,10,1,0.0434782608695652,2
1391,William Johnson,william_johnson,False,38,True,2,1,59,1404,11473,2858,14,1,6,1,1,2,4,20,3,1,0,0,0,0,0,1,0,2,0,1,True,2,3,1,36,16,3,0.0,0.0,2,23.7,11,1,0.0434782608695652,2
1392,Patricia Johnson,patricia_johnson,False,35,False,1,7,55,1224,13586,5204,11,2,0,1,1,3,1,10,2,10,8,0,9,0,2,2,3,2,3,2,True,4,3,3,17,8,4,0.0,0.8,1,21.433333333333334,11,2,0.0869565217391304,2
1393,Patricia Rodriguez,patricia_rodriguez,False,27,True,2,9,44,954,5099,4105,14,2,0,1,1,2,1,7,5,7,7,0,7,0,3,2,3,2,0,2,True,1,3,2,71,31,2,0.0,1.0,0,18.15,13,1,0.0434782608695652,2
1394,David Williams,david_williams,False,32,True,2,5,56,1373,10138,9679,24,2,3,1,0,3,8,8,1,1,0,0,0,0,3,1,3,3,1,2,True,2,3,4,9,4,5,0.0,0.0,0,20.95,12,2,0.0869565217391304,1
1395,Mary Williams,mary_williams,True,31,True,1,26,63,754,21075,5617,11,2,0,2,1,3,1,10,4,10,7,0,8,0,0,2,3,2,2,2,True,4,4,3,52,20,3,0.0,0.7,2,19.966666666666665,9,1,0.0434782608695652,1
1396,William Martinez,william_martinez,True,53,True,2,24,66,1168,5843,10448,13,3,0,1,1,3,6,15,2,2,2,2,2,0,0,2,0,2,1,1,True,4,2,2,17,6,4,1.0,1.0,2,18.433333333333334,10,2,0.0869565217391304,1
1397,Michael Rodriguez,michael_rodriguez,False,54,False,1,9,67,155,22474,2897,11,2,1,1,0,1,3,9,6,4,3,2,3,2,0,2,2,2,2,1,True,3,3,3,93,29,2,0.5,0.75,1,15.883333333333333,11,1,0.0434782608695652,2
1398,Robert Rodriguez,robert_rodriguez,False,33,True,0,7,36,1303,18079,5968,20,2,4,2,0,1,1,9,2,9,7,2,8,3,3,2,2,3,2,2,True,2,3,3,21,8,4,0.222,0.778,0,18.28333333333333,15,1,0.0434782608695652,1
1399,Elizabeth Martinez,elizabeth_martinez,False,43,True,1,11,30,574,16873,7510,17,3,4,1,0,2,1,10,1,10,9,0,9,1,0,2,2,2,1,2,True,1,3,3,10,5,5,0.0,0.9,0,17.6,9,1,0.0434782608695652,1
1400,Michael Garcia,michael_garcia,False,38,True,1,1,88,1444,5224,2991,11,1,8,2,2,3,0,7,2,6,2,1,2,1,3,2,1,2,1,2,True,3,3,2,18,10,4,0.167,0.333,2,20.433333333333334,10,2,0.0869565217391304,1
1401,David Williams,david_williams,False,55,True,1,26,71,189,25811,19636,18,5,5,1,2,3,4,35,0,10,9,1,4,1,2,3,1,2,0,2,True,5,3,2,0,0,5,0.1,0.9,2,15.883333333333333,15,2,0.0869565217391304,2
1402,William Rodriguez,william_rodriguez,False,31,False,0,2,59,1276,17536,1129,11,1,2,1,0,0,1,1,4,1,0,0,0,3,3,0,3,2,2,2,True,4,2,2,55,18,3,0.0,0.0,1,16.283333333333335,10,1,0.0434782608695652,1
1403,Michael Williams,michael_williams,False,39,True,2,15,77,119,25098,13341,12,4,0,1,1,3,0,21,3,20,8,11,10,0,1,2,0,2,0,2,True,3,3,3,42,22,3,0.55,0.4,2,12.666666666666666,6,3,0.1304347826086956,2
1404,Elizabeth Jones,elizabeth_jones,False,42,True,2,23,37,335,14811,4332,12,2,1,0,0,1,1,20,2,20,9,3,7,0,3,1,2,2,3,2,True,2,3,4,24,9,4,0.15,0.45,0,25.25,10,1,0.0434782608695652,2
1405,William Johnson,william_johnson,False,31,False,1,10,40,697,26862,11031,20,3,7,0,0,2,4,13,2,11,7,4,8,1,2,2,2,3,2,3,True,3,3,3,24,14,4,0.364,0.636,0,17.166666666666668,10,2,0.0869565217391304,1
1406,Robert Williams,robert_williams,False,54,False,2,10,77,157,25198,4440,19,2,3,1,0,2,6,9,3,5,2,1,4,0,2,2,0,2,3,2,True,3,2,4,27,14,4,0.2,0.4,2,12.116666666666667,9,1,0.0434782608695652,1
1407,Patricia Garcia,patricia_garcia,False,24,True,2,1,45,771,14120,4617,12,2,4,1,0,1,1,4,2,4,3,1,2,0,1,1,2,2,1,1,True,2,2,3,25,10,4,0.25,0.75,2,18.916666666666668,11,1,0.0434782608695652,1
1408,John Davis,john_davis,False,23,True,2,12,78,571,13672,2647,13,1,2,1,0,1,1,5,6,5,2,1,4,0,3,2,3,2,2,3,True,2,3,3,60,23,3,0.2,0.4,0,13.733333333333333,13,1,0.0434782608695652,2
1409,John Brown,john_brown,False,40,False,1,11,73,692,26849,6323,11,2,2,2,0,2,1,10,2,10,9,9,4,1,3,2,2,2,0,3,True,2,2,1,32,15,3,0.9,0.9,0,13.116666666666667,13,1,0.0434782608695652,2
1410,Patricia Martinez,patricia_martinez,False,40,False,1,2,92,444,4258,5677,14,2,0,1,1,1,3,15,4,11,8,5,10,1,1,2,1,2,2,2,True,3,2,3,57,18,3,0.455,0.727,1,18.316666666666663,13,1,0.0434782608695652,1
1411,William Davis,william_davis,False,25,False,1,2,82,309,19655,2187,14,1,8,1,2,2,4,6,3,2,0,1,2,0,2,2,1,2,2,2,True,3,2,3,34,11,3,0.5,0.0,0,25.7,13,1,0.0434782608695652,1
1412,Barbara Martinez,barbara_martinez,False,30,True,1,1,76,911,4077,3748,13,1,2,1,0,1,1,12,6,12,8,1,7,0,3,2,1,2,2,1,True,2,3,3,55,19,3,0.083,0.667,1,19.683333333333334,9,1,0.0434782608695652,2
1413,John Jones,john_jones,False,25,True,0,2,57,977,7298,3977,19,1,2,1,0,0,6,7,2,2,2,0,2,1,3,2,2,2,2,1,True,4,3,3,29,15,4,0.0,1.0,2,18.616666666666667,10,3,0.1304347826086956,2
1414,Linda Brown,linda_brown,False,47,True,2,25,84,1180,13084,8633,23,3,4,1,0,2,2,25,3,17,14,12,11,0,0,2,2,3,1,2,True,2,3,4,27,12,4,0.706,0.824,2,16.133333333333333,6,3,0.1304347826086956,2
1415,John Miller,john_miller,False,33,True,0,1,59,1313,20439,2008,12,1,2,0,0,1,1,1,2,1,1,0,0,3,1,1,2,2,2,1,True,1,3,3,19,6,4,0.0,1.0,2,17.116666666666667,9,1,0.0434782608695652,1
1416,Mary Rodriguez,mary_rodriguez,False,38,True,1,1,86,1321,7636,4440,15,2,0,1,1,3,0,16,3,15,13,5,8,2,3,2,1,2,0,2,True,2,2,1,29,15,4,0.333,0.867,0,15.766666666666666,13,2,0.0869565217391304,1
1417,Robert Rodriguez,robert_rodriguez,False,31,True,1,2,54,1154,6393,3067,19,1,6,1,1,1,0,3,1,2,2,1,2,1,0,2,2,2,2,2,True,2,3,3,12,5,4,0.5,1.0,0,19.066666666666663,9,1,0.0434782608695652,1
1418,Elizabeth Garcia,elizabeth_garcia,False,38,True,1,6,72,508,14284,5321,11,2,3,2,0,3,2,10,1,8,3,7,7,1,0,1,2,2,3,2,True,2,2,4,14,6,4,0.875,0.375,0,19.25,8,1,0.0434782608695652,1
1419,James Brown,james_brown,False,42,True,0,18,35,557,11189,5410,17,2,1,1,0,3,6,9,3,4,3,1,2,1,3,2,0,2,2,1,True,4,2,3,32,12,3,0.25,0.75,2,20.4,9,2,0.0869565217391304,1
1420,Elizabeth Garcia,elizabeth_garcia,False,41,True,1,1,76,642,21412,2782,22,1,1,1,0,2,3,12,3,5,3,1,0,1,3,2,3,3,0,2,True,2,3,3,26,12,4,0.2,0.6,0,19.23333333333333,10,1,0.0434782608695652,2
1421,Michael Rodriguez,michael_rodriguez,False,47,False,1,1,98,1162,17231,11957,18,3,7,0,0,0,0,14,3,13,8,5,12,2,2,2,1,2,0,0,True,2,2,1,35,21,3,0.385,0.615,2,20.5,12,1,0.0434782608695652,2
1422,Jennifer Miller,jennifer_miller,False,35,True,1,11,43,1490,20232,2660,11,1,2,1,0,3,7,5,3,2,2,2,2,1,3,2,2,2,2,2,True,4,2,3,42,14,3,1.0,1.0,0,20.55,16,3,0.1304347826086956,1
1423,Mary Jones,mary_jones,False,22,True,2,1,63,581,17624,3375,12,1,1,1,0,1,0,4,2,3,2,1,2,0,3,2,2,2,3,3,True,2,3,3,20,8,4,0.333,0.667,0,18.366666666666667,13,1,0.0434782608695652,1
1424,Michael Rodriguez,michael_rodriguez,False,35,True,2,9,48,1395,18698,5098,19,2,1,1,0,3,1,10,5,10,7,0,8,0,1,2,2,2,1,2,True,3,3,2,49,18,3,0.0,0.7,0,17.833333333333332,8,1,0.0434782608695652,1
1425,Linda Rodriguez,linda_rodriguez,False,33,False,1,15,95,501,21653,4878,13,2,4,1,0,1,0,10,6,9,7,8,1,1,1,2,3,2,0,2,True,5,4,2,93,35,2,0.889,0.778,2,17.183333333333334,14,1,0.0434782608695652,2
1426,Michael Miller,michael_miller,False,32,False,2,29,49,267,15919,2837,13,1,2,1,0,3,1,6,3,6,2,4,1,0,2,1,1,2,2,2,True,2,2,3,47,19,3,0.667,0.333,1,21.016666666666666,9,2,0.0869565217391304,2
1427,James Jones,james_jones,False,40,True,1,1,83,543,4060,2406,19,1,2,1,0,3,8,8,3,1,0,0,0,2,0,2,3,2,2,1,True,2,2,3,48,26,3,0.0,0.0,2,14.766666666666667,10,2,0.0869565217391304,1
1428,James Williams,james_williams,False,32,True,1,1,68,234,18024,2269,14,1,6,1,1,3,0,3,2,2,2,2,2,1,1,1,1,2,1,2,True,3,2,3,29,17,4,1.0,1.0,1,14.266666666666666,12,2,0.0869565217391304,2
1429,Mary Davis,mary_davis,False,39,True,2,24,52,116,5340,4108,13,2,1,1,0,0,7,18,2,7,7,1,7,0,0,2,3,2,0,2,True,2,4,2,19,7,4,0.143,1.0,0,17.849999999999998,13,3,0.1304347826086956,1
1430,Mary Garcia,mary_garcia,False,38,False,1,10,99,201,3376,13206,12,3,7,1,0,2,3,20,3,18,16,1,11,1,1,0,2,2,0,2,True,2,3,2,29,13,4,0.056,0.889,0,12.533333333333331,12,2,0.0869565217391304,2
1431,Linda Johnson,linda_johnson,False,32,False,1,1,48,801,24032,10422,19,3,0,1,1,3,1,14,3,14,10,5,7,2,2,2,3,2,2,2,True,1,3,3,32,16,3,0.357,0.714,0,23.016666666666666,12,2,0.0869565217391304,1
1432,Barbara Smith,barbara_smith,False,37,False,1,10,42,161,15471,13744,25,3,7,1,0,2,1,16,2,16,11,6,8,1,2,3,3,3,0,2,True,4,4,3,21,10,4,0.375,0.688,0,22.71666666666667,6,1,0.0434782608695652,1
1433,Mary Miller,mary_miller,False,25,False,0,8,85,1382,13684,4907,22,2,0,1,1,1,0,6,3,5,3,0,4,1,0,2,2,3,1,1,True,4,3,3,47,20,3,0.0,0.6,2,21.08333333333333,7,1,0.0434782608695652,1
1434,Robert Williams,robert_williams,False,52,True,0,29,40,585,19788,3482,15,1,6,0,1,3,2,16,3,9,8,0,0,2,0,2,3,2,1,1,True,3,3,2,43,15,3,0.0,0.889,2,18.55,11,1,0.0434782608695652,1
1435,Barbara Brown,barbara_brown,False,44,True,2,1,42,1037,13422,2436,12,1,1,1,0,2,6,6,2,4,3,1,2,0,1,2,3,2,2,2,True,4,4,4,28,13,4,0.25,0.75,2,16.71666666666667,17,1,0.0434782608695652,1
1436,Patricia Garcia,patricia_garcia,False,21,True,2,5,58,501,25479,2380,11,1,6,1,1,0,1,2,6,2,2,1,2,0,2,2,0,2,3,2,True,4,2,4,57,24,3,0.5,1.0,2,20.58333333333333,11,1,0.0434782608695652,1
1437,Michael Williams,michael_williams,False,39,True,2,9,87,105,15302,19431,13,5,5,0,0,2,2,21,3,6,0,1,3,0,3,2,3,2,2,1,True,3,3,4,46,25,3,0.167,0.0,1,17.71666666666667,9,1,0.0434782608695652,2
1438,Barbara Rodriguez,barbara_rodriguez,True,23,True,1,9,33,638,26956,1790,19,1,6,2,1,2,1,1,3,1,0,1,0,1,3,2,0,2,0,1,True,2,2,3,44,23,3,1.0,0.0,2,23.866666666666667,9,1,0.0434782608695652,1
1439,David Martinez,david_martinez,False,36,False,1,3,94,557,12695,7644,19,3,0,1,1,2,0,10,2,9,7,3,4,2,0,1,3,2,2,2,True,2,3,3,19,6,4,0.333,0.778,0,17.016666666666666,10,1,0.0434782608695652,1
1440,Mary Williams,mary_williams,False,36,False,0,4,97,688,9192,5131,13,2,3,2,0,1,7,18,3,4,2,0,2,3,3,2,1,2,1,2,True,2,3,3,45,15,3,0.0,0.5,1,17.483333333333334,9,3,0.1304347826086956,1
1441,Barbara Smith,barbara_smith,False,56,True,0,1,57,667,26236,6306,21,2,4,0,0,3,1,13,2,13,12,1,9,1,2,2,2,3,0,1,True,2,3,3,20,11,4,0.077,0.923,0,20.166666666666668,11,2,0.0869565217391304,1
1442,Linda Jones,linda_jones,True,29,True,1,1,36,1092,26124,4787,14,1,1,1,0,3,9,4,3,2,2,2,2,3,0,2,3,2,1,3,True,4,4,2,26,12,4,1.0,1.0,2,19.2,12,2,0.0869565217391304,2
1443,Michael Rodriguez,michael_rodriguez,False,42,True,1,2,56,300,17312,18880,11,5,5,1,0,2,5,24,2,22,6,4,14,0,0,2,2,2,0,1,True,3,2,2,27,15,4,0.182,0.273,1,18.316666666666663,18,1,0.0434782608695652,2
1444,Michael Garcia,michael_garcia,True,56,True,1,7,72,310,3666,2339,11,1,2,1,0,1,8,14,4,10,9,9,8,1,3,2,2,2,3,0,True,2,2,4,53,17,3,0.9,0.9,1,19.133333333333333,9,1,0.0434782608695652,2
1445,Barbara Johnson,barbara_johnson,False,41,False,1,28,60,582,5640,13570,23,4,3,1,0,3,0,21,3,20,7,0,10,1,0,1,1,3,2,2,True,1,3,3,26,12,4,0.0,0.35,2,15.25,9,3,0.1304347826086956,1
1446,Patricia Martinez,patricia_martinez,False,34,False,1,28,95,704,8978,6712,21,2,0,1,1,2,1,8,2,8,7,1,7,2,3,1,2,3,3,2,True,2,3,4,21,10,4,0.125,0.875,0,20.78333333333333,11,1,0.0434782608695652,1
1447,James Garcia,james_garcia,False,36,True,0,15,88,301,10436,5406,24,2,0,0,1,3,1,15,4,15,12,11,11,1,3,0,3,3,0,1,True,2,3,3,64,36,2,0.733,0.8,1,16.5,13,1,0.0434782608695652,1
1448,Mary Johnson,mary_johnson,False,41,True,0,3,57,930,12227,8938,11,2,0,1,1,2,2,14,5,5,4,0,4,1,2,1,1,2,2,2,True,2,2,4,67,22,2,0.0,0.8,0,19.816666666666663,8,2,0.0869565217391304,2
1449,William Jones,william_jones,False,32,True,2,2,78,529,11288,2439,14,1,1,1,0,2,1,4,4,4,2,1,2,0,3,2,0,2,3,2,True,2,2,3,55,20,3,0.25,0.5,1,20.2,14,1,0.0434782608695652,1
1450,Robert Brown,robert_brown,False,35,False,2,26,31,1146,16642,8837,16,3,8,1,2,3,1,9,2,9,0,1,7,0,2,2,3,2,2,2,True,4,3,4,19,8,4,0.111,0.0,1,16.883333333333333,12,1,0.0434782608695652,2
1451,John Garcia,john_garcia,False,38,False,1,10,100,345,5982,5343,11,2,0,1,1,1,1,10,1,10,7,1,9,1,0,2,3,2,2,2,True,2,3,4,9,5,5,0.1,0.7,0,13.2,11,1,0.0434782608695652,1
1452,Elizabeth Martinez,elizabeth_martinez,True,50,True,0,1,94,878,14255,6728,12,2,0,2,1,3,7,12,3,6,3,0,1,2,1,2,2,2,3,2,True,2,4,3,31,18,3,0.0,0.5,1,15.716666666666669,14,1,0.0434782608695652,1
1453,Patricia Brown,patricia_brown,False,36,False,1,11,100,1120,14369,6652,13,2,0,1,1,3,4,8,2,6,3,0,0,1,1,1,3,2,0,1,True,1,3,1,20,12,4,0.0,0.5,1,17.85,10,2,0.0869565217391304,1
1454,Barbara Jones,barbara_jones,False,45,False,2,20,50,374,23333,4850,15,2,0,1,1,2,8,8,3,5,3,0,1,0,3,2,2,2,2,2,True,2,3,2,30,18,4,0.0,0.6,0,19.883333333333333,10,1,0.0434782608695652,2
1455,James Rodriguez,james_rodriguez,False,40,True,2,2,52,1322,2725,2809,14,1,1,1,0,3,2,8,2,2,2,2,2,0,2,1,2,2,3,2,True,3,3,3,19,6,4,1.0,1.0,0,18.23333333333333,10,1,0.0434782608695652,1
1456,Elizabeth Williams,elizabeth_williams,False,35,True,1,18,80,1199,24594,5689,14,2,4,2,0,3,1,10,2,10,2,0,2,2,2,2,2,2,3,3,True,4,2,4,25,8,4,0.0,0.2,1,16.983333333333334,11,1,0.0434782608695652,1
1457,Elizabeth Davis,elizabeth_davis,False,40,False,1,2,98,1194,12549,2001,14,1,1,1,0,3,2,20,2,5,3,0,2,3,2,2,2,2,1,2,True,2,3,3,21,7,4,0.0,0.6,0,20.316666666666663,11,2,0.0869565217391304,1
1458,William Williams,william_williams,False,35,False,1,1,62,287,8952,2977,12,1,1,1,0,3,1,4,5,4,3,1,1,1,2,0,3,2,3,2,True,2,2,3,73,30,2,0.25,0.75,0,17.75,9,1,0.0434782608695652,2
1459,Robert Miller,robert_miller,False,29,True,1,13,46,1378,23679,4025,13,2,2,1,0,1,4,10,2,4,3,0,3,1,3,1,1,2,0,2,True,4,2,2,19,10,4,0.0,0.75,2,19.816666666666663,10,1,0.0434782608695652,1
1460,Elizabeth Jones,elizabeth_jones,False,29,False,2,28,73,468,8489,3785,14,1,1,1,0,3,1,5,3,5,4,0,4,0,3,1,0,2,1,0,True,2,3,3,35,20,3,0.0,0.8,2,15.5,12,1,0.0434782608695652,2
1461,James Williams,james_williams,True,50,True,0,28,39,410,16586,10854,13,3,0,1,1,2,4,20,3,3,2,2,0,1,3,1,0,2,1,2,True,4,2,2,24,9,4,0.667,0.667,2,14.916666666666666,10,2,0.0869565217391304,1
1462,William Brown,william_brown,False,39,False,1,24,60,722,8828,12031,11,4,0,1,1,0,0,21,2,20,9,9,6,1,1,1,3,2,0,1,True,2,3,2,24,12,4,0.45,0.45,2,12.083333333333334,14,1,0.0434782608695652,1
1463,Linda Brown,linda_brown,False,31,True,2,5,74,325,3787,9936,19,2,3,0,0,2,0,10,2,9,4,1,7,0,1,2,0,2,1,2,True,2,2,3,17,10,4,0.111,0.444,1,17.983333333333334,9,1,0.0434782608695652,2
1464,Elizabeth Williams,elizabeth_williams,False,26,False,2,5,30,1167,21378,2966,18,1,6,1,1,2,0,5,2,4,2,0,0,0,3,1,2,2,3,2,True,1,3,3,32,14,3,0.0,0.5,0,16.7,7,1,0.0434782608695652,1
1465,James Brown,james_brown,False,36,True,1,23,41,884,12290,2571,17,2,2,2,0,1,4,17,3,5,2,0,3,1,2,3,3,2,2,2,True,3,5,3,43,14,3,0.0,0.4,0,20.35,12,2,0.0869565217391304,1
1466,Jennifer Davis,jennifer_davis,False,39,True,1,6,42,613,21457,9991,15,3,4,1,0,0,4,9,5,7,7,1,7,1,3,1,0,2,0,2,True,2,2,2,60,26,3,0.143,1.0,0,15.6,10,2,0.0869565217391304,2
1467,James Jones,james_jones,False,27,True,1,4,87,155,5174,6142,20,2,3,1,0,2,1,6,0,6,2,0,3,1,1,3,1,3,1,2,True,4,4,4,0,0,5,0.0,0.333,2,17.8,11,1,0.0434782608695652,2
1468,Elizabeth Davis,elizabeth_davis,False,49,True,1,2,63,1023,13243,5390,14,2,0,2,1,2,2,17,3,9,6,0,8,0,3,1,1,2,3,1,True,2,1,3,38,18,3,0.0,0.667,2,21.383333333333333,10,1,0.0434782608695652,2
1469,Michael Brown,michael_brown,False,34,True,1,8,82,628,10228,4404,12,2,2,1,0,2,2,6,3,4,3,1,2,0,1,3,2,2,0,3,True,2,3,2,42,18,3,0.25,0.75,0,12.65,7,2,0.0869565217391304,2
