id,emp_id,processed_by,processed_at,requested_at,start_date,end_date,reason,approval_status
0,273,00000000-0000-0000-0000-000000000000,2025-01-21,2025-01-21,2025-01-30,2025-02-02,Annual,1
1,1300,00000000-0000-0000-0000-000000000000,2025-06-01,2025-06-01,2025-06-08,2025-06-15,Sick,1
2,359,00000000-0000-0000-0000-000000000000,2025-05-23,2025-05-23,2025-06-05,2025-06-12,Annual,2
3,966,00000000-0000-0000-0000-000000000000,2025-08-03,2025-08-03,2025-08-11,2025-08-19,Maternity/Paternity,1
4,605,00000000-0000-0000-0000-000000000000,2025-05-16,2025-05-16,2025-05-21,2025-05-23,Unpaid,1
5,791,00000000-0000-0000-0000-000000000000,2025-12-06,2025-12-06,2025-12-08,2025-12-17,Sick,1
6,334,00000000-0000-0000-0000-000000000000,2025-04-26,2025-04-26,2025-05-04,2025-05-08,Annual,1
7,408,00000000-0000-0000-0000-000000000000,2025-12-20,2025-12-20,2025-12-29,2026-01-04,Sick,1
8,714,00000000-0000-0000-0000-000000000000,2025-11-03,2025-11-03,2025-11-14,2025-11-19,Annual,1
9,72,00000000-0000-0000-0000-000000000000,2025-08-23,2025-08-23,2025-08-29,2025-09-07,Annual,0
10,560,00000000-0000-0000-0000-000000000000,2025-07-29,2025-07-29,2025-08-11,2025-08-15,Sick,1
11,1338,00000000-0000-0000-0000-000000000000,2025-04-03,2025-04-03,2025-04-17,2025-04-18,Sick,2
12,809,00000000-0000-0000-0000-000000000000,2025-09-19,2025-09-19,2025-09-27,2025-10-06,Sick,1
13,724,00000000-0000-0000-0000-000000000000,2025-03-31,2025-03-31,2025-04-03,2025-04-05,Annual,1
14,393,00000000-0000-0000-0000-000000000000,2026-01-05,2026-01-05,2026-01-08,2026-01-15,Annual,1
15,1385,00000000-0000-0000-0000-000000000000,2025-05-24,2025-05-24,2025-06-07,2025-06-12,Annual,1
16,969,00000000-0000-0000-0000-000000000000,2025-05-10,2025-05-10,2025-05-15,2025-05-22,Annual,1
17,332,00000000-0000-0000-0000-000000000000,2025-02-25,2025-02-25,2025-03-04,2025-03-13,Annual,1
18,208,00000000-0000-0000-0000-000000000000,2025-08-01,2025-08-01,2025-08-15,2025-08-24,Sick,0
19,774,00000000-0000-0000-0000-000000000000,2026-03-03,2026-03-03,2026-03-10,2026-03-10,Annual,1
20,805,00000000-0000-0000-0000-000000000000,2025-11-23,2025-11-23,2025-12-03,2025-12-10,Unpaid,1
21,753,00000000-0000-0000-0000-000000000000,2025-09-23,2025-09-23,2025-09-29,2025-10-04,Unpaid,1
22,551,00000000-0000-0000-0000-000000000000,2025-05-02,2025-05-02,2025-05-10,2025-05-18,Maternity/Paternity,1
23,545,00000000-0000-0000-0000-000000000000,2025-04-03,2025-04-03,2025-04-09,2025-04-14,Annual,0
24,367,00000000-0000-0000-0000-000000000000,2025-04-28,2025-04-28,2025-05-06,2025-05-11,Sick,1
25,1255,00000000-0000-0000-0000-000000000000,2026-02-24,2026-02-24,2026-03-02,2026-03-03,Sick,1
26,539,00000000-0000-0000-0000-000000000000,2025-10-06,2025-10-06,2025-10-11,2025-10-17,Unpaid,1
27,348,00000000-0000-0000-0000-000000000000,2025-06-02,2025-06-02,2025-06-16,2025-06-18,Annual,0
28,874,00000000-0000-0000-0000-000000000000,2025-05-25,2025-05-25,2025-06-02,2025-06-11,Annual,1
29,521,00000000-0000-0000-0000-000000000000,2025-02-03,2025-02-03,2025-02-13,2025-02-14,Unpaid,1
30,364,00000000-0000-0000-0000-000000000000,2025-01-10,2025-01-10,2025-01-22,2025-01-25,Annual,0
31,1338,00000000-0000-0000-0000-000000000000,2025-02-01,2025-02-01,2025-02-04,2025-02-07,Annual,1
32,117,00000000-0000-0000-0000-000000000000,2025-11-26,2025-11-26,2025-12-08,2025-12-15,Annual,1
33,282,00000000-0000-0000-0000-000000000000,2025-10-01,2025-10-01,2025-10-07,2025-10-09,Sick,1
34,119,00000000-0000-0000-0000-000000000000,2025-05-14,2025-05-14,2025-05-21,2025-05-30,Annual,2
35,348,00000000-0000-0000-0000-000000000000,2025-06-30,2025-06-30,2025-07-08,2025-07-17,Annual,1
36,482,00000000-0000-0000-0000-000000000000,2025-04-07,2025-04-07,2025-04-17,2025-04-24,Annual,1
37,1439,00000000-0000-0000-0000-000000000000,2025-07-14,2025-07-14,2025-07-18,2025-07-18,Annual,1
38,519,00000000-0000-0000-0000-000000000000,2025-03-13,2025-03-13,2025-03-19,2025-03-26,Sick,0
39,35,00000000-0000-0000-0000-000000000000,2025-07-01,2025-07-01,2025-07-04,2025-07-04,Annual,1
40,991,00000000-0000-0000-0000-000000000000,2025-10-11,2025-10-11,2025-10-18,2025-10-27,Annual,1
41,1295,00000000-0000-0000-0000-000000000000,2026-02-02,2026-02-02,2026-02-10,2026-02-19,Annual,1
42,478,00000000-0000-0000-0000-000000000000,2025-04-01,2025-04-01,2025-04-13,2025-04-19,Annual,0
43,317,00000000-0000-0000-0000-000000000000,2025-06-30,2025-06-30,2025-07-07,2025-07-07,Sick,1
44,644,00000000-0000-0000-0000-000000000000,2025-06-13,2025-06-13,2025-06-17,2025-06-19,Sick,1
45,1385,00000000-0000-0000-0000-000000000000,2025-11-28,2025-11-28,2025-12-11,2025-12-12,Sick,1
46,806,00000000-0000-0000-0000-000000000000,2025-02-18,2025-02-18,2025-02-23,2025-03-01,Unpaid,1
47,713,00000000-0000-0000-0000-000000000000,2025-06-21,2025-06-21,2025-06-25,2025-06-25,Annual,1
48,1281,00000000-0000-0000-0000-000000000000,2025-08-23,2025-08-23,2025-08-28,2025-09-02,Annual,1
49,1186,00000000-0000-0000-0000-000000000000,2025-11-13,2025-11-13,2025-11-22,2025-11-22,Maternity/Paternity,1
50,777,00000000-0000-0000-0000-000000000000,2025-05-15,2025-05-15,2025-05-20,2025-05-26,Sick,1
51,871,00000000-0000-0000-0000-000000000000,2025-06-15,2025-06-15,2025-06-20,2025-06-24,Annual,1
52,969,00000000-0000-0000-0000-000000000000,2025-06-26,2025-06-26,2025-07-07,2025-07-13,Annual,1
53,320,00000000-0000-0000-0000-000000000000,2025-10-21,2025-10-21,2025-10-25,2025-10-30,Sick,1
54,1217,00000000-0000-0000-0000-000000000000,2025-07-18,2025-07-18,2025-07-31,2025-08-01,Annual,1
55,1147,00000000-0000-0000-0000-000000000000,2025-02-27,2025-02-27,2025-03-09,2025-03-15,Sick,1
56,245,00000000-0000-0000-0000-000000000000,2025-10-14,2025-10-14,2025-10-22,2025-10-25,Annual,1
57,762,00000000-0000-0000-0000-000000000000,2025-04-24,2025-04-24,2025-05-06,2025-05-10,Annual,1
58,705,00000000-0000-0000-0000-000000000000,2025-01-25,2025-01-25,2025-02-07,2025-02-13,Annual,0
59,787,00000000-0000-0000-0000-000000000000,2026-03-01,2026-03-01,2026-03-14,2026-03-21,Annual,1
60,355,00000000-0000-0000-0000-000000000000,2025-05-30,2025-05-30,2025-06-12,2025-06-20,Sick,1
61,330,00000000-0000-0000-0000-000000000000,2026-02-08,2026-02-08,2026-02-22,2026-02-27,Annual,2
62,262,00000000-0000-0000-0000-000000000000,2025-04-21,2025-04-21,2025-04-28,2025-04-30,Sick,1
63,1456,00000000-0000-0000-0000-000000000000,2026-01-11,2026-01-11,2026-01-23,2026-01-25,Annual,1
64,819,00000000-0000-0000-0000-000000000000,2026-02-20,2026-02-20,2026-02-28,2026-03-08,Annual,1
65,1360,00000000-0000-0000-0000-000000000000,2026-03-21,2026-03-21,2026-04-04,2026-04-09,Annual,1
66,652,00000000-0000-0000-0000-000000000000,2025-03-05,2025-03-05,2025-03-08,2025-03-13,Annual,0
67,506,00000000-0000-0000-0000-000000000000,2025-06-03,2025-06-03,2025-06-10,2025-06-12,Annual,1
68,450,00000000-0000-0000-0000-000000000000,2026-01-10,2026-01-10,2026-01-24,2026-01-25,Annual,1
69,1372,00000000-0000-0000-0000-000000000000,2025-05-18,2025-05-18,2025-05-23,2025-06-01,Sick,1
70,115,00000000-0000-0000-0000-000000000000,2025-09-09,2025-09-09,2025-09-18,2025-09-18,Annual,1
71,923,00000000-0000-0000-0000-000000000000,2026-01-22,2026-01-22,2026-02-03,2026-02-11,Annual,1
72,1435,00000000-0000-0000-0000-000000000000,2025-10-27,2025-10-27,2025-11-07,2025-11-12,Annual,1
73,959,00000000-0000-0000-0000-000000000000,2025-02-20,2025-02-20,2025-03-06,2025-03-14,Maternity/Paternity,1
74,992,00000000-0000-0000-0000-000000000000,2025-06-19,2025-06-19,2025-07-01,2025-07-05,Annual,1
75,1042,00000000-0000-0000-0000-000000000000,2025-01-25,2025-01-25,2025-01-29,2025-01-30,Unpaid,1
76,1294,00000000-0000-0000-0000-000000000000,2025-04-05,2025-04-05,2025-04-16,2025-04-18,Annual,1
77,1005,00000000-0000-0000-0000-000000000000,2025-03-06,2025-03-06,2025-03-20,2025-03-27,Sick,0
78,273,00000000-0000-0000-0000-000000000000,2025-04-25,2025-04-25,2025-05-06,2025-05-09,Annual,1
79,304,00000000-0000-0000-0000-000000000000,2025-10-09,2025-10-09,2025-10-11,2025-10-16,Unpaid,1
80,48,00000000-0000-0000-0000-000000000000,2025-08-31,2025-08-31,2025-09-11,2025-09-20,Annual,1
81,1194,00000000-0000-0000-0000-000000000000,2026-02-03,2026-02-03,2026-02-08,2026-02-08,Sick,1
82,36,00000000-0000-0000-0000-000000000000,2025-03-18,2025-03-18,2025-04-01,2025-04-03,Annual,1
83,504,00000000-0000-0000-0000-000000000000,2025-06-25,2025-06-25,2025-06-29,2025-07-04,Annual,1
84,410,00000000-0000-0000-0000-000000000000,2025-05-03,2025-05-03,2025-05-12,2025-05-12,Annual,1
85,423,00000000-0000-0000-0000-000000000000,2025-11-04,2025-11-04,2025-11-07,2025-11-12,Annual,1
86,100,00000000-0000-0000-0000-000000000000,2025-04-02,2025-04-02,2025-04-13,2025-04-22,Sick,1
87,493,00000000-0000-0000-0000-000000000000,2025-08-27,2025-08-27,2025-09-10,2025-09-19,Annual,1
88,317,00000000-0000-0000-0000-000000000000,2025-05-10,2025-05-10,2025-05-13,2025-05-19,Annual,1
89,1457,00000000-0000-0000-0000-000000000000,2025-06-02,2025-06-02,2025-06-14,2025-06-15,Annual,1
90,499,00000000-0000-0000-0000-000000000000,2025-11-26,2025-11-26,2025-12-10,2025-12-10,Annual,1
91,236,00000000-0000-0000-0000-000000000000,2025-08-13,2025-08-13,2025-08-27,2025-08-28,Sick,1
92,50,00000000-0000-0000-0000-000000000000,2025-10-16,2025-10-16,2025-10-30,2025-11-03,Sick,1
93,165,00000000-0000-0000-0000-000000000000,2026-03-08,2026-03-08,2026-03-12,2026-03-15,Maternity/Paternity,1
94,565,00000000-0000-0000-0000-000000000000,2026-01-03,2026-01-03,2026-01-09,2026-01-17,Annual,1
95,339,00000000-0000-0000-0000-000000000000,2025-11-15,2025-11-15,2025-11-18,2025-11-18,Annual,1
96,447,00000000-0000-0000-0000-000000000000,2025-09-19,2025-09-19,2025-10-01,2025-10-01,Annual,1
97,282,00000000-0000-0000-0000-000000000000,2025-07-28,2025-07-28,2025-08-04,2025-08-07,Annual,1
98,337,00000000-0000-0000-0000-000000000000,2025-12-13,2025-12-13,2025-12-18,2025-12-22,Annual,1
99,70,00000000-0000-0000-0000-000000000000,2026-01-25,2026-01-25,2026-02-01,2026-02-10,Sick,1
100,282,00000000-0000-0000-0000-000000000000,2025-11-19,2025-11-19,2025-11-25,2025-11-27,Annual,1
101,406,00000000-0000-0000-0000-000000000000,2025-05-29,2025-05-29,2025-06-12,2025-06-15,Annual,1
102,1302,00000000-0000-0000-0000-000000000000,2025-01-07,2025-01-07,2025-01-20,2025-01-29,Annual,1
103,1114,00000000-0000-0000-0000-000000000000,2025-12-30,2025-12-30,2026-01-04,2026-01-10,Annual,0
104,32,00000000-0000-0000-0000-000000000000,2025-02-15,2025-02-15,2025-02-27,2025-02-27,Annual,1
105,1021,00000000-0000-0000-0000-000000000000,2025-07-17,2025-07-17,2025-07-22,2025-07-28,Sick,1
106,441,00000000-0000-0000-0000-000000000000,2026-02-24,2026-02-24,2026-03-05,2026-03-06,Maternity/Paternity,1
107,492,00000000-0000-0000-0000-000000000000,2025-02-19,2025-02-19,2025-03-02,2025-03-03,Annual,1
108,137,00000000-0000-0000-0000-000000000000,2025-06-15,2025-06-15,2025-06-19,2025-06-25,Annual,1
109,845,00000000-0000-0000-0000-000000000000,2026-03-09,2026-03-09,2026-03-21,2026-03-22,Annual,1
110,1059,00000000-0000-0000-0000-000000000000,2025-05-18,2025-05-18,2025-05-31,2025-06-07,Annual,1
111,790,00000000-0000-0000-0000-000000000000,2025-06-08,2025-06-08,2025-06-10,2025-06-10,Sick,1
112,1436,00000000-0000-0000-0000-000000000000,2025-10-30,2025-10-30,2025-11-13,2025-11-13,Unpaid,1
113,1464,00000000-0000-0000-0000-000000000000,2025-10-04,2025-10-04,2025-10-14,2025-10-21,Sick,2
114,942,00000000-0000-0000-0000-000000000000,2025-07-20,2025-07-20,2025-08-01,2025-08-08,Annual,1
115,1413,00000000-0000-0000-0000-000000000000,2025-03-12,2025-03-12,2025-03-25,2025-03-26,Unpaid,0
116,1119,00000000-0000-0000-0000-000000000000,2025-09-08,2025-09-08,2025-09-11,2025-09-17,Annual,1
117,866,00000000-0000-0000-0000-000000000000,2025-03-24,2025-03-24,2025-03-26,2025-03-28,Sick,1
118,38,00000000-0000-0000-0000-000000000000,2026-03-14,2026-03-14,2026-03-18,2026-03-23,Annual,0
119,829,00000000-0000-0000-0000-000000000000,2026-03-03,2026-03-03,2026-03-12,2026-03-16,Annual,1
120,605,00000000-0000-0000-0000-000000000000,2025-09-29,2025-09-29,2025-10-02,2025-10-10,Unpaid,1
121,105,00000000-0000-0000-0000-000000000000,2025-01-24,2025-01-24,2025-01-26,2025-01-31,Sick,0
122,759,00000000-0000-0000-0000-000000000000,2025-11-17,2025-11-17,2025-11-23,2025-12-02,Annual,1
123,1418,00000000-0000-0000-0000-000000000000,2025-09-12,2025-09-12,2025-09-17,2025-09-17,Annual,1
124,189,00000000-0000-0000-0000-000000000000,2025-09-01,2025-09-01,2025-09-12,2025-09-20,Annual,1
125,1424,00000000-0000-0000-0000-000000000000,2025-11-04,2025-11-04,2025-11-15,2025-11-16,Annual,1
126,186,00000000-0000-0000-0000-000000000000,2025-04-23,2025-04-23,2025-04-28,2025-05-02,Annual,1
127,857,00000000-0000-0000-0000-000000000000,2025-03-09,2025-03-09,2025-03-22,2025-03-22,Sick,1
128,1450,00000000-0000-0000-0000-000000000000,2025-11-28,2025-11-28,2025-12-04,2025-12-06,Sick,1
129,91,00000000-0000-0000-0000-000000000000,2025-12-17,2025-12-17,2025-12-29,2026-01-02,Annual,1
130,914,00000000-0000-0000-0000-000000000000,2025-04-09,2025-04-09,2025-04-23,2025-04-29,Sick,1
131,1094,00000000-0000-0000-0000-000000000000,2025-07-05,2025-07-05,2025-07-13,2025-07-20,Sick,1
132,614,00000000-0000-0000-0000-000000000000,2026-03-01,2026-03-01,2026-03-11,2026-03-18,Annual,1
133,385,00000000-0000-0000-0000-000000000000,2025-01-09,2025-01-09,2025-01-14,2025-01-15,Annual,1
134,1290,00000000-0000-0000-0000-000000000000,2025-10-03,2025-10-03,2025-10-09,2025-10-15,Annual,1
135,632,00000000-0000-0000-0000-000000000000,2025-01-27,2025-01-27,2025-02-10,2025-02-14,Maternity/Paternity,1
136,89,00000000-0000-0000-0000-000000000000,2025-07-04,2025-07-04,2025-07-07,2025-07-15,Annual,1
137,362,00000000-0000-0000-0000-000000000000,2025-03-22,2025-03-22,2025-03-29,2025-04-07,Annual,1
138,48,00000000-0000-0000-0000-000000000000,2025-05-15,2025-05-15,2025-05-28,2025-06-01,Annual,1
139,435,00000000-0000-0000-0000-000000000000,2025-07-13,2025-07-13,2025-07-20,2025-07-23,Annual,1
140,1399,00000000-0000-0000-0000-000000000000,2025-07-18,2025-07-18,2025-07-26,2025-07-29,Annual,1
141,508,00000000-0000-0000-0000-000000000000,2025-05-16,2025-05-16,2025-05-22,2025-05-22,Unpaid,1
142,1168,00000000-0000-0000-0000-000000000000,2025-05-07,2025-05-07,2025-05-09,2025-05-15,Annual,1
143,1055,00000000-0000-0000-0000-000000000000,2025-11-19,2025-11-19,2025-11-30,2025-12-03,Maternity/Paternity,1
144,371,00000000-0000-0000-0000-000000000000,2025-03-13,2025-03-13,2025-03-21,2025-03-27,Unpaid,1
145,303,00000000-0000-0000-0000-000000000000,2025-07-28,2025-07-28,2025-08-10,2025-08-14,Sick,1
146,1386,00000000-0000-0000-0000-000000000000,2025-11-14,2025-11-14,2025-11-17,2025-11-21,Sick,1
147,171,00000000-0000-0000-0000-000000000000,2025-07-03,2025-07-03,2025-07-06,2025-07-10,Sick,1
148,371,00000000-0000-0000-0000-000000000000,2025-08-29,2025-08-29,2025-09-09,2025-09-15,Sick,1
149,231,00000000-0000-0000-0000-000000000000,2025-05-20,2025-05-20,2025-05-28,2025-06-02,Annual,2
150,751,00000000-0000-0000-0000-000000000000,2025-01-11,2025-01-11,2025-01-20,2025-01-25,Unpaid,1
151,395,00000000-0000-0000-0000-000000000000,2026-02-07,2026-02-07,2026-02-12,2026-02-14,Annual,1
152,231,00000000-0000-0000-0000-000000000000,2025-10-08,2025-10-08,2025-10-12,2025-10-19,Annual,1
153,1000,00000000-0000-0000-0000-000000000000,2025-02-01,2025-02-01,2025-02-10,2025-02-17,Sick,1
154,620,00000000-0000-0000-0000-000000000000,2025-01-14,2025-01-14,2025-01-20,2025-01-24,Annual,1
155,839,00000000-0000-0000-0000-000000000000,2025-03-18,2025-03-18,2025-03-23,2025-03-23,Unpaid,1
156,76,00000000-0000-0000-0000-000000000000,2026-01-15,2026-01-15,2026-01-25,2026-01-25,Annual,1
157,305,00000000-0000-0000-0000-000000000000,2025-05-04,2025-05-04,2025-05-13,2025-05-19,Maternity/Paternity,1
158,36,00000000-0000-0000-0000-000000000000,2025-01-25,2025-01-25,2025-02-03,2025-02-11,Annual,1
159,715,00000000-0000-0000-0000-000000000000,2025-11-20,2025-11-20,2025-11-23,2025-12-01,Sick,1
160,1377,00000000-0000-0000-0000-000000000000,2025-10-10,2025-10-10,2025-10-18,2025-10-23,Annual,1
161,460,00000000-0000-0000-0000-000000000000,2026-02-28,2026-02-28,2026-03-03,2026-03-04,Unpaid,2
162,481,00000000-0000-0000-0000-000000000000,2025-03-06,2025-03-06,2025-03-13,2025-03-17,Annual,0
163,189,00000000-0000-0000-0000-000000000000,2025-08-23,2025-08-23,2025-08-27,2025-09-01,Annual,1
164,1232,00000000-0000-0000-0000-000000000000,2026-03-15,2026-03-15,2026-03-21,2026-03-21,Annual,1
165,1311,00000000-0000-0000-0000-000000000000,2025-05-14,2025-05-14,2025-05-20,2025-05-21,Annual,1
166,681,00000000-0000-0000-0000-000000000000,2025-04-19,2025-04-19,2025-04-27,2025-05-01,Sick,0
167,1166,00000000-0000-0000-0000-000000000000,2025-03-07,2025-03-07,2025-03-14,2025-03-19,Annual,1
168,642,00000000-0000-0000-0000-000000000000,2025-05-20,2025-05-20,2025-05-23,2025-05-29,Maternity/Paternity,0
169,1043,00000000-0000-0000-0000-000000000000,2025-10-31,2025-10-31,2025-11-04,2025-11-06,Annual,1
170,1452,00000000-0000-0000-0000-000000000000,2025-05-28,2025-05-28,2025-06-08,2025-06-10,Sick,1
171,1353,00000000-0000-0000-0000-000000000000,2026-03-08,2026-03-08,2026-03-22,2026-03-30,Sick,1
172,510,00000000-0000-0000-0000-000000000000,2025-11-13,2025-11-13,2025-11-24,2025-11-27,Annual,1
173,38,00000000-0000-0000-0000-000000000000,2025-10-15,2025-10-15,2025-10-18,2025-10-21,Sick,1
174,216,00000000-0000-0000-0000-000000000000,2025-08-15,2025-08-15,2025-08-17,2025-08-17,Annual,1
175,780,00000000-0000-0000-0000-000000000000,2025-07-28,2025-07-28,2025-08-07,2025-08-07,Sick,1
176,703,00000000-0000-0000-0000-000000000000,2026-02-27,2026-02-27,2026-03-11,2026-03-12,Sick,1
177,1402,00000000-0000-0000-0000-000000000000,2025-10-11,2025-10-11,2025-10-19,2025-10-26,Annual,1
178,568,00000000-0000-0000-0000-000000000000,2026-01-02,2026-01-02,2026-01-15,2026-01-23,Unpaid,1
179,780,00000000-0000-0000-0000-000000000000,2025-11-01,2025-11-01,2025-11-04,2025-11-12,Sick,1
180,1062,00000000-0000-0000-0000-000000000000,2026-03-13,2026-03-13,2026-03-27,2026-04-03,Annual,1
181,898,00000000-0000-0000-0000-000000000000,2025-03-03,2025-03-03,2025-03-16,2025-03-17,Unpaid,1
182,789,00000000-0000-0000-0000-000000000000,2025-03-09,2025-03-09,2025-03-13,2025-03-13,Unpaid,1
183,871,00000000-0000-0000-0000-000000000000,2025-12-11,2025-12-11,2025-12-18,2025-12-24,Annual,1
184,25,00000000-0000-0000-0000-000000000000,2025-10-07,2025-10-07,2025-10-16,2025-10-21,Annual,2
185,352,00000000-0000-0000-0000-000000000000,2025-09-12,2025-09-12,2025-09-25,2025-09-26,Unpaid,1
186,1048,00000000-0000-0000-0000-000000000000,2025-02-18,2025-02-18,2025-02-21,2025-02-23,Annual,0
187,994,00000000-0000-0000-0000-000000000000,2025-01-09,2025-01-09,2025-01-15,2025-01-21,Annual,1
188,1459,00000000-0000-0000-0000-000000000000,2025-10-28,2025-10-28,2025-10-31,2025-11-07,Annual,1
189,1301,00000000-0000-0000-0000-000000000000,2025-12-26,2025-12-26,2025-12-28,2026-01-05,Annual,1
190,639,00000000-0000-0000-0000-000000000000,2025-11-24,2025-11-24,2025-11-30,2025-12-06,Unpaid,0
191,1409,00000000-0000-0000-0000-000000000000,2025-06-27,2025-06-27,2025-06-29,2025-06-29,Annual,1
192,779,00000000-0000-0000-0000-000000000000,2025-04-23,2025-04-23,2025-05-07,2025-05-16,Annual,1
193,1187,00000000-0000-0000-0000-000000000000,2026-01-16,2026-01-16,2026-01-18,2026-01-24,Annual,1
194,324,00000000-0000-0000-0000-000000000000,2025-01-11,2025-01-11,2025-01-20,2025-01-23,Annual,1
195,130,00000000-0000-0000-0000-000000000000,2025-03-24,2025-03-24,2025-04-03,2025-04-12,Annual,0
196,1356,00000000-0000-0000-0000-000000000000,2025-05-18,2025-05-18,2025-05-20,2025-05-21,Annual,0
197,976,00000000-0000-0000-0000-000000000000,2026-02-05,2026-02-05,2026-02-18,2026-02-22,Annual,1
198,1088,00000000-0000-0000-0000-000000000000,2026-03-09,2026-03-09,2026-03-14,2026-03-20,Sick,1
199,224,00000000-0000-0000-0000-000000000000,2025-06-06,2025-06-06,2025-06-17,2025-06-26,Maternity/Paternity,1
200,568,00000000-0000-0000-0000-000000000000,2025-02-04,2025-02-04,2025-02-07,2025-02-15,Annual,1
201,1243,00000000-0000-0000-0000-000000000000,2025-04-22,2025-04-22,2025-04-26,2025-04-30,Annual,1
202,670,00000000-0000-0000-0000-000000000000,2026-02-04,2026-02-04,2026-02-12,2026-02-21,Annual,1
203,1192,00000000-0000-0000-0000-000000000000,2025-04-01,2025-04-01,2025-04-03,2025-04-12,Sick,1
204,1228,00000000-0000-0000-0000-000000000000,2025-03-15,2025-03-15,2025-03-21,2025-03-26,Annual,2
205,288,00000000-0000-0000-0000-000000000000,2025-02-14,2025-02-14,2025-02-23,2025-02-25,Maternity/Paternity,1
206,404,00000000-0000-0000-0000-000000000000,2025-09-23,2025-09-23,2025-10-06,2025-10-14,Maternity/Paternity,1
207,1203,00000000-0000-0000-0000-000000000000,2026-01-01,2026-01-01,2026-01-05,2026-01-12,Annual,1
208,1197,00000000-0000-0000-0000-000000000000,2025-12-25,2025-12-25,2026-01-03,2026-01-04,Annual,1
209,965,00000000-0000-0000-0000-000000000000,2026-03-05,2026-03-05,2026-03-15,2026-03-16,Annual,1
210,308,00000000-0000-0000-0000-000000000000,2026-03-22,2026-03-22,2026-04-03,2026-04-03,Annual,1
211,255,00000000-0000-0000-0000-000000000000,2025-01-11,2025-01-11,2025-01-23,2025-01-29,Annual,1
212,1384,00000000-0000-0000-0000-000000000000,2025-01-20,2025-01-20,2025-01-23,2025-01-25,Annual,1
213,1065,00000000-0000-0000-0000-000000000000,2025-12-13,2025-12-13,2025-12-19,2025-12-20,Sick,1
214,347,00000000-0000-0000-0000-000000000000,2025-07-25,2025-07-25,2025-08-07,2025-08-09,Annual,1
215,885,00000000-0000-0000-0000-000000000000,2025-09-10,2025-09-10,2025-09-13,2025-09-22,Annual,1
216,765,00000000-0000-0000-0000-000000000000,2025-12-09,2025-12-09,2025-12-19,2025-12-25,Sick,1
217,1045,00000000-0000-0000-0000-000000000000,2025-09-01,2025-09-01,2025-09-07,2025-09-09,Annual,1
218,744,00000000-0000-0000-0000-000000000000,2025-10-04,2025-10-04,2025-10-13,2025-10-22,Annual,2
219,276,00000000-0000-0000-0000-000000000000,2025-06-20,2025-06-20,2025-06-30,2025-07-07,Annual,1
220,871,00000000-0000-0000-0000-000000000000,2025-10-20,2025-10-20,2025-10-30,2025-11-01,Annual,1
221,1025,00000000-0000-0000-0000-000000000000,2025-07-29,2025-07-29,2025-08-11,2025-08-12,Unpaid,1
222,988,00000000-0000-0000-0000-000000000000,2025-04-02,2025-04-02,2025-04-09,2025-04-15,Annual,1
223,275,00000000-0000-0000-0000-000000000000,2025-07-24,2025-07-24,2025-08-05,2025-08-10,Annual,1
224,779,00000000-0000-0000-0000-000000000000,2025-03-24,2025-03-24,2025-04-03,2025-04-05,Maternity/Paternity,1
225,474,00000000-0000-0000-0000-000000000000,2025-11-22,2025-11-22,2025-12-02,2025-12-08,Annual,1
226,320,00000000-0000-0000-0000-000000000000,2025-08-26,2025-08-26,2025-09-07,2025-09-16,Annual,1
227,510,00000000-0000-0000-0000-000000000000,2025-05-22,2025-05-22,2025-05-25,2025-05-31,Annual,1
228,285,00000000-0000-0000-0000-000000000000,2025-06-18,2025-06-18,2025-07-02,2025-07-09,Annual,1
229,184,00000000-0000-0000-0000-000000000000,2026-02-14,2026-02-14,2026-02-22,2026-02-24,Sick,1
230,144,00000000-0000-0000-0000-000000000000,2025-02-03,2025-02-03,2025-02-16,2025-02-23,Annual,1
231,363,00000000-0000-0000-0000-000000000000,2025-04-22,2025-04-22,2025-05-01,2025-05-07,Annual,1
232,856,00000000-0000-0000-0000-000000000000,2025-05-27,2025-05-27,2025-06-06,2025-06-11,Sick,1
233,1023,00000000-0000-0000-0000-000000000000,2026-01-21,2026-01-21,2026-01-31,2026-02-09,Sick,1
234,388,00000000-0000-0000-0000-000000000000,2025-10-14,2025-10-14,2025-10-23,2025-10-24,Maternity/Paternity,2
235,495,00000000-0000-0000-0000-000000000000,2025-07-16,2025-07-16,2025-07-18,2025-07-27,Annual,1
236,711,00000000-0000-0000-0000-000000000000,2025-11-15,2025-11-15,2025-11-18,2025-11-20,Annual,1
237,43,00000000-0000-0000-0000-000000000000,2025-10-16,2025-10-16,2025-10-21,2025-10-30,Annual,0
238,246,00000000-0000-0000-0000-000000000000,2025-11-06,2025-11-06,2025-11-08,2025-11-09,Annual,1
239,255,00000000-0000-0000-0000-000000000000,2026-01-23,2026-01-23,2026-01-31,2026-02-08,Annual,1
240,241,00000000-0000-0000-0000-000000000000,2025-05-21,2025-05-21,2025-06-01,2025-06-09,Annual,1
241,859,00000000-0000-0000-0000-000000000000,2025-08-06,2025-08-06,2025-08-13,2025-08-20,Annual,1
242,685,00000000-0000-0000-0000-000000000000,2025-08-15,2025-08-15,2025-08-22,2025-08-24,Sick,1
243,769,00000000-0000-0000-0000-000000000000,2025-01-13,2025-01-13,2025-01-15,2025-01-23,Annual,1
244,975,00000000-0000-0000-0000-000000000000,2025-05-03,2025-05-03,2025-05-10,2025-05-13,Annual,1
245,1213,00000000-0000-0000-0000-000000000000,2025-04-19,2025-04-19,2025-04-25,2025-04-26,Annual,1
246,407,00000000-0000-0000-0000-000000000000,2025-12-05,2025-12-05,2025-12-13,2025-12-18,Annual,1
247,86,00000000-0000-0000-0000-000000000000,2025-02-04,2025-02-04,2025-02-11,2025-02-16,Sick,1
248,1311,00000000-0000-0000-0000-000000000000,2025-05-24,2025-05-24,2025-06-05,2025-06-07,Maternity/Paternity,1
249,390,00000000-0000-0000-0000-000000000000,2026-03-13,2026-03-13,2026-03-16,2026-03-17,Unpaid,0
250,1131,00000000-0000-0000-0000-000000000000,2025-06-04,2025-06-04,2025-06-06,2025-06-12,Annual,1
251,987,00000000-0000-0000-0000-000000000000,2026-03-26,2026-03-26,2026-04-09,2026-04-13,Annual,0
252,93,00000000-0000-0000-0000-000000000000,2025-04-17,2025-04-17,2025-04-23,2025-05-02,Annual,1
253,291,00000000-0000-0000-0000-000000000000,2025-04-14,2025-04-14,2025-04-20,2025-04-25,Annual,1
254,151,00000000-0000-0000-0000-000000000000,2026-01-16,2026-01-16,2026-01-25,2026-01-27,Unpaid,0
255,1236,00000000-0000-0000-0000-000000000000,2025-03-17,2025-03-17,2025-03-24,2025-03-27,Sick,1
256,187,00000000-0000-0000-0000-000000000000,2025-08-14,2025-08-14,2025-08-17,2025-08-26,Maternity/Paternity,1
257,225,00000000-0000-0000-0000-000000000000,2025-07-05,2025-07-05,2025-07-19,2025-07-24,Annual,0
258,1061,00000000-0000-0000-0000-000000000000,2025-09-30,2025-09-30,2025-10-08,2025-10-15,Annual,1
259,1174,00000000-0000-0000-0000-000000000000,2025-03-12,2025-03-12,2025-03-14,2025-03-21,Annual,0
260,1164,00000000-0000-0000-0000-000000000000,2025-01-22,2025-01-22,2025-01-30,2025-02-05,Annual,1
261,623,00000000-0000-0000-0000-000000000000,2025-10-07,2025-10-07,2025-10-12,2025-10-15,Annual,1
262,1057,00000000-0000-0000-0000-000000000000,2025-06-21,2025-06-21,2025-06-27,2025-07-06,Annual,1
263,1311,00000000-0000-0000-0000-000000000000,2026-02-19,2026-02-19,2026-02-26,2026-03-03,Annual,1
264,968,00000000-0000-0000-0000-000000000000,2025-06-08,2025-06-08,2025-06-13,2025-06-16,Maternity/Paternity,1
265,441,00000000-0000-0000-0000-000000000000,2025-08-11,2025-08-11,2025-08-23,2025-09-01,Annual,1
266,1425,00000000-0000-0000-0000-000000000000,2025-06-15,2025-06-15,2025-06-26,2025-07-04,Annual,1
267,535,00000000-0000-0000-0000-000000000000,2025-08-27,2025-08-27,2025-09-06,2025-09-12,Annual,1
268,92,00000000-0000-0000-0000-000000000000,2026-02-11,2026-02-11,2026-02-20,2026-02-28,Annual,1
269,1400,00000000-0000-0000-0000-000000000000,2025-08-12,2025-08-12,2025-08-18,2025-08-24,Sick,1
270,672,00000000-0000-0000-0000-000000000000,2026-01-18,2026-01-18,2026-02-01,2026-02-02,Sick,1
271,6,00000000-0000-0000-0000-000000000000,2025-01-03,2025-01-03,2025-01-15,2025-01-16,Annual,2
272,1019,00000000-0000-0000-0000-000000000000,2025-10-26,2025-10-26,2025-11-05,2025-11-14,Annual,1
273,238,00000000-0000-0000-0000-000000000000,2025-01-16,2025-01-16,2025-01-23,2025-01-31,Sick,0
274,420,00000000-0000-0000-0000-000000000000,2026-03-07,2026-03-07,2026-03-19,2026-03-22,Annual,1
275,306,00000000-0000-0000-0000-000000000000,2025-04-04,2025-04-04,2025-04-09,2025-04-14,Annual,1
276,483,00000000-0000-0000-0000-000000000000,2025-06-19,2025-06-19,2025-06-21,2025-06-30,Annual,1
277,1011,00000000-0000-0000-0000-000000000000,2025-01-22,2025-01-22,2025-01-29,2025-01-31,Annual,1
278,223,00000000-0000-0000-0000-000000000000,2025-07-10,2025-07-10,2025-07-19,2025-07-26,Annual,1
279,77,00000000-0000-0000-0000-000000000000,2025-05-09,2025-05-09,2025-05-18,2025-05-27,Unpaid,1
280,1422,00000000-0000-0000-0000-000000000000,2025-04-16,2025-04-16,2025-04-21,2025-04-26,Sick,1
281,585,00000000-0000-0000-0000-000000000000,2025-08-07,2025-08-07,2025-08-21,2025-08-22,Annual,1
282,580,00000000-0000-0000-0000-000000000000,2026-03-25,2026-03-25,2026-04-08,2026-04-11,Annual,1
283,701,00000000-0000-0000-0000-000000000000,2025-01-16,2025-01-16,2025-01-27,2025-01-27,Annual,1
284,423,00000000-0000-0000-0000-000000000000,2025-03-24,2025-03-24,2025-04-03,2025-04-09,Unpaid,1
285,1427,00000000-0000-0000-0000-000000000000,2025-03-13,2025-03-13,2025-03-15,2025-03-15,Annual,1
286,1142,00000000-0000-0000-0000-000000000000,2025-06-23,2025-06-23,2025-06-28,2025-07-06,Maternity/Paternity,1
287,43,00000000-0000-0000-0000-000000000000,2025-10-14,2025-10-14,2025-10-16,2025-10-25,Annual,1
288,1322,00000000-0000-0000-0000-000000000000,2025-11-10,2025-11-10,2025-11-15,2025-11-17,Annual,1
289,1432,00000000-0000-0000-0000-000000000000,2025-06-13,2025-06-13,2025-06-18,2025-06-19,Annual,0
290,1129,00000000-0000-0000-0000-000000000000,2025-12-29,2025-12-29,2026-01-06,2026-01-11,Annual,1
291,478,00000000-0000-0000-0000-000000000000,2025-07-19,2025-07-19,2025-07-27,2025-07-30,Unpaid,1
292,1047,00000000-0000-0000-0000-000000000000,2025-11-18,2025-11-18,2025-11-30,2025-12-05,Annual,1
293,708,00000000-0000-0000-0000-000000000000,2025-01-18,2025-01-18,2025-01-21,2025-01-28,Annual,1
294,377,00000000-0000-0000-0000-000000000000,2025-07-29,2025-07-29,2025-08-09,2025-08-14,Sick,1
295,326,00000000-0000-0000-0000-000000000000,2026-02-20,2026-02-20,2026-03-04,2026-03-04,Annual,1
296,417,00000000-0000-0000-0000-000000000000,2025-10-17,2025-10-17,2025-10-28,2025-10-30,Unpaid,1
297,826,00000000-0000-0000-0000-000000000000,2025-07-28,2025-07-28,2025-08-09,2025-08-12,Annual,1
298,515,00000000-0000-0000-0000-000000000000,2026-01-19,2026-01-19,2026-01-29,2026-02-04,Annual,1
299,156,00000000-0000-0000-0000-000000000000,2025-11-16,2025-11-16,2025-11-29,2025-12-06,Annual,1
300,100,00000000-0000-0000-0000-000000000000,2025-09-22,2025-09-22,2025-09-29,2025-09-30,Sick,1
301,231,00000000-0000-0000-0000-000000000000,2025-06-22,2025-06-22,2025-07-03,2025-07-06,Sick,1
302,382,00000000-0000-0000-0000-000000000000,2025-07-18,2025-07-18,2025-07-30,2025-08-04,Annual,0
303,211,00000000-0000-0000-0000-000000000000,2025-06-15,2025-06-15,2025-06-25,2025-06-27,Annual,1
304,1267,00000000-0000-0000-0000-000000000000,2025-04-10,2025-04-10,2025-04-17,2025-04-21,Annual,1
305,634,00000000-0000-0000-0000-000000000000,2025-02-05,2025-02-05,2025-02-16,2025-02-25,Sick,1
306,201,00000000-0000-0000-0000-000000000000,2025-06-11,2025-06-11,2025-06-13,2025-06-17,Annual,1
307,1098,00000000-0000-0000-0000-000000000000,2025-10-20,2025-10-20,2025-10-23,2025-10-26,Annual,1
308,1054,00000000-0000-0000-0000-000000000000,2025-02-12,2025-02-12,2025-02-24,2025-02-28,Annual,1
309,552,00000000-0000-0000-0000-000000000000,2025-07-17,2025-07-17,2025-07-28,2025-08-02,Sick,1
310,1244,00000000-0000-0000-0000-000000000000,2025-09-24,2025-09-24,2025-10-02,2025-10-11,Annual,1
311,589,00000000-0000-0000-0000-000000000000,2025-06-16,2025-06-16,2025-06-18,2025-06-26,Sick,1
312,346,00000000-0000-0000-0000-000000000000,2026-02-09,2026-02-09,2026-02-21,2026-02-23,Annual,1
313,532,00000000-0000-0000-0000-000000000000,2025-07-19,2025-07-19,2025-07-21,2025-07-27,Sick,0
314,878,00000000-0000-0000-0000-000000000000,2025-07-22,2025-07-22,2025-07-29,2025-07-30,Annual,1
315,160,00000000-0000-0000-0000-000000000000,2025-11-04,2025-11-04,2025-11-13,2025-11-17,Sick,1
316,519,00000000-0000-0000-0000-000000000000,2026-01-04,2026-01-04,2026-01-10,2026-01-16,Annual,2
317,639,00000000-0000-0000-0000-000000000000,2025-04-06,2025-04-06,2025-04-20,2025-04-22,Annual,1
318,212,00000000-0000-0000-0000-000000000000,2025-10-12,2025-10-12,2025-10-26,2025-10-30,Sick,1
319,1248,00000000-0000-0000-0000-000000000000,2025-06-27,2025-06-27,2025-07-04,2025-07-13,Annual,1
320,9,00000000-0000-0000-0000-000000000000,2025-03-31,2025-03-31,2025-04-11,2025-04-14,Annual,1
321,1237,00000000-0000-0000-0000-000000000000,2026-03-13,2026-03-13,2026-03-27,2026-04-03,Annual,1
322,663,00000000-0000-0000-0000-000000000000,2025-10-25,2025-10-25,2025-11-08,2025-11-12,Annual,1
323,960,00000000-0000-0000-0000-000000000000,2026-03-27,2026-03-27,2026-04-07,2026-04-12,Unpaid,1
324,776,00000000-0000-0000-0000-000000000000,2025-05-23,2025-05-23,2025-05-26,2025-06-03,Annual,1
325,1333,00000000-0000-0000-0000-000000000000,2025-10-10,2025-10-10,2025-10-20,2025-10-23,Annual,1
326,256,00000000-0000-0000-0000-000000000000,2025-07-31,2025-07-31,2025-08-03,2025-08-12,Annual,1
327,387,00000000-0000-0000-0000-000000000000,2025-03-06,2025-03-06,2025-03-08,2025-03-17,Annual,1
328,31,00000000-0000-0000-0000-000000000000,2025-03-09,2025-03-09,2025-03-22,2025-03-25,Annual,1
329,227,00000000-0000-0000-0000-000000000000,2025-09-22,2025-09-22,2025-10-03,2025-10-08,Annual,0
330,18,00000000-0000-0000-0000-000000000000,2025-01-14,2025-01-14,2025-01-19,2025-01-20,Annual,1
331,542,00000000-0000-0000-0000-000000000000,2025-07-07,2025-07-07,2025-07-19,2025-07-19,Annual,1
332,720,00000000-0000-0000-0000-000000000000,2025-02-20,2025-02-20,2025-03-05,2025-03-12,Sick,0
333,209,00000000-0000-0000-0000-000000000000,2025-05-20,2025-05-20,2025-05-22,2025-05-30,Annual,1
334,427,00000000-0000-0000-0000-000000000000,2025-10-02,2025-10-02,2025-10-08,2025-10-09,Unpaid,0
335,49,00000000-0000-0000-0000-000000000000,2025-01-06,2025-01-06,2025-01-18,2025-01-27,Annual,0
336,524,00000000-0000-0000-0000-000000000000,2025-03-23,2025-03-23,2025-04-04,2025-04-06,Unpaid,1
337,621,00000000-0000-0000-0000-000000000000,2026-01-19,2026-01-19,2026-01-27,2026-01-27,Annual,1
338,1279,00000000-0000-0000-0000-000000000000,2025-10-11,2025-10-11,2025-10-23,2025-10-24,Sick,1
339,973,00000000-0000-0000-0000-000000000000,2026-01-31,2026-01-31,2026-02-07,2026-02-11,Annual,1
340,225,00000000-0000-0000-0000-000000000000,2025-10-16,2025-10-16,2025-10-21,2025-10-28,Annual,0
341,342,00000000-0000-0000-0000-000000000000,2025-02-08,2025-02-08,2025-02-19,2025-02-28,Annual,0
342,49,00000000-0000-0000-0000-000000000000,2025-03-29,2025-03-29,2025-04-09,2025-04-18,Annual,1
343,1208,00000000-0000-0000-0000-000000000000,2025-02-01,2025-02-01,2025-02-14,2025-02-18,Annual,1
344,153,00000000-0000-0000-0000-000000000000,2025-09-14,2025-09-14,2025-09-21,2025-09-21,Annual,1
345,901,00000000-0000-0000-0000-000000000000,2026-02-19,2026-02-19,2026-02-23,2026-02-26,Annual,1
346,465,00000000-0000-0000-0000-000000000000,2025-03-29,2025-03-29,2025-04-11,2025-04-12,Annual,1
347,785,00000000-0000-0000-0000-000000000000,2025-07-27,2025-07-27,2025-08-06,2025-08-12,Annual,1
348,1427,00000000-0000-0000-0000-000000000000,2025-02-20,2025-02-20,2025-03-06,2025-03-13,Sick,1
349,664,00000000-0000-0000-0000-000000000000,2025-08-07,2025-08-07,2025-08-21,2025-08-21,Sick,1
350,633,00000000-0000-0000-0000-000000000000,2025-10-27,2025-10-27,2025-11-05,2025-11-05,Annual,1
351,874,00000000-0000-0000-0000-000000000000,2025-08-20,2025-08-20,2025-08-30,2025-08-31,Maternity/Paternity,1
352,1151,00000000-0000-0000-0000-000000000000,2025-03-28,2025-03-28,2025-04-05,2025-04-12,Unpaid,0
353,984,00000000-0000-0000-0000-000000000000,2025-09-26,2025-09-26,2025-10-03,2025-10-10,Annual,1
354,881,00000000-0000-0000-0000-000000000000,2025-10-04,2025-10-04,2025-10-10,2025-10-15,Annual,1
355,1007,00000000-0000-0000-0000-000000000000,2025-10-29,2025-10-29,2025-11-05,2025-11-07,Annual,0
356,535,00000000-0000-0000-0000-000000000000,2025-09-27,2025-09-27,2025-10-11,2025-10-11,Sick,1
357,1404,00000000-0000-0000-0000-000000000000,2025-04-25,2025-04-25,2025-04-28,2025-05-03,Sick,0
358,286,00000000-0000-0000-0000-000000000000,2026-01-30,2026-01-30,2026-02-01,2026-02-07,Sick,1
359,79,00000000-0000-0000-0000-000000000000,2026-01-23,2026-01-23,2026-02-05,2026-02-05,Annual,1
360,1031,00000000-0000-0000-0000-000000000000,2025-08-16,2025-08-16,2025-08-20,2025-08-29,Sick,1
361,1427,00000000-0000-0000-0000-000000000000,2025-12-14,2025-12-14,2025-12-23,2025-12-24,Sick,1
362,982,00000000-0000-0000-0000-000000000000,2026-02-02,2026-02-02,2026-02-16,2026-02-25,Sick,1
363,1393,00000000-0000-0000-0000-000000000000,2025-04-18,2025-04-18,2025-04-21,2025-04-26,Annual,1
364,524,00000000-0000-0000-0000-000000000000,2025-11-24,2025-11-24,2025-12-04,2025-12-05,Sick,1
365,1344,00000000-0000-0000-0000-000000000000,2025-12-01,2025-12-01,2025-12-06,2025-12-08,Annual,1
366,367,00000000-0000-0000-0000-000000000000,2025-06-11,2025-06-11,2025-06-25,2025-06-27,Annual,1
367,750,00000000-0000-0000-0000-000000000000,2025-12-13,2025-12-13,2025-12-25,2026-01-01,Annual,1
368,1310,00000000-0000-0000-0000-000000000000,2025-04-10,2025-04-10,2025-04-12,2025-04-13,Annual,1
369,682,00000000-0000-0000-0000-000000000000,2026-03-04,2026-03-04,2026-03-12,2026-03-14,Annual,1
370,1354,00000000-0000-0000-0000-000000000000,2025-08-04,2025-08-04,2025-08-16,2025-08-18,Annual,1
371,1260,00000000-0000-0000-0000-000000000000,2026-01-25,2026-01-25,2026-02-02,2026-02-08,Sick,1
372,647,00000000-0000-0000-0000-000000000000,2025-06-11,2025-06-11,2025-06-18,2025-06-18,Annual,1
373,1179,00000000-0000-0000-0000-000000000000,2026-03-06,2026-03-06,2026-03-10,2026-03-16,Annual,1
374,703,00000000-0000-0000-0000-000000000000,2025-03-18,2025-03-18,2025-03-21,2025-03-25,Sick,1
375,1459,00000000-0000-0000-0000-000000000000,2025-02-22,2025-02-22,2025-02-28,2025-03-06,Annual,1
376,789,00000000-0000-0000-0000-000000000000,2025-04-18,2025-04-18,2025-04-28,2025-05-04,Unpaid,1
377,490,00000000-0000-0000-0000-000000000000,2025-04-25,2025-04-25,2025-04-28,2025-05-04,Unpaid,1
378,800,00000000-0000-0000-0000-000000000000,2025-09-03,2025-09-03,2025-09-05,2025-09-12,Annual,0
379,1203,00000000-0000-0000-0000-000000000000,2025-09-29,2025-09-29,2025-10-04,2025-10-06,Sick,0
380,1402,00000000-0000-0000-0000-000000000000,2025-10-03,2025-10-03,2025-10-05,2025-10-12,Maternity/Paternity,1
381,1055,00000000-0000-0000-0000-000000000000,2025-07-11,2025-07-11,2025-07-20,2025-07-29,Annual,1
382,570,00000000-0000-0000-0000-000000000000,2025-10-29,2025-10-29,2025-11-02,2025-11-02,Annual,1
383,1359,00000000-0000-0000-0000-000000000000,2026-02-20,2026-02-20,2026-02-22,2026-02-23,Annual,1
384,264,00000000-0000-0000-0000-000000000000,2025-06-28,2025-06-28,2025-07-05,2025-07-14,Sick,1
385,292,00000000-0000-0000-0000-000000000000,2025-06-06,2025-06-06,2025-06-17,2025-06-26,Annual,1
386,1125,00000000-0000-0000-0000-000000000000,2025-09-30,2025-09-30,2025-10-11,2025-10-15,Unpaid,1
387,480,00000000-0000-0000-0000-000000000000,2025-02-24,2025-02-24,2025-03-06,2025-03-12,Annual,1
388,622,00000000-0000-0000-0000-000000000000,2025-07-11,2025-07-11,2025-07-13,2025-07-21,Sick,1
389,101,00000000-0000-0000-0000-000000000000,2025-06-23,2025-06-23,2025-07-06,2025-07-06,Sick,1
390,881,00000000-0000-0000-0000-000000000000,2025-10-06,2025-10-06,2025-10-13,2025-10-20,Annual,1
391,500,00000000-0000-0000-0000-000000000000,2025-06-07,2025-06-07,2025-06-12,2025-06-16,Unpaid,1
392,1296,00000000-0000-0000-0000-000000000000,2025-05-06,2025-05-06,2025-05-17,2025-05-26,Annual,1
393,1267,00000000-0000-0000-0000-000000000000,2025-10-27,2025-10-27,2025-11-05,2025-11-06,Unpaid,1
394,620,00000000-0000-0000-0000-000000000000,2025-11-01,2025-11-01,2025-11-15,2025-11-20,Unpaid,1
395,1232,00000000-0000-0000-0000-000000000000,2025-12-17,2025-12-17,2025-12-30,2025-12-30,Sick,1
396,966,00000000-0000-0000-0000-000000000000,2026-01-14,2026-01-14,2026-01-24,2026-02-01,Annual,1
397,569,00000000-0000-0000-0000-000000000000,2026-01-17,2026-01-17,2026-01-20,2026-01-28,Sick,2
398,1403,00000000-0000-0000-0000-000000000000,2025-09-14,2025-09-14,2025-09-23,2025-09-29,Maternity/Paternity,1
399,1011,00000000-0000-0000-0000-000000000000,2026-01-26,2026-01-26,2026-02-09,2026-02-17,Unpaid,1
400,739,00000000-0000-0000-0000-000000000000,2025-12-13,2025-12-13,2025-12-27,2026-01-04,Annual,1
401,1328,00000000-0000-0000-0000-000000000000,2025-06-08,2025-06-08,2025-06-18,2025-06-21,Annual,1
402,303,00000000-0000-0000-0000-000000000000,2025-06-09,2025-06-09,2025-06-23,2025-06-24,Annual,0
403,1069,00000000-0000-0000-0000-000000000000,2026-01-18,2026-01-18,2026-01-20,2026-01-20,Unpaid,1
404,697,00000000-0000-0000-0000-000000000000,2025-01-06,2025-01-06,2025-01-17,2025-01-17,Annual,1
405,1289,00000000-0000-0000-0000-000000000000,2025-03-28,2025-03-28,2025-04-01,2025-04-04,Annual,0
406,672,00000000-0000-0000-0000-000000000000,2026-01-17,2026-01-17,2026-01-28,2026-01-29,Sick,1
407,488,00000000-0000-0000-0000-000000000000,2026-02-27,2026-02-27,2026-03-01,2026-03-07,Annual,1
408,1244,00000000-0000-0000-0000-000000000000,2025-08-04,2025-08-04,2025-08-17,2025-08-21,Sick,1
409,322,00000000-0000-0000-0000-000000000000,2025-11-15,2025-11-15,2025-11-26,2025-12-02,Unpaid,1
410,597,00000000-0000-0000-0000-000000000000,2025-08-23,2025-08-23,2025-08-31,2025-09-02,Unpaid,1
411,367,00000000-0000-0000-0000-000000000000,2025-04-25,2025-04-25,2025-04-27,2025-04-29,Unpaid,1
412,408,00000000-0000-0000-0000-000000000000,2025-08-10,2025-08-10,2025-08-20,2025-08-28,Annual,1
413,1260,00000000-0000-0000-0000-000000000000,2025-06-16,2025-06-16,2025-06-25,2025-06-30,Unpaid,1
414,1272,00000000-0000-0000-0000-000000000000,2025-10-28,2025-10-28,2025-11-01,2025-11-08,Unpaid,1
415,264,00000000-0000-0000-0000-000000000000,2025-09-29,2025-09-29,2025-10-03,2025-10-12,Annual,1
416,199,00000000-0000-0000-0000-000000000000,2025-02-20,2025-02-20,2025-03-03,2025-03-09,Annual,2
417,729,00000000-0000-0000-0000-000000000000,2026-01-08,2026-01-08,2026-01-20,2026-01-29,Annual,1
418,553,00000000-0000-0000-0000-000000000000,2025-07-07,2025-07-07,2025-07-16,2025-07-22,Annual,1
419,917,00000000-0000-0000-0000-000000000000,2026-02-27,2026-02-27,2026-03-08,2026-03-14,Annual,1
420,717,00000000-0000-0000-0000-000000000000,2025-08-01,2025-08-01,2025-08-09,2025-08-16,Sick,1
421,549,00000000-0000-0000-0000-000000000000,2025-01-22,2025-01-22,2025-02-04,2025-02-07,Sick,2
422,1359,00000000-0000-0000-0000-000000000000,2025-06-25,2025-06-25,2025-07-06,2025-07-12,Annual,1
423,242,00000000-0000-0000-0000-000000000000,2026-01-12,2026-01-12,2026-01-23,2026-01-27,Sick,1
424,579,00000000-0000-0000-0000-000000000000,2025-04-11,2025-04-11,2025-04-18,2025-04-18,Annual,1
425,619,00000000-0000-0000-0000-000000000000,2025-12-08,2025-12-08,2025-12-16,2025-12-22,Annual,1
426,1265,00000000-0000-0000-0000-000000000000,2026-03-20,2026-03-20,2026-03-25,2026-03-27,Annual,1
427,917,00000000-0000-0000-0000-000000000000,2025-05-05,2025-05-05,2025-05-11,2025-05-18,Unpaid,1
428,527,00000000-0000-0000-0000-000000000000,2026-03-11,2026-03-11,2026-03-19,2026-03-19,Maternity/Paternity,1
429,109,00000000-0000-0000-0000-000000000000,2025-02-23,2025-02-23,2025-03-01,2025-03-02,Maternity/Paternity,1
430,8,00000000-0000-0000-0000-000000000000,2025-03-26,2025-03-26,2025-04-04,2025-04-10,Sick,1
431,652,00000000-0000-0000-0000-000000000000,2026-03-05,2026-03-05,2026-03-12,2026-03-15,Annual,1
432,897,00000000-0000-0000-0000-000000000000,2025-06-25,2025-06-25,2025-06-29,2025-07-03,Annual,1
433,448,00000000-0000-0000-0000-000000000000,2026-02-03,2026-02-03,2026-02-05,2026-02-10,Annual,1
434,1354,00000000-0000-0000-0000-000000000000,2026-01-20,2026-01-20,2026-01-26,2026-02-03,Annual,1
435,516,00000000-0000-0000-0000-000000000000,2025-12-19,2025-12-19,2026-01-02,2026-01-03,Unpaid,0
436,136,00000000-0000-0000-0000-000000000000,2025-12-12,2025-12-12,2025-12-22,2025-12-31,Annual,1
437,481,00000000-0000-0000-0000-000000000000,2025-06-21,2025-06-21,2025-07-04,2025-07-08,Annual,1
438,791,00000000-0000-0000-0000-000000000000,2026-02-16,2026-02-16,2026-02-24,2026-02-27,Annual,0
439,1293,00000000-0000-0000-0000-000000000000,2025-02-06,2025-02-06,2025-02-10,2025-02-14,Maternity/Paternity,1
440,506,00000000-0000-0000-0000-000000000000,2025-10-02,2025-10-02,2025-10-11,2025-10-18,Annual,1
441,876,00000000-0000-0000-0000-000000000000,2026-01-25,2026-01-25,2026-01-29,2026-02-02,Annual,0
442,1038,00000000-0000-0000-0000-000000000000,2025-12-30,2025-12-30,2026-01-01,2026-01-10,Maternity/Paternity,1
443,1190,00000000-0000-0000-0000-000000000000,2025-05-18,2025-05-18,2025-05-25,2025-06-03,Maternity/Paternity,1
444,1270,00000000-0000-0000-0000-000000000000,2025-01-14,2025-01-14,2025-01-21,2025-01-21,Annual,1
445,324,00000000-0000-0000-0000-000000000000,2025-02-18,2025-02-18,2025-02-26,2025-02-26,Sick,1
446,627,00000000-0000-0000-0000-000000000000,2026-01-22,2026-01-22,2026-02-02,2026-02-08,Sick,1
447,222,00000000-0000-0000-0000-000000000000,2026-01-24,2026-01-24,2026-02-02,2026-02-10,Annual,1
448,103,00000000-0000-0000-0000-000000000000,2025-03-19,2025-03-19,2025-03-31,2025-04-08,Annual,0
449,926,00000000-0000-0000-0000-000000000000,2025-05-21,2025-05-21,2025-05-25,2025-05-27,Annual,0
450,77,00000000-0000-0000-0000-000000000000,2025-07-16,2025-07-16,2025-07-22,2025-07-23,Annual,1
451,183,00000000-0000-0000-0000-000000000000,2025-01-15,2025-01-15,2025-01-26,2025-02-03,Maternity/Paternity,1
452,1082,00000000-0000-0000-0000-000000000000,2025-09-27,2025-09-27,2025-10-02,2025-10-04,Annual,1
453,1287,00000000-0000-0000-0000-000000000000,2025-12-23,2025-12-23,2026-01-03,2026-01-11,Annual,1
454,777,00000000-0000-0000-0000-000000000000,2025-07-26,2025-07-26,2025-08-04,2025-08-04,Sick,1
455,676,00000000-0000-0000-0000-000000000000,2025-07-24,2025-07-24,2025-08-05,2025-08-10,Annual,1
456,963,00000000-0000-0000-0000-000000000000,2025-04-25,2025-04-25,2025-04-27,2025-05-03,Annual,1
457,959,00000000-0000-0000-0000-000000000000,2025-02-06,2025-02-06,2025-02-14,2025-02-19,Sick,1
458,1322,00000000-0000-0000-0000-000000000000,2025-04-08,2025-04-08,2025-04-13,2025-04-22,Annual,1
459,32,00000000-0000-0000-0000-000000000000,2025-11-19,2025-11-19,2025-11-26,2025-11-29,Sick,1
460,183,00000000-0000-0000-0000-000000000000,2025-10-16,2025-10-16,2025-10-24,2025-11-02,Annual,1
461,582,00000000-0000-0000-0000-000000000000,2025-02-12,2025-02-12,2025-02-21,2025-02-22,Annual,1
462,463,00000000-0000-0000-0000-000000000000,2025-06-29,2025-06-29,2025-07-06,2025-07-11,Sick,1
463,55,00000000-0000-0000-0000-000000000000,2025-04-14,2025-04-14,2025-04-25,2025-04-30,Annual,1
464,1283,00000000-0000-0000-0000-000000000000,2025-11-24,2025-11-24,2025-12-08,2025-12-08,Maternity/Paternity,1
465,1097,00000000-0000-0000-0000-000000000000,2026-03-16,2026-03-16,2026-03-18,2026-03-19,Annual,1
466,579,00000000-0000-0000-0000-000000000000,2026-02-10,2026-02-10,2026-02-18,2026-02-22,Annual,1
467,1110,00000000-0000-0000-0000-000000000000,2026-03-22,2026-03-22,2026-04-04,2026-04-05,Maternity/Paternity,1
468,1310,00000000-0000-0000-0000-000000000000,2025-01-31,2025-01-31,2025-02-08,2025-02-17,Maternity/Paternity,1
469,362,00000000-0000-0000-0000-000000000000,2025-03-26,2025-03-26,2025-04-01,2025-04-10,Annual,1
470,1078,00000000-0000-0000-0000-000000000000,2026-01-16,2026-01-16,2026-01-30,2026-02-03,Annual,1
471,871,00000000-0000-0000-0000-000000000000,2025-07-06,2025-07-06,2025-07-12,2025-07-18,Annual,1
472,731,00000000-0000-0000-0000-000000000000,2026-03-09,2026-03-09,2026-03-15,2026-03-24,Unpaid,1
473,1011,00000000-0000-0000-0000-000000000000,2025-07-16,2025-07-16,2025-07-25,2025-08-02,Annual,1
474,201,00000000-0000-0000-0000-000000000000,2025-06-29,2025-06-29,2025-07-07,2025-07-13,Annual,1
475,258,00000000-0000-0000-0000-000000000000,2025-03-21,2025-03-21,2025-03-31,2025-04-05,Annual,1
476,388,00000000-0000-0000-0000-000000000000,2025-11-12,2025-11-12,2025-11-16,2025-11-24,Unpaid,1
477,966,00000000-0000-0000-0000-000000000000,2025-05-28,2025-05-28,2025-06-04,2025-06-11,Unpaid,1
478,1105,00000000-0000-0000-0000-000000000000,2025-06-11,2025-06-11,2025-06-20,2025-06-29,Sick,1
479,920,00000000-0000-0000-0000-000000000000,2026-01-07,2026-01-07,2026-01-18,2026-01-19,Maternity/Paternity,1
480,138,00000000-0000-0000-0000-000000000000,2025-01-08,2025-01-08,2025-01-16,2025-01-21,Unpaid,1
481,195,00000000-0000-0000-0000-000000000000,2025-03-22,2025-03-22,2025-04-05,2025-04-08,Unpaid,2
482,994,00000000-0000-0000-0000-000000000000,2025-06-15,2025-06-15,2025-06-26,2025-07-02,Annual,1
483,404,00000000-0000-0000-0000-000000000000,2025-08-16,2025-08-16,2025-08-26,2025-08-31,Annual,1
484,924,00000000-0000-0000-0000-000000000000,2025-08-12,2025-08-12,2025-08-19,2025-08-20,Annual,1
485,1239,00000000-0000-0000-0000-000000000000,2025-02-22,2025-02-22,2025-03-08,2025-03-16,Annual,2
486,1235,00000000-0000-0000-0000-000000000000,2025-03-14,2025-03-14,2025-03-16,2025-03-24,Annual,2
487,61,00000000-0000-0000-0000-000000000000,2026-03-01,2026-03-01,2026-03-11,2026-03-19,Annual,1
488,1286,00000000-0000-0000-0000-000000000000,2025-05-27,2025-05-27,2025-05-31,2025-06-03,Maternity/Paternity,1
489,144,00000000-0000-0000-0000-000000000000,2025-09-08,2025-09-08,2025-09-11,2025-09-14,Annual,1
490,857,00000000-0000-0000-0000-000000000000,2025-05-10,2025-05-10,2025-05-24,2025-05-24,Annual,0
491,444,00000000-0000-0000-0000-000000000000,2025-11-02,2025-11-02,2025-11-06,2025-11-14,Annual,1
492,204,00000000-0000-0000-0000-000000000000,2025-06-10,2025-06-10,2025-06-19,2025-06-22,Annual,1
493,1196,00000000-0000-0000-0000-000000000000,2025-11-24,2025-11-24,2025-11-26,2025-11-28,Annual,0
494,1044,00000000-0000-0000-0000-000000000000,2025-07-11,2025-07-11,2025-07-25,2025-07-29,Sick,1
495,1449,00000000-0000-0000-0000-000000000000,2025-08-29,2025-08-29,2025-09-08,2025-09-16,Annual,0
496,983,00000000-0000-0000-0000-000000000000,2026-03-04,2026-03-04,2026-03-10,2026-03-16,Annual,1
497,381,00000000-0000-0000-0000-000000000000,2025-10-12,2025-10-12,2025-10-26,2025-11-01,Annual,0
498,482,00000000-0000-0000-0000-000000000000,2025-09-04,2025-09-04,2025-09-09,2025-09-16,Unpaid,1
499,1236,00000000-0000-0000-0000-000000000000,2025-11-29,2025-11-29,2025-12-01,2025-12-04,Annual,1
500,680,00000000-0000-0000-0000-000000000000,2025-03-03,2025-03-03,2025-03-17,2025-03-25,Annual,1
501,834,00000000-0000-0000-0000-000000000000,2026-03-22,2026-03-22,2026-03-24,2026-03-25,Annual,1
502,1349,00000000-0000-0000-0000-000000000000,2025-01-03,2025-01-03,2025-01-05,2025-01-13,Annual,1
503,983,00000000-0000-0000-0000-000000000000,2025-05-20,2025-05-20,2025-06-03,2025-06-03,Maternity/Paternity,0
504,399,00000000-0000-0000-0000-000000000000,2026-02-28,2026-02-28,2026-03-09,2026-03-12,Annual,1
505,1009,00000000-0000-0000-0000-000000000000,2025-02-18,2025-02-18,2025-02-28,2025-03-04,Annual,1
506,474,00000000-0000-0000-0000-000000000000,2026-01-19,2026-01-19,2026-01-26,2026-01-26,Annual,1
507,453,00000000-0000-0000-0000-000000000000,2025-05-22,2025-05-22,2025-05-24,2025-05-24,Annual,1
508,926,00000000-0000-0000-0000-000000000000,2025-05-09,2025-05-09,2025-05-16,2025-05-16,Annual,1
509,3,00000000-0000-0000-0000-000000000000,2025-06-19,2025-06-19,2025-06-28,2025-07-03,Annual,1
510,1452,00000000-0000-0000-0000-000000000000,2025-08-07,2025-08-07,2025-08-09,2025-08-12,Annual,1
511,1067,00000000-0000-0000-0000-000000000000,2025-01-04,2025-01-04,2025-01-13,2025-01-22,Annual,1
512,790,00000000-0000-0000-0000-000000000000,2025-03-23,2025-03-23,2025-03-28,2025-03-31,Sick,1
513,1087,00000000-0000-0000-0000-000000000000,2025-08-12,2025-08-12,2025-08-26,2025-08-27,Annual,1
514,1239,00000000-0000-0000-0000-000000000000,2026-01-15,2026-01-15,2026-01-23,2026-01-25,Annual,0
515,683,00000000-0000-0000-0000-000000000000,2025-03-01,2025-03-01,2025-03-04,2025-03-11,Annual,1
516,1440,00000000-0000-0000-0000-000000000000,2025-04-13,2025-04-13,2025-04-16,2025-04-22,Annual,1
517,1381,00000000-0000-0000-0000-000000000000,2025-05-28,2025-05-28,2025-06-04,2025-06-11,Sick,1
518,1394,00000000-0000-0000-0000-000000000000,2025-05-30,2025-05-30,2025-06-09,2025-06-12,Sick,1
519,477,00000000-0000-0000-0000-000000000000,2025-09-10,2025-09-10,2025-09-12,2025-09-17,Annual,1
520,202,00000000-0000-0000-0000-000000000000,2025-02-05,2025-02-05,2025-02-16,2025-02-25,Annual,1
521,1270,00000000-0000-0000-0000-000000000000,2025-11-14,2025-11-14,2025-11-26,2025-12-05,Annual,1
522,524,00000000-0000-0000-0000-000000000000,2026-01-31,2026-01-31,2026-02-06,2026-02-09,Sick,1
523,650,00000000-0000-0000-0000-000000000000,2025-10-12,2025-10-12,2025-10-23,2025-10-29,Sick,1
524,491,00000000-0000-0000-0000-000000000000,2025-03-19,2025-03-19,2025-03-22,2025-03-22,Sick,1
525,922,00000000-0000-0000-0000-000000000000,2025-03-12,2025-03-12,2025-03-26,2025-03-28,Annual,0
526,1089,00000000-0000-0000-0000-000000000000,2025-09-29,2025-09-29,2025-10-10,2025-10-10,Annual,1
527,142,00000000-0000-0000-0000-000000000000,2025-11-02,2025-11-02,2025-11-11,2025-11-15,Unpaid,1
528,372,00000000-0000-0000-0000-000000000000,2026-01-16,2026-01-16,2026-01-29,2026-02-06,Sick,1
529,628,00000000-0000-0000-0000-000000000000,2025-06-20,2025-06-20,2025-06-29,2025-07-07,Annual,1
530,628,00000000-0000-0000-0000-000000000000,2025-08-19,2025-08-19,2025-08-31,2025-08-31,Unpaid,1
531,1071,00000000-0000-0000-0000-000000000000,2025-05-27,2025-05-27,2025-05-30,2025-06-02,Sick,0
532,433,00000000-0000-0000-0000-000000000000,2025-07-21,2025-07-21,2025-07-25,2025-08-02,Annual,1
533,1184,00000000-0000-0000-0000-000000000000,2025-05-18,2025-05-18,2025-05-24,2025-05-26,Annual,2
534,86,00000000-0000-0000-0000-000000000000,2025-06-09,2025-06-09,2025-06-22,2025-06-24,Unpaid,1
535,691,00000000-0000-0000-0000-000000000000,2025-07-07,2025-07-07,2025-07-20,2025-07-24,Annual,1
536,86,00000000-0000-0000-0000-000000000000,2026-03-23,2026-03-23,2026-03-31,2026-04-04,Annual,0
537,1338,00000000-0000-0000-0000-000000000000,2025-10-03,2025-10-03,2025-10-07,2025-10-09,Sick,1
538,40,00000000-0000-0000-0000-000000000000,2025-04-28,2025-04-28,2025-05-10,2025-05-13,Annual,1
539,1361,00000000-0000-0000-0000-000000000000,2025-04-13,2025-04-13,2025-04-15,2025-04-19,Annual,1
540,994,00000000-0000-0000-0000-000000000000,2025-03-29,2025-03-29,2025-04-12,2025-04-15,Annual,1
541,234,00000000-0000-0000-0000-000000000000,2025-02-20,2025-02-20,2025-03-06,2025-03-10,Annual,1
542,1007,00000000-0000-0000-0000-000000000000,2025-11-27,2025-11-27,2025-12-02,2025-12-10,Sick,1
543,761,00000000-0000-0000-0000-000000000000,2025-02-10,2025-02-10,2025-02-20,2025-03-01,Sick,1
544,435,00000000-0000-0000-0000-000000000000,2025-03-31,2025-03-31,2025-04-11,2025-04-12,Annual,1
545,137,00000000-0000-0000-0000-000000000000,2025-01-18,2025-01-18,2025-01-31,2025-02-08,Annual,1
546,1337,00000000-0000-0000-0000-000000000000,2025-11-13,2025-11-13,2025-11-20,2025-11-28,Unpaid,1
547,1448,00000000-0000-0000-0000-000000000000,2025-06-29,2025-06-29,2025-07-08,2025-07-17,Annual,1
548,254,00000000-0000-0000-0000-000000000000,2025-06-23,2025-06-23,2025-07-01,2025-07-07,Sick,1
549,1017,00000000-0000-0000-0000-000000000000,2025-05-07,2025-05-07,2025-05-10,2025-05-18,Unpaid,1
550,218,00000000-0000-0000-0000-000000000000,2025-11-24,2025-11-24,2025-11-29,2025-12-08,Annual,1
551,703,00000000-0000-0000-0000-000000000000,2025-11-01,2025-11-01,2025-11-14,2025-11-21,Sick,1
552,1348,00000000-0000-0000-0000-000000000000,2026-01-21,2026-01-21,2026-01-24,2026-01-29,Annual,1
553,292,00000000-0000-0000-0000-000000000000,2025-03-02,2025-03-02,2025-03-14,2025-03-19,Annual,1
554,1248,00000000-0000-0000-0000-000000000000,2025-09-23,2025-09-23,2025-10-02,2025-10-05,Annual,1
555,316,00000000-0000-0000-0000-000000000000,2025-04-01,2025-04-01,2025-04-15,2025-04-17,Unpaid,1
556,618,00000000-0000-0000-0000-000000000000,2025-04-13,2025-04-13,2025-04-16,2025-04-21,Sick,1
557,1308,00000000-0000-0000-0000-000000000000,2025-12-06,2025-12-06,2025-12-11,2025-12-13,Maternity/Paternity,1
558,1167,00000000-0000-0000-0000-000000000000,2026-03-18,2026-03-18,2026-03-23,2026-04-01,Sick,0
559,738,00000000-0000-0000-0000-000000000000,2025-02-28,2025-02-28,2025-03-06,2025-03-11,Annual,0
560,88,00000000-0000-0000-0000-000000000000,2025-04-20,2025-04-20,2025-05-02,2025-05-05,Annual,1
561,105,00000000-0000-0000-0000-000000000000,2025-07-30,2025-07-30,2025-08-13,2025-08-17,Sick,1
562,904,00000000-0000-0000-0000-000000000000,2025-11-28,2025-11-28,2025-12-08,2025-12-12,Annual,0
563,800,00000000-0000-0000-0000-000000000000,2025-05-11,2025-05-11,2025-05-15,2025-05-18,Annual,0
564,501,00000000-0000-0000-0000-000000000000,2025-07-16,2025-07-16,2025-07-29,2025-08-06,Annual,1
565,1386,00000000-0000-0000-0000-000000000000,2025-01-06,2025-01-06,2025-01-10,2025-01-10,Sick,1
566,993,00000000-0000-0000-0000-000000000000,2026-03-06,2026-03-06,2026-03-09,2026-03-11,Annual,1
567,1008,00000000-0000-0000-0000-000000000000,2025-11-12,2025-11-12,2025-11-17,2025-11-17,Annual,1
568,1223,00000000-0000-0000-0000-000000000000,2025-12-10,2025-12-10,2025-12-18,2025-12-27,Annual,1
569,377,00000000-0000-0000-0000-000000000000,2025-06-18,2025-06-18,2025-06-26,2025-06-29,Annual,1
570,246,00000000-0000-0000-0000-000000000000,2025-11-21,2025-11-21,2025-11-28,2025-12-07,Sick,1
571,362,00000000-0000-0000-0000-000000000000,2025-04-14,2025-04-14,2025-04-22,2025-04-28,Annual,0
572,655,00000000-0000-0000-0000-000000000000,2025-04-08,2025-04-08,2025-04-17,2025-04-17,Annual,1
573,731,00000000-0000-0000-0000-000000000000,2025-09-04,2025-09-04,2025-09-09,2025-09-14,Unpaid,1
574,1285,00000000-0000-0000-0000-000000000000,2026-02-15,2026-02-15,2026-02-24,2026-02-26,Annual,1
575,312,00000000-0000-0000-0000-000000000000,2026-02-18,2026-02-18,2026-03-01,2026-03-01,Annual,1
576,537,00000000-0000-0000-0000-000000000000,2025-06-04,2025-06-04,2025-06-14,2025-06-22,Sick,1
577,43,00000000-0000-0000-0000-000000000000,2025-12-31,2025-12-31,2026-01-08,2026-01-16,Annual,1
578,731,00000000-0000-0000-0000-000000000000,2025-03-19,2025-03-19,2025-03-23,2025-03-28,Annual,0
579,1353,00000000-0000-0000-0000-000000000000,2025-06-26,2025-06-26,2025-07-10,2025-07-16,Sick,1
580,5,00000000-0000-0000-0000-000000000000,2026-01-05,2026-01-05,2026-01-19,2026-01-24,Sick,1
581,450,00000000-0000-0000-0000-000000000000,2025-07-27,2025-07-27,2025-08-08,2025-08-12,Annual,0
582,621,00000000-0000-0000-0000-000000000000,2025-10-13,2025-10-13,2025-10-16,2025-10-24,Annual,1
583,789,00000000-0000-0000-0000-000000000000,2025-12-20,2025-12-20,2025-12-30,2026-01-06,Annual,1
584,125,00000000-0000-0000-0000-000000000000,2026-01-18,2026-01-18,2026-01-22,2026-01-23,Sick,1
585,101,00000000-0000-0000-0000-000000000000,2026-03-21,2026-03-21,2026-04-04,2026-04-13,Sick,1
586,325,00000000-0000-0000-0000-000000000000,2025-07-26,2025-07-26,2025-08-09,2025-08-11,Maternity/Paternity,1
587,1008,00000000-0000-0000-0000-000000000000,2025-06-08,2025-06-08,2025-06-21,2025-06-23,Annual,1
588,903,00000000-0000-0000-0000-000000000000,2025-10-12,2025-10-12,2025-10-26,2025-10-31,Annual,1
589,68,00000000-0000-0000-0000-000000000000,2025-02-26,2025-02-26,2025-03-10,2025-03-12,Sick,1
590,8,00000000-0000-0000-0000-000000000000,2025-02-04,2025-02-04,2025-02-14,2025-02-23,Annual,1
591,992,00000000-0000-0000-0000-000000000000,2025-11-23,2025-11-23,2025-11-26,2025-12-03,Annual,1
592,55,00000000-0000-0000-0000-000000000000,2025-11-03,2025-11-03,2025-11-17,2025-11-22,Annual,0
593,660,00000000-0000-0000-0000-000000000000,2025-10-15,2025-10-15,2025-10-24,2025-10-27,Annual,1
594,941,00000000-0000-0000-0000-000000000000,2025-05-17,2025-05-17,2025-05-24,2025-05-26,Annual,1
595,258,00000000-0000-0000-0000-000000000000,2025-07-07,2025-07-07,2025-07-09,2025-07-14,Annual,1
596,354,00000000-0000-0000-0000-000000000000,2025-05-22,2025-05-22,2025-05-26,2025-05-31,Annual,1
597,173,00000000-0000-0000-0000-000000000000,2025-02-01,2025-02-01,2025-02-14,2025-02-22,Maternity/Paternity,1
598,693,00000000-0000-0000-0000-000000000000,2026-01-14,2026-01-14,2026-01-18,2026-01-24,Maternity/Paternity,0
599,1107,00000000-0000-0000-0000-000000000000,2025-12-20,2025-12-20,2025-12-27,2026-01-02,Sick,0
600,787,00000000-0000-0000-0000-000000000000,2026-02-01,2026-02-01,2026-02-14,2026-02-15,Annual,0
601,534,00000000-0000-0000-0000-000000000000,2026-02-06,2026-02-06,2026-02-11,2026-02-20,Annual,1
602,1088,00000000-0000-0000-0000-000000000000,2026-03-06,2026-03-06,2026-03-14,2026-03-18,Sick,1
603,365,00000000-0000-0000-0000-000000000000,2025-09-19,2025-09-19,2025-09-22,2025-10-01,Annual,1
604,108,00000000-0000-0000-0000-000000000000,2025-12-16,2025-12-16,2025-12-28,2026-01-02,Annual,1
605,1152,00000000-0000-0000-0000-000000000000,2025-09-23,2025-09-23,2025-09-27,2025-10-05,Annual,1
606,655,00000000-0000-0000-0000-000000000000,2025-11-04,2025-11-04,2025-11-14,2025-11-15,Annual,1
607,990,00000000-0000-0000-0000-000000000000,2025-06-15,2025-06-15,2025-06-29,2025-07-06,Annual,1
608,1,00000000-0000-0000-0000-000000000000,2025-02-28,2025-02-28,2025-03-13,2025-03-13,Annual,1
609,71,00000000-0000-0000-0000-000000000000,2025-06-08,2025-06-08,2025-06-19,2025-06-24,Sick,0
610,444,00000000-0000-0000-0000-000000000000,2026-02-05,2026-02-05,2026-02-11,2026-02-15,Annual,1
611,459,00000000-0000-0000-0000-000000000000,2025-06-01,2025-06-01,2025-06-03,2025-06-08,Annual,1
612,1255,00000000-0000-0000-0000-000000000000,2026-01-03,2026-01-03,2026-01-16,2026-01-22,Unpaid,1
613,100,00000000-0000-0000-0000-000000000000,2025-09-23,2025-09-23,2025-09-28,2025-10-01,Annual,1
614,435,00000000-0000-0000-0000-000000000000,2025-03-14,2025-03-14,2025-03-20,2025-03-27,Annual,1
615,1309,00000000-0000-0000-0000-000000000000,2025-03-14,2025-03-14,2025-03-16,2025-03-25,Unpaid,1
616,42,00000000-0000-0000-0000-000000000000,2025-05-01,2025-05-01,2025-05-11,2025-05-15,Annual,1
617,382,00000000-0000-0000-0000-000000000000,2025-08-03,2025-08-03,2025-08-17,2025-08-18,Unpaid,1
618,0,00000000-0000-0000-0000-000000000000,2025-12-04,2025-12-04,2025-12-12,2025-12-19,Annual,1
619,583,00000000-0000-0000-0000-000000000000,2025-04-15,2025-04-15,2025-04-20,2025-04-26,Sick,1
620,1100,00000000-0000-0000-0000-000000000000,2026-03-06,2026-03-06,2026-03-11,2026-03-17,Annual,1
621,283,00000000-0000-0000-0000-000000000000,2026-02-14,2026-02-14,2026-02-21,2026-02-23,Annual,1
622,1279,00000000-0000-0000-0000-000000000000,2025-07-06,2025-07-06,2025-07-19,2025-07-21,Annual,1
623,620,00000000-0000-0000-0000-000000000000,2025-01-14,2025-01-14,2025-01-23,2025-01-30,Sick,1
624,18,00000000-0000-0000-0000-000000000000,2025-02-23,2025-02-23,2025-03-07,2025-03-14,Annual,1
625,947,00000000-0000-0000-0000-000000000000,2025-09-16,2025-09-16,2025-09-29,2025-10-05,Annual,1
626,878,00000000-0000-0000-0000-000000000000,2025-01-21,2025-01-21,2025-02-01,2025-02-01,Unpaid,1
627,575,00000000-0000-0000-0000-000000000000,2025-12-18,2025-12-18,2025-12-27,2025-12-28,Maternity/Paternity,1
628,145,00000000-0000-0000-0000-000000000000,2025-08-20,2025-08-20,2025-09-03,2025-09-07,Sick,1
629,404,00000000-0000-0000-0000-000000000000,2026-01-31,2026-01-31,2026-02-10,2026-02-13,Sick,0
630,105,00000000-0000-0000-0000-000000000000,2025-09-15,2025-09-15,2025-09-26,2025-09-30,Sick,1
631,636,00000000-0000-0000-0000-000000000000,2026-03-03,2026-03-03,2026-03-11,2026-03-18,Annual,1
632,772,00000000-0000-0000-0000-000000000000,2025-04-24,2025-04-24,2025-05-06,2025-05-06,Annual,1
633,823,00000000-0000-0000-0000-000000000000,2025-11-23,2025-11-23,2025-12-05,2025-12-12,Annual,1
634,1431,00000000-0000-0000-0000-000000000000,2025-08-13,2025-08-13,2025-08-15,2025-08-23,Unpaid,1
635,372,00000000-0000-0000-0000-000000000000,2025-02-23,2025-02-23,2025-03-09,2025-03-15,Unpaid,1
636,83,00000000-0000-0000-0000-000000000000,2025-07-09,2025-07-09,2025-07-23,2025-07-29,Annual,1
637,810,00000000-0000-0000-0000-000000000000,2025-09-02,2025-09-02,2025-09-16,2025-09-16,Annual,1
638,502,00000000-0000-0000-0000-000000000000,2025-07-30,2025-07-30,2025-08-06,2025-08-14,Annual,1
639,1457,00000000-0000-0000-0000-000000000000,2026-01-19,2026-01-19,2026-01-28,2026-01-30,Annual,1
640,1154,00000000-0000-0000-0000-000000000000,2025-01-08,2025-01-08,2025-01-13,2025-01-21,Annual,1
641,178,00000000-0000-0000-0000-000000000000,2025-11-01,2025-11-01,2025-11-06,2025-11-06,Annual,1
642,1390,00000000-0000-0000-0000-000000000000,2025-10-10,2025-10-10,2025-10-14,2025-10-18,Sick,1
643,1015,00000000-0000-0000-0000-000000000000,2026-03-07,2026-03-07,2026-03-12,2026-03-12,Unpaid,1
644,723,00000000-0000-0000-0000-000000000000,2026-02-10,2026-02-10,2026-02-13,2026-02-20,Sick,1
645,1401,00000000-0000-0000-0000-000000000000,2025-11-22,2025-11-22,2025-12-04,2025-12-08,Sick,1
646,895,00000000-0000-0000-0000-000000000000,2025-06-11,2025-06-11,2025-06-20,2025-06-23,Annual,1
647,165,00000000-0000-0000-0000-000000000000,2025-06-26,2025-06-26,2025-07-01,2025-07-09,Unpaid,1
648,1108,00000000-0000-0000-0000-000000000000,2025-12-17,2025-12-17,2025-12-26,2025-12-31,Sick,1
649,713,00000000-0000-0000-0000-000000000000,2025-01-29,2025-01-29,2025-02-08,2025-02-15,Annual,1
650,852,00000000-0000-0000-0000-000000000000,2025-12-15,2025-12-15,2025-12-29,2025-12-30,Annual,1
651,57,00000000-0000-0000-0000-000000000000,2025-10-19,2025-10-19,2025-10-25,2025-10-31,Annual,1
652,477,00000000-0000-0000-0000-000000000000,2026-02-17,2026-02-17,2026-02-22,2026-02-27,Annual,1
653,1195,00000000-0000-0000-0000-000000000000,2025-09-24,2025-09-24,2025-09-26,2025-09-30,Sick,1
654,769,00000000-0000-0000-0000-000000000000,2026-02-14,2026-02-14,2026-02-16,2026-02-25,Annual,2
655,16,00000000-0000-0000-0000-000000000000,2025-11-10,2025-11-10,2025-11-21,2025-11-22,Sick,1
656,365,00000000-0000-0000-0000-000000000000,2025-12-03,2025-12-03,2025-12-13,2025-12-15,Annual,1
657,1357,00000000-0000-0000-0000-000000000000,2025-07-12,2025-07-12,2025-07-26,2025-07-28,Annual,1
658,96,00000000-0000-0000-0000-000000000000,2025-10-24,2025-10-24,2025-10-31,2025-11-06,Unpaid,1
659,512,00000000-0000-0000-0000-000000000000,2025-06-23,2025-06-23,2025-07-01,2025-07-09,Annual,1
660,484,00000000-0000-0000-0000-000000000000,2025-04-02,2025-04-02,2025-04-13,2025-04-18,Unpaid,0
661,132,00000000-0000-0000-0000-000000000000,2025-07-25,2025-07-25,2025-07-27,2025-07-29,Annual,0
662,24,00000000-0000-0000-0000-000000000000,2025-04-26,2025-04-26,2025-05-07,2025-05-08,Sick,1
663,418,00000000-0000-0000-0000-000000000000,2025-12-28,2025-12-28,2026-01-11,2026-01-11,Annual,1
664,1360,00000000-0000-0000-0000-000000000000,2026-02-02,2026-02-02,2026-02-08,2026-02-13,Annual,0
665,1127,00000000-0000-0000-0000-000000000000,2025-08-04,2025-08-04,2025-08-08,2025-08-11,Annual,1
666,1098,00000000-0000-0000-0000-000000000000,2025-08-04,2025-08-04,2025-08-18,2025-08-27,Sick,1
667,48,00000000-0000-0000-0000-000000000000,2026-02-22,2026-02-22,2026-02-28,2026-03-08,Annual,1
668,1151,00000000-0000-0000-0000-000000000000,2025-04-21,2025-04-21,2025-05-04,2025-05-07,Annual,1
669,145,00000000-0000-0000-0000-000000000000,2025-04-28,2025-04-28,2025-05-12,2025-05-14,Sick,1
670,289,00000000-0000-0000-0000-000000000000,2026-01-01,2026-01-01,2026-01-14,2026-01-14,Sick,1
671,828,00000000-0000-0000-0000-000000000000,2025-01-15,2025-01-15,2025-01-20,2025-01-26,Annual,2
672,552,00000000-0000-0000-0000-000000000000,2025-12-29,2025-12-29,2026-01-05,2026-01-09,Maternity/Paternity,1
673,1242,00000000-0000-0000-0000-000000000000,2026-01-08,2026-01-08,2026-01-18,2026-01-20,Annual,1
674,256,00000000-0000-0000-0000-000000000000,2025-02-01,2025-02-01,2025-02-11,2025-02-12,Sick,1
675,229,00000000-0000-0000-0000-000000000000,2026-02-27,2026-02-27,2026-03-06,2026-03-07,Annual,1
676,918,00000000-0000-0000-0000-000000000000,2026-01-20,2026-01-20,2026-02-01,2026-02-09,Sick,1
677,627,00000000-0000-0000-0000-000000000000,2025-10-13,2025-10-13,2025-10-19,2025-10-23,Maternity/Paternity,2
678,1167,00000000-0000-0000-0000-000000000000,2025-08-31,2025-08-31,2025-09-08,2025-09-14,Sick,0
679,121,00000000-0000-0000-0000-000000000000,2025-03-21,2025-03-21,2025-03-29,2025-03-30,Sick,2
680,1043,00000000-0000-0000-0000-000000000000,2025-03-17,2025-03-17,2025-03-19,2025-03-20,Annual,1
681,234,00000000-0000-0000-0000-000000000000,2026-02-06,2026-02-06,2026-02-09,2026-02-13,Sick,1
682,1340,00000000-0000-0000-0000-000000000000,2025-09-18,2025-09-18,2025-09-28,2025-10-05,Sick,1
683,865,00000000-0000-0000-0000-000000000000,2025-04-24,2025-04-24,2025-05-01,2025-05-06,Maternity/Paternity,1
684,1063,00000000-0000-0000-0000-000000000000,2025-03-26,2025-03-26,2025-04-05,2025-04-09,Annual,2
685,194,00000000-0000-0000-0000-000000000000,2026-01-25,2026-01-25,2026-02-05,2026-02-11,Annual,1
686,1109,00000000-0000-0000-0000-000000000000,2025-07-17,2025-07-17,2025-07-24,2025-07-27,Unpaid,1
687,159,00000000-0000-0000-0000-000000000000,2025-07-15,2025-07-15,2025-07-23,2025-07-28,Annual,1
688,204,00000000-0000-0000-0000-000000000000,2025-07-25,2025-07-25,2025-07-28,2025-07-30,Sick,1
689,1247,00000000-0000-0000-0000-000000000000,2025-01-16,2025-01-16,2025-01-25,2025-02-01,Maternity/Paternity,1
690,357,00000000-0000-0000-0000-000000000000,2025-03-26,2025-03-26,2025-03-29,2025-03-29,Annual,1
691,1294,00000000-0000-0000-0000-000000000000,2025-06-30,2025-06-30,2025-07-11,2025-07-13,Sick,1
692,356,00000000-0000-0000-0000-000000000000,2025-12-14,2025-12-14,2025-12-26,2026-01-02,Annual,1
693,657,00000000-0000-0000-0000-000000000000,2025-02-15,2025-02-15,2025-02-23,2025-03-01,Annual,1
694,1074,00000000-0000-0000-0000-000000000000,2025-11-19,2025-11-19,2025-11-26,2025-11-29,Annual,1
695,156,00000000-0000-0000-0000-000000000000,2025-05-25,2025-05-25,2025-05-30,2025-06-07,Annual,1
696,246,00000000-0000-0000-0000-000000000000,2025-04-07,2025-04-07,2025-04-15,2025-04-15,Unpaid,1
697,380,00000000-0000-0000-0000-000000000000,2025-08-03,2025-08-03,2025-08-07,2025-08-14,Annual,1
698,313,00000000-0000-0000-0000-000000000000,2025-06-23,2025-06-23,2025-06-26,2025-07-03,Annual,1
699,244,00000000-0000-0000-0000-000000000000,2025-12-28,2025-12-28,2026-01-01,2026-01-03,Sick,1
700,999,00000000-0000-0000-0000-000000000000,2025-10-05,2025-10-05,2025-10-10,2025-10-14,Sick,2
701,600,00000000-0000-0000-0000-000000000000,2025-10-28,2025-10-28,2025-11-05,2025-11-12,Annual,1
702,818,00000000-0000-0000-0000-000000000000,2025-06-10,2025-06-10,2025-06-20,2025-06-29,Unpaid,1
703,1039,00000000-0000-0000-0000-000000000000,2025-03-11,2025-03-11,2025-03-24,2025-04-02,Annual,1
704,474,00000000-0000-0000-0000-000000000000,2025-08-27,2025-08-27,2025-09-01,2025-09-03,Annual,1
705,1072,00000000-0000-0000-0000-000000000000,2025-11-25,2025-11-25,2025-12-08,2025-12-16,Annual,0
706,931,00000000-0000-0000-0000-000000000000,2025-01-28,2025-01-28,2025-01-31,2025-02-07,Annual,1
707,351,00000000-0000-0000-0000-000000000000,2026-02-23,2026-02-23,2026-02-28,2026-03-06,Annual,1
708,695,00000000-0000-0000-0000-000000000000,2025-01-15,2025-01-15,2025-01-22,2025-01-29,Sick,1
709,566,00000000-0000-0000-0000-000000000000,2025-10-26,2025-10-26,2025-10-30,2025-11-04,Annual,1
710,35,00000000-0000-0000-0000-000000000000,2025-10-06,2025-10-06,2025-10-17,2025-10-17,Annual,1
711,1038,00000000-0000-0000-0000-000000000000,2025-01-17,2025-01-17,2025-01-20,2025-01-24,Sick,2
712,103,00000000-0000-0000-0000-000000000000,2025-01-19,2025-01-19,2025-01-21,2025-01-29,Annual,1
713,442,00000000-0000-0000-0000-000000000000,2025-12-28,2025-12-28,2026-01-11,2026-01-18,Annual,1
714,987,00000000-0000-0000-0000-000000000000,2026-01-29,2026-01-29,2026-02-10,2026-02-19,Annual,1
715,878,00000000-0000-0000-0000-000000000000,2025-12-12,2025-12-12,2025-12-19,2025-12-21,Sick,1
716,611,00000000-0000-0000-0000-000000000000,2025-02-16,2025-02-16,2025-02-24,2025-02-24,Annual,1
717,407,00000000-0000-0000-0000-000000000000,2025-12-02,2025-12-02,2025-12-12,2025-12-12,Annual,1
718,1249,00000000-0000-0000-0000-000000000000,2025-06-06,2025-06-06,2025-06-11,2025-06-19,Annual,1
719,990,00000000-0000-0000-0000-000000000000,2025-10-03,2025-10-03,2025-10-10,2025-10-10,Annual,1
720,1448,00000000-0000-0000-0000-000000000000,2026-02-06,2026-02-06,2026-02-16,2026-02-20,Annual,1
721,513,00000000-0000-0000-0000-000000000000,2025-11-11,2025-11-11,2025-11-23,2025-12-01,Sick,0
722,627,00000000-0000-0000-0000-000000000000,2025-06-06,2025-06-06,2025-06-17,2025-06-19,Annual,1
723,430,00000000-0000-0000-0000-000000000000,2025-09-16,2025-09-16,2025-09-20,2025-09-23,Unpaid,1
724,826,00000000-0000-0000-0000-000000000000,2025-01-03,2025-01-03,2025-01-05,2025-01-07,Annual,1
725,790,00000000-0000-0000-0000-000000000000,2026-03-25,2026-03-25,2026-04-05,2026-04-06,Annual,1
726,162,00000000-0000-0000-0000-000000000000,2026-01-09,2026-01-09,2026-01-14,2026-01-20,Annual,2
727,989,00000000-0000-0000-0000-000000000000,2025-12-09,2025-12-09,2025-12-15,2025-12-19,Annual,1
728,166,00000000-0000-0000-0000-000000000000,2025-04-07,2025-04-07,2025-04-16,2025-04-18,Annual,1
729,228,00000000-0000-0000-0000-000000000000,2025-04-06,2025-04-06,2025-04-15,2025-04-23,Annual,1
730,989,00000000-0000-0000-0000-000000000000,2025-09-06,2025-09-06,2025-09-09,2025-09-13,Unpaid,1
731,537,00000000-0000-0000-0000-000000000000,2025-01-28,2025-01-28,2025-02-08,2025-02-14,Sick,1
732,1289,00000000-0000-0000-0000-000000000000,2025-09-05,2025-09-05,2025-09-11,2025-09-18,Annual,1
733,1097,00000000-0000-0000-0000-000000000000,2026-02-24,2026-02-24,2026-02-28,2026-03-08,Sick,1
734,1195,00000000-0000-0000-0000-000000000000,2025-04-21,2025-04-21,2025-04-27,2025-04-28,Annual,1
735,467,00000000-0000-0000-0000-000000000000,2025-04-16,2025-04-16,2025-04-19,2025-04-19,Annual,1
736,94,00000000-0000-0000-0000-000000000000,2026-03-05,2026-03-05,2026-03-11,2026-03-13,Unpaid,1
737,296,00000000-0000-0000-0000-000000000000,2025-07-12,2025-07-12,2025-07-16,2025-07-20,Annual,1
738,1391,00000000-0000-0000-0000-000000000000,2025-02-14,2025-02-14,2025-02-20,2025-02-25,Maternity/Paternity,1
739,720,00000000-0000-0000-0000-000000000000,2025-05-11,2025-05-11,2025-05-22,2025-05-23,Annual,1
740,0,00000000-0000-0000-0000-000000000000,2025-12-07,2025-12-07,2025-12-15,2025-12-17,Maternity/Paternity,1
741,77,00000000-0000-0000-0000-000000000000,2026-03-15,2026-03-15,2026-03-17,2026-03-24,Sick,2
742,983,00000000-0000-0000-0000-000000000000,2025-02-27,2025-02-27,2025-03-03,2025-03-03,Sick,1
743,128,00000000-0000-0000-0000-000000000000,2025-10-28,2025-10-28,2025-11-02,2025-11-03,Sick,0
744,303,00000000-0000-0000-0000-000000000000,2025-04-08,2025-04-08,2025-04-11,2025-04-20,Annual,1
745,443,00000000-0000-0000-0000-000000000000,2026-01-18,2026-01-18,2026-01-20,2026-01-22,Annual,1
746,124,00000000-0000-0000-0000-000000000000,2025-06-29,2025-06-29,2025-07-10,2025-07-12,Annual,1
747,68,00000000-0000-0000-0000-000000000000,2025-03-09,2025-03-09,2025-03-12,2025-03-16,Annual,1
748,486,00000000-0000-0000-0000-000000000000,2025-12-28,2025-12-28,2025-12-31,2026-01-07,Sick,1
749,206,00000000-0000-0000-0000-000000000000,2026-01-22,2026-01-22,2026-01-29,2026-02-02,Unpaid,2
750,827,00000000-0000-0000-0000-000000000000,2025-02-10,2025-02-10,2025-02-23,2025-03-03,Annual,0
751,175,00000000-0000-0000-0000-000000000000,2025-07-19,2025-07-19,2025-07-31,2025-08-04,Annual,1
752,1098,00000000-0000-0000-0000-000000000000,2025-01-27,2025-01-27,2025-02-06,2025-02-13,Unpaid,1
753,1446,00000000-0000-0000-0000-000000000000,2025-10-26,2025-10-26,2025-10-28,2025-11-04,Annual,1
754,526,00000000-0000-0000-0000-000000000000,2025-01-02,2025-01-02,2025-01-16,2025-01-22,Annual,2
755,746,00000000-0000-0000-0000-000000000000,2025-11-09,2025-11-09,2025-11-18,2025-11-26,Annual,1
756,820,00000000-0000-0000-0000-000000000000,2025-06-17,2025-06-17,2025-06-26,2025-06-27,Sick,0
757,1050,00000000-0000-0000-0000-000000000000,2025-03-10,2025-03-10,2025-03-13,2025-03-22,Annual,2
758,572,00000000-0000-0000-0000-000000000000,2025-05-08,2025-05-08,2025-05-22,2025-05-22,Maternity/Paternity,1
759,365,00000000-0000-0000-0000-000000000000,2025-09-09,2025-09-09,2025-09-15,2025-09-23,Sick,1
760,485,00000000-0000-0000-0000-000000000000,2025-03-19,2025-03-19,2025-03-31,2025-04-04,Annual,1
761,369,00000000-0000-0000-0000-000000000000,2025-04-17,2025-04-17,2025-04-29,2025-05-02,Unpaid,1
762,1043,00000000-0000-0000-0000-000000000000,2025-09-22,2025-09-22,2025-09-26,2025-10-01,Annual,2
763,45,00000000-0000-0000-0000-000000000000,2025-04-05,2025-04-05,2025-04-15,2025-04-20,Annual,1
764,1106,00000000-0000-0000-0000-000000000000,2025-10-28,2025-10-28,2025-11-10,2025-11-16,Annual,1
765,393,00000000-0000-0000-0000-000000000000,2025-10-17,2025-10-17,2025-10-30,2025-11-04,Annual,0
766,203,00000000-0000-0000-0000-000000000000,2025-04-25,2025-04-25,2025-05-09,2025-05-15,Unpaid,0
767,1254,00000000-0000-0000-0000-000000000000,2025-03-16,2025-03-16,2025-03-19,2025-03-23,Annual,1
768,849,00000000-0000-0000-0000-000000000000,2025-06-09,2025-06-09,2025-06-21,2025-06-21,Annual,1
769,581,00000000-0000-0000-0000-000000000000,2025-02-26,2025-02-26,2025-03-11,2025-03-14,Sick,1
770,765,00000000-0000-0000-0000-000000000000,2026-01-01,2026-01-01,2026-01-06,2026-01-07,Unpaid,1
771,1090,00000000-0000-0000-0000-000000000000,2025-12-05,2025-12-05,2025-12-11,2025-12-18,Annual,1
772,477,00000000-0000-0000-0000-000000000000,2025-02-17,2025-02-17,2025-02-19,2025-02-24,Sick,1
773,1429,00000000-0000-0000-0000-000000000000,2025-09-25,2025-09-25,2025-10-03,2025-10-09,Annual,1
774,2,00000000-0000-0000-0000-000000000000,2025-04-23,2025-04-23,2025-05-07,2025-05-08,Annual,2
775,237,00000000-0000-0000-0000-000000000000,2025-08-28,2025-08-28,2025-09-03,2025-09-05,Annual,1
776,1285,00000000-0000-0000-0000-000000000000,2025-01-16,2025-01-16,2025-01-24,2025-01-28,Annual,1
777,841,00000000-0000-0000-0000-000000000000,2025-09-25,2025-09-25,2025-10-01,2025-10-01,Annual,1
778,903,00000000-0000-0000-0000-000000000000,2025-04-13,2025-04-13,2025-04-16,2025-04-24,Annual,1
779,792,00000000-0000-0000-0000-000000000000,2026-01-27,2026-01-27,2026-02-05,2026-02-09,Annual,1
780,341,00000000-0000-0000-0000-000000000000,2025-04-15,2025-04-15,2025-04-25,2025-05-03,Annual,1
781,335,00000000-0000-0000-0000-000000000000,2026-01-02,2026-01-02,2026-01-13,2026-01-18,Sick,1
782,993,00000000-0000-0000-0000-000000000000,2026-03-25,2026-03-25,2026-04-07,2026-04-14,Annual,1
783,1467,00000000-0000-0000-0000-000000000000,2025-04-25,2025-04-25,2025-05-03,2025-05-11,Unpaid,1
784,472,00000000-0000-0000-0000-000000000000,2026-01-27,2026-01-27,2026-02-01,2026-02-01,Annual,1
785,939,00000000-0000-0000-0000-000000000000,2025-05-13,2025-05-13,2025-05-23,2025-05-23,Annual,1
786,243,00000000-0000-0000-0000-000000000000,2025-12-03,2025-12-03,2025-12-07,2025-12-09,Unpaid,1
787,825,00000000-0000-0000-0000-000000000000,2026-02-03,2026-02-03,2026-02-07,2026-02-16,Maternity/Paternity,1
788,935,00000000-0000-0000-0000-000000000000,2025-04-13,2025-04-13,2025-04-20,2025-04-22,Annual,1
789,1101,00000000-0000-0000-0000-000000000000,2025-12-02,2025-12-02,2025-12-10,2025-12-16,Sick,1
790,1119,00000000-0000-0000-0000-000000000000,2025-06-05,2025-06-05,2025-06-10,2025-06-17,Annual,1
791,120,00000000-0000-0000-0000-000000000000,2025-08-02,2025-08-02,2025-08-16,2025-08-22,Annual,1
792,371,00000000-0000-0000-0000-000000000000,2025-05-25,2025-05-25,2025-06-04,2025-06-11,Annual,1
793,937,00000000-0000-0000-0000-000000000000,2025-04-22,2025-04-22,2025-05-05,2025-05-10,Sick,1
794,546,00000000-0000-0000-0000-000000000000,2025-11-04,2025-11-04,2025-11-15,2025-11-17,Annual,1
795,81,00000000-0000-0000-0000-000000000000,2026-03-20,2026-03-20,2026-03-30,2026-04-04,Annual,2
796,1349,00000000-0000-0000-0000-000000000000,2025-04-05,2025-04-05,2025-04-16,2025-04-23,Sick,1
797,569,00000000-0000-0000-0000-000000000000,2025-11-10,2025-11-10,2025-11-19,2025-11-28,Sick,0
798,452,00000000-0000-0000-0000-000000000000,2025-08-07,2025-08-07,2025-08-18,2025-08-19,Annual,1
799,164,00000000-0000-0000-0000-000000000000,2025-06-08,2025-06-08,2025-06-13,2025-06-18,Unpaid,1
800,588,00000000-0000-0000-0000-000000000000,2025-08-02,2025-08-02,2025-08-12,2025-08-14,Annual,1
801,696,00000000-0000-0000-0000-000000000000,2025-03-29,2025-03-29,2025-04-08,2025-04-09,Sick,1
802,1436,00000000-0000-0000-0000-000000000000,2025-07-09,2025-07-09,2025-07-18,2025-07-26,Unpaid,1
803,1284,00000000-0000-0000-0000-000000000000,2025-10-01,2025-10-01,2025-10-06,2025-10-09,Unpaid,1
804,1326,00000000-0000-0000-0000-000000000000,2025-08-31,2025-08-31,2025-09-09,2025-09-09,Annual,1
805,429,00000000-0000-0000-0000-000000000000,2025-01-05,2025-01-05,2025-01-09,2025-01-09,Annual,1
806,598,00000000-0000-0000-0000-000000000000,2025-09-15,2025-09-15,2025-09-18,2025-09-19,Annual,1
807,876,00000000-0000-0000-0000-000000000000,2025-08-29,2025-08-29,2025-09-02,2025-09-04,Annual,1
808,1161,00000000-0000-0000-0000-000000000000,2025-12-24,2025-12-24,2025-12-29,2026-01-03,Sick,1
809,41,00000000-0000-0000-0000-000000000000,2025-07-15,2025-07-15,2025-07-22,2025-07-28,Annual,1
810,353,00000000-0000-0000-0000-000000000000,2025-01-02,2025-01-02,2025-01-05,2025-01-05,Annual,1
811,1209,00000000-0000-0000-0000-000000000000,2025-11-08,2025-11-08,2025-11-16,2025-11-21,Unpaid,1
812,1181,00000000-0000-0000-0000-000000000000,2025-06-14,2025-06-14,2025-06-25,2025-06-27,Annual,1
813,301,00000000-0000-0000-0000-000000000000,2025-01-10,2025-01-10,2025-01-13,2025-01-14,Annual,1
814,290,00000000-0000-0000-0000-000000000000,2025-02-28,2025-02-28,2025-03-10,2025-03-17,Maternity/Paternity,1
815,1045,00000000-0000-0000-0000-000000000000,2026-01-30,2026-01-30,2026-02-10,2026-02-12,Annual,1
816,1010,00000000-0000-0000-0000-000000000000,2025-06-22,2025-06-22,2025-06-27,2025-07-02,Annual,1
817,618,00000000-0000-0000-0000-000000000000,2025-09-25,2025-09-25,2025-10-09,2025-10-09,Annual,1
818,898,00000000-0000-0000-0000-000000000000,2025-02-25,2025-02-25,2025-03-06,2025-03-11,Annual,1
819,267,00000000-0000-0000-0000-000000000000,2025-10-08,2025-10-08,2025-10-19,2025-10-26,Annual,1
820,58,00000000-0000-0000-0000-000000000000,2025-09-11,2025-09-11,2025-09-19,2025-09-24,Annual,1
821,359,00000000-0000-0000-0000-000000000000,2025-04-25,2025-04-25,2025-05-07,2025-05-09,Sick,2
822,255,00000000-0000-0000-0000-000000000000,2025-04-11,2025-04-11,2025-04-14,2025-04-22,Unpaid,0
823,173,00000000-0000-0000-0000-000000000000,2025-11-20,2025-11-20,2025-11-27,2025-12-02,Sick,1
824,1232,00000000-0000-0000-0000-000000000000,2025-12-26,2025-12-26,2026-01-04,2026-01-13,Annual,1
825,738,00000000-0000-0000-0000-000000000000,2025-02-18,2025-02-18,2025-02-27,2025-03-04,Sick,1
826,540,00000000-0000-0000-0000-000000000000,2025-10-05,2025-10-05,2025-10-11,2025-10-14,Annual,1
827,571,00000000-0000-0000-0000-000000000000,2025-11-13,2025-11-13,2025-11-15,2025-11-23,Annual,1
828,847,00000000-0000-0000-0000-000000000000,2025-12-06,2025-12-06,2025-12-08,2025-12-15,Sick,0
829,1433,00000000-0000-0000-0000-000000000000,2025-05-25,2025-05-25,2025-06-03,2025-06-11,Unpaid,1
830,51,00000000-0000-0000-0000-000000000000,2025-05-11,2025-05-11,2025-05-14,2025-05-22,Annual,0
831,362,00000000-0000-0000-0000-000000000000,2025-03-12,2025-03-12,2025-03-21,2025-03-22,Unpaid,1
832,1016,00000000-0000-0000-0000-000000000000,2025-05-31,2025-05-31,2025-06-06,2025-06-13,Annual,1
833,625,00000000-0000-0000-0000-000000000000,2026-01-05,2026-01-05,2026-01-18,2026-01-24,Unpaid,1
834,713,00000000-0000-0000-0000-000000000000,2025-03-29,2025-03-29,2025-04-10,2025-04-19,Sick,0
835,1064,00000000-0000-0000-0000-000000000000,2025-03-29,2025-03-29,2025-04-02,2025-04-04,Annual,1
836,286,00000000-0000-0000-0000-000000000000,2025-06-14,2025-06-14,2025-06-26,2025-06-27,Maternity/Paternity,1
837,814,00000000-0000-0000-0000-000000000000,2025-03-27,2025-03-27,2025-04-07,2025-04-10,Annual,1
838,102,00000000-0000-0000-0000-000000000000,2025-04-20,2025-04-20,2025-05-04,2025-05-07,Sick,1
839,782,00000000-0000-0000-0000-000000000000,2025-01-30,2025-01-30,2025-02-07,2025-02-07,Sick,1
840,1037,00000000-0000-0000-0000-000000000000,2026-03-21,2026-03-21,2026-03-28,2026-04-06,Annual,1
841,846,00000000-0000-0000-0000-000000000000,2025-06-08,2025-06-08,2025-06-15,2025-06-21,Annual,1
842,511,00000000-0000-0000-0000-000000000000,2026-03-11,2026-03-11,2026-03-17,2026-03-22,Annual,1
843,718,00000000-0000-0000-0000-000000000000,2025-09-29,2025-09-29,2025-10-01,2025-10-02,Annual,1
844,797,00000000-0000-0000-0000-000000000000,2025-08-03,2025-08-03,2025-08-08,2025-08-16,Annual,1
845,231,00000000-0000-0000-0000-000000000000,2025-11-03,2025-11-03,2025-11-08,2025-11-10,Sick,1
846,297,00000000-0000-0000-0000-000000000000,2025-09-23,2025-09-23,2025-10-03,2025-10-04,Annual,1
847,155,00000000-0000-0000-0000-000000000000,2025-04-23,2025-04-23,2025-05-02,2025-05-04,Sick,1
848,1243,00000000-0000-0000-0000-000000000000,2025-11-04,2025-11-04,2025-11-12,2025-11-19,Annual,1
849,375,00000000-0000-0000-0000-000000000000,2026-01-16,2026-01-16,2026-01-30,2026-02-02,Annual,1
850,1217,00000000-0000-0000-0000-000000000000,2025-10-08,2025-10-08,2025-10-17,2025-10-17,Annual,1
851,785,00000000-0000-0000-0000-000000000000,2025-11-05,2025-11-05,2025-11-07,2025-11-13,Annual,0
852,384,00000000-0000-0000-0000-000000000000,2025-09-15,2025-09-15,2025-09-22,2025-10-01,Unpaid,2
853,242,00000000-0000-0000-0000-000000000000,2025-04-02,2025-04-02,2025-04-16,2025-04-21,Annual,1
854,722,00000000-0000-0000-0000-000000000000,2025-11-19,2025-11-19,2025-11-27,2025-12-04,Annual,1
855,1258,00000000-0000-0000-0000-000000000000,2025-09-02,2025-09-02,2025-09-07,2025-09-16,Sick,1
856,734,00000000-0000-0000-0000-000000000000,2025-04-11,2025-04-11,2025-04-24,2025-05-02,Maternity/Paternity,1
857,812,00000000-0000-0000-0000-000000000000,2025-08-04,2025-08-04,2025-08-07,2025-08-14,Maternity/Paternity,2
858,600,00000000-0000-0000-0000-000000000000,2025-12-02,2025-12-02,2025-12-04,2025-12-04,Sick,0
859,747,00000000-0000-0000-0000-000000000000,2026-03-04,2026-03-04,2026-03-11,2026-03-15,Annual,1
860,368,00000000-0000-0000-0000-000000000000,2026-03-14,2026-03-14,2026-03-20,2026-03-28,Sick,2
861,745,00000000-0000-0000-0000-000000000000,2025-02-13,2025-02-13,2025-02-20,2025-02-26,Sick,1
862,947,00000000-0000-0000-0000-000000000000,2025-03-28,2025-03-28,2025-03-30,2025-04-02,Annual,1
863,1194,00000000-0000-0000-0000-000000000000,2025-02-23,2025-02-23,2025-03-02,2025-03-07,Annual,1
864,585,00000000-0000-0000-0000-000000000000,2025-07-13,2025-07-13,2025-07-23,2025-08-01,Annual,1
865,813,00000000-0000-0000-0000-000000000000,2025-09-01,2025-09-01,2025-09-05,2025-09-10,Annual,1
866,1120,00000000-0000-0000-0000-000000000000,2025-02-25,2025-02-25,2025-03-02,2025-03-09,Annual,2
867,229,00000000-0000-0000-0000-000000000000,2025-11-22,2025-11-22,2025-11-24,2025-12-02,Unpaid,1
868,353,00000000-0000-0000-0000-000000000000,2025-10-16,2025-10-16,2025-10-20,2025-10-22,Annual,1
869,220,00000000-0000-0000-0000-000000000000,2026-01-09,2026-01-09,2026-01-16,2026-01-19,Annual,1
870,442,00000000-0000-0000-0000-000000000000,2025-10-30,2025-10-30,2025-11-06,2025-11-06,Annual,1
871,447,00000000-0000-0000-0000-000000000000,2025-07-28,2025-07-28,2025-08-05,2025-08-10,Annual,1
872,376,00000000-0000-0000-0000-000000000000,2025-01-19,2025-01-19,2025-01-24,2025-01-27,Annual,1
873,1438,00000000-0000-0000-0000-000000000000,2025-05-10,2025-05-10,2025-05-13,2025-05-14,Sick,1
874,857,00000000-0000-0000-0000-000000000000,2025-12-13,2025-12-13,2025-12-23,2025-12-28,Annual,1
875,575,00000000-0000-0000-0000-000000000000,2026-01-20,2026-01-20,2026-01-25,2026-01-30,Sick,1
876,1265,00000000-0000-0000-0000-000000000000,2025-06-08,2025-06-08,2025-06-14,2025-06-23,Annual,1
877,786,00000000-0000-0000-0000-000000000000,2025-10-19,2025-10-19,2025-10-31,2025-11-02,Annual,1
878,1231,00000000-0000-0000-0000-000000000000,2025-06-23,2025-06-23,2025-06-30,2025-07-02,Annual,1
879,451,00000000-0000-0000-0000-000000000000,2025-07-16,2025-07-16,2025-07-19,2025-07-21,Annual,1
880,998,00000000-0000-0000-0000-000000000000,2025-11-11,2025-11-11,2025-11-19,2025-11-19,Annual,1
881,187,00000000-0000-0000-0000-000000000000,2025-04-12,2025-04-12,2025-04-25,2025-04-25,Unpaid,1
882,759,00000000-0000-0000-0000-000000000000,2025-06-20,2025-06-20,2025-06-28,2025-06-29,Annual,1
883,521,00000000-0000-0000-0000-000000000000,2025-11-20,2025-11-20,2025-11-23,2025-11-24,Annual,1
884,564,00000000-0000-0000-0000-000000000000,2025-11-12,2025-11-12,2025-11-16,2025-11-23,Maternity/Paternity,1
885,40,00000000-0000-0000-0000-000000000000,2025-03-05,2025-03-05,2025-03-15,2025-03-19,Annual,1
886,873,00000000-0000-0000-0000-000000000000,2025-03-29,2025-03-29,2025-04-04,2025-04-04,Annual,1
887,989,00000000-0000-0000-0000-000000000000,2025-11-07,2025-11-07,2025-11-13,2025-11-22,Annual,1
888,473,00000000-0000-0000-0000-000000000000,2025-04-13,2025-04-13,2025-04-26,2025-04-27,Sick,1
889,906,00000000-0000-0000-0000-000000000000,2026-03-20,2026-03-20,2026-03-28,2026-04-03,Annual,1
890,718,00000000-0000-0000-0000-000000000000,2026-02-23,2026-02-23,2026-03-03,2026-03-08,Annual,1
891,998,00000000-0000-0000-0000-000000000000,2025-10-08,2025-10-08,2025-10-16,2025-10-21,Annual,1
892,211,00000000-0000-0000-0000-000000000000,2025-04-18,2025-04-18,2025-04-21,2025-04-26,Annual,1
893,498,00000000-0000-0000-0000-000000000000,2025-07-06,2025-07-06,2025-07-18,2025-07-21,Annual,2
894,231,00000000-0000-0000-0000-000000000000,2026-01-18,2026-01-18,2026-01-20,2026-01-24,Annual,1
895,104,00000000-0000-0000-0000-000000000000,2025-11-02,2025-11-02,2025-11-15,2025-11-19,Annual,1
896,658,00000000-0000-0000-0000-000000000000,2025-06-03,2025-06-03,2025-06-12,2025-06-20,Sick,1
897,1213,00000000-0000-0000-0000-000000000000,2025-12-14,2025-12-14,2025-12-28,2026-01-05,Annual,1
898,574,00000000-0000-0000-0000-000000000000,2025-05-17,2025-05-17,2025-05-27,2025-05-31,Annual,1
899,309,00000000-0000-0000-0000-000000000000,2026-01-12,2026-01-12,2026-01-21,2026-01-22,Maternity/Paternity,1
900,1225,00000000-0000-0000-0000-000000000000,2025-05-16,2025-05-16,2025-05-19,2025-05-28,Annual,1
901,964,00000000-0000-0000-0000-000000000000,2025-10-13,2025-10-13,2025-10-25,2025-10-27,Annual,1
902,1409,00000000-0000-0000-0000-000000000000,2025-08-17,2025-08-17,2025-08-22,2025-08-24,Annual,1
903,344,00000000-0000-0000-0000-000000000000,2025-02-27,2025-02-27,2025-03-12,2025-03-20,Sick,1
904,1340,00000000-0000-0000-0000-000000000000,2025-03-01,2025-03-01,2025-03-14,2025-03-14,Annual,1
905,1000,00000000-0000-0000-0000-000000000000,2025-02-07,2025-02-07,2025-02-20,2025-03-01,Sick,1
906,101,00000000-0000-0000-0000-000000000000,2025-02-15,2025-02-15,2025-02-18,2025-02-23,Sick,0
907,974,00000000-0000-0000-0000-000000000000,2026-01-27,2026-01-27,2026-01-31,2026-02-03,Annual,0
908,324,00000000-0000-0000-0000-000000000000,2025-12-09,2025-12-09,2025-12-19,2025-12-20,Annual,1
909,1100,00000000-0000-0000-0000-000000000000,2025-08-19,2025-08-19,2025-09-01,2025-09-07,Annual,1
910,540,00000000-0000-0000-0000-000000000000,2025-08-13,2025-08-13,2025-08-15,2025-08-20,Annual,1
911,1467,00000000-0000-0000-0000-000000000000,2025-08-16,2025-08-16,2025-08-26,2025-08-27,Annual,1
912,694,00000000-0000-0000-0000-000000000000,2025-12-13,2025-12-13,2025-12-25,2025-12-30,Annual,1
913,959,00000000-0000-0000-0000-000000000000,2026-03-17,2026-03-17,2026-03-27,2026-03-31,Annual,1
914,196,00000000-0000-0000-0000-000000000000,2025-02-15,2025-02-15,2025-02-20,2025-02-28,Annual,1
915,603,00000000-0000-0000-0000-000000000000,2025-12-09,2025-12-09,2025-12-11,2025-12-11,Annual,1
916,1040,00000000-0000-0000-0000-000000000000,2025-05-03,2025-05-03,2025-05-08,2025-05-17,Annual,1
917,1334,00000000-0000-0000-0000-000000000000,2025-08-24,2025-08-24,2025-08-28,2025-09-03,Annual,1
918,359,00000000-0000-0000-0000-000000000000,2026-03-06,2026-03-06,2026-03-18,2026-03-25,Annual,2
919,620,00000000-0000-0000-0000-000000000000,2025-11-18,2025-11-18,2025-11-23,2025-11-27,Annual,1
920,283,00000000-0000-0000-0000-000000000000,2025-01-04,2025-01-04,2025-01-15,2025-01-15,Unpaid,1
921,1258,00000000-0000-0000-0000-000000000000,2025-02-28,2025-02-28,2025-03-08,2025-03-14,Annual,1
922,223,00000000-0000-0000-0000-000000000000,2025-09-11,2025-09-11,2025-09-25,2025-09-30,Sick,1
923,1448,00000000-0000-0000-0000-000000000000,2026-03-05,2026-03-05,2026-03-10,2026-03-11,Annual,0
924,1019,00000000-0000-0000-0000-000000000000,2025-03-09,2025-03-09,2025-03-15,2025-03-24,Sick,1
925,1399,00000000-0000-0000-0000-000000000000,2025-10-30,2025-10-30,2025-11-02,2025-11-05,Sick,1
926,697,00000000-0000-0000-0000-000000000000,2025-01-21,2025-01-21,2025-01-26,2025-02-02,Sick,0
927,1119,00000000-0000-0000-0000-000000000000,2025-12-26,2025-12-26,2026-01-03,2026-01-12,Annual,1
928,1195,00000000-0000-0000-0000-000000000000,2025-05-04,2025-05-04,2025-05-13,2025-05-16,Annual,1
929,1032,00000000-0000-0000-0000-000000000000,2026-03-21,2026-03-21,2026-03-27,2026-03-31,Annual,1
930,113,00000000-0000-0000-0000-000000000000,2025-05-02,2025-05-02,2025-05-13,2025-05-13,Annual,0
931,35,00000000-0000-0000-0000-000000000000,2025-08-03,2025-08-03,2025-08-15,2025-08-16,Annual,1
932,787,00000000-0000-0000-0000-000000000000,2025-08-15,2025-08-15,2025-08-27,2025-08-31,Annual,1
933,896,00000000-0000-0000-0000-000000000000,2025-09-28,2025-09-28,2025-10-07,2025-10-11,Sick,1
934,106,00000000-0000-0000-0000-000000000000,2025-01-17,2025-01-17,2025-01-26,2025-02-04,Annual,1
935,473,00000000-0000-0000-0000-000000000000,2025-05-15,2025-05-15,2025-05-17,2025-05-18,Annual,1
936,739,00000000-0000-0000-0000-000000000000,2025-07-14,2025-07-14,2025-07-21,2025-07-28,Annual,1
937,563,00000000-0000-0000-0000-000000000000,2025-05-10,2025-05-10,2025-05-23,2025-05-31,Sick,0
938,842,00000000-0000-0000-0000-000000000000,2025-03-08,2025-03-08,2025-03-11,2025-03-12,Sick,1
939,305,00000000-0000-0000-0000-000000000000,2025-05-29,2025-05-29,2025-06-04,2025-06-06,Annual,1
940,901,00000000-0000-0000-0000-000000000000,2026-01-13,2026-01-13,2026-01-20,2026-01-28,Annual,0
941,1123,00000000-0000-0000-0000-000000000000,2025-05-29,2025-05-29,2025-06-09,2025-06-18,Unpaid,1
942,1395,00000000-0000-0000-0000-000000000000,2026-02-01,2026-02-01,2026-02-06,2026-02-08,Annual,0
943,1278,00000000-0000-0000-0000-000000000000,2025-06-21,2025-06-21,2025-07-05,2025-07-09,Sick,1
944,1213,00000000-0000-0000-0000-000000000000,2025-02-05,2025-02-05,2025-02-18,2025-02-24,Annual,0
945,669,00000000-0000-0000-0000-000000000000,2025-10-22,2025-10-22,2025-10-26,2025-10-27,Unpaid,1
946,1010,00000000-0000-0000-0000-000000000000,2026-03-21,2026-03-21,2026-04-01,2026-04-10,Annual,1
947,81,00000000-0000-0000-0000-000000000000,2026-03-21,2026-03-21,2026-04-04,2026-04-11,Unpaid,2
948,1434,00000000-0000-0000-0000-000000000000,2026-03-01,2026-03-01,2026-03-07,2026-03-10,Unpaid,1
949,148,00000000-0000-0000-0000-000000000000,2025-02-12,2025-02-12,2025-02-26,2025-02-26,Sick,1
950,1297,00000000-0000-0000-0000-000000000000,2025-12-03,2025-12-03,2025-12-06,2025-12-08,Annual,1
951,52,00000000-0000-0000-0000-000000000000,2025-02-07,2025-02-07,2025-02-20,2025-02-20,Sick,1
952,1413,00000000-0000-0000-0000-000000000000,2025-11-14,2025-11-14,2025-11-17,2025-11-24,Annual,1
953,1069,00000000-0000-0000-0000-000000000000,2025-12-09,2025-12-09,2025-12-14,2025-12-20,Sick,0
954,1335,00000000-0000-0000-0000-000000000000,2025-07-11,2025-07-11,2025-07-19,2025-07-21,Annual,2
955,950,00000000-0000-0000-0000-000000000000,2026-01-05,2026-01-05,2026-01-17,2026-01-22,Annual,1
956,344,00000000-0000-0000-0000-000000000000,2025-09-28,2025-09-28,2025-09-30,2025-10-04,Sick,1
957,1231,00000000-0000-0000-0000-000000000000,2025-02-03,2025-02-03,2025-02-17,2025-02-17,Annual,1
958,1394,00000000-0000-0000-0000-000000000000,2025-02-17,2025-02-17,2025-03-02,2025-03-09,Sick,0
959,1269,00000000-0000-0000-0000-000000000000,2026-01-20,2026-01-20,2026-02-02,2026-02-05,Sick,0
960,296,00000000-0000-0000-0000-000000000000,2025-07-27,2025-07-27,2025-07-30,2025-07-31,Unpaid,1
961,1114,00000000-0000-0000-0000-000000000000,2025-03-03,2025-03-03,2025-03-14,2025-03-15,Maternity/Paternity,1
962,1361,00000000-0000-0000-0000-000000000000,2025-02-17,2025-02-17,2025-02-28,2025-02-28,Maternity/Paternity,0
963,1150,00000000-0000-0000-0000-000000000000,2025-10-06,2025-10-06,2025-10-11,2025-10-11,Sick,1
964,755,00000000-0000-0000-0000-000000000000,2025-03-16,2025-03-16,2025-03-24,2025-03-24,Annual,0
965,1426,00000000-0000-0000-0000-000000000000,2026-02-20,2026-02-20,2026-02-28,2026-03-06,Sick,1
966,637,00000000-0000-0000-0000-000000000000,2026-01-31,2026-01-31,2026-02-09,2026-02-12,Annual,1
967,1246,00000000-0000-0000-0000-000000000000,2026-02-11,2026-02-11,2026-02-13,2026-02-13,Annual,1
968,1151,00000000-0000-0000-0000-000000000000,2025-07-06,2025-07-06,2025-07-13,2025-07-22,Annual,0
969,979,00000000-0000-0000-0000-000000000000,2025-09-03,2025-09-03,2025-09-11,2025-09-17,Annual,1
970,176,00000000-0000-0000-0000-000000000000,2026-02-03,2026-02-03,2026-02-15,2026-02-16,Annual,0
971,534,00000000-0000-0000-0000-000000000000,2025-01-29,2025-01-29,2025-02-02,2025-02-03,Unpaid,1
972,618,00000000-0000-0000-0000-000000000000,2025-08-31,2025-08-31,2025-09-04,2025-09-04,Sick,1
973,407,00000000-0000-0000-0000-000000000000,2025-04-29,2025-04-29,2025-05-11,2025-05-15,Unpaid,1
974,1446,00000000-0000-0000-0000-000000000000,2025-10-08,2025-10-08,2025-10-17,2025-10-25,Annual,1
975,849,00000000-0000-0000-0000-000000000000,2025-11-27,2025-11-27,2025-12-02,2025-12-06,Annual,1
976,1350,00000000-0000-0000-0000-000000000000,2025-11-11,2025-11-11,2025-11-16,2025-11-22,Annual,1
977,283,00000000-0000-0000-0000-000000000000,2026-01-03,2026-01-03,2026-01-05,2026-01-06,Annual,1
978,1281,00000000-0000-0000-0000-000000000000,2025-08-20,2025-08-20,2025-09-01,2025-09-08,Sick,1
979,1073,00000000-0000-0000-0000-000000000000,2025-07-04,2025-07-04,2025-07-15,2025-07-19,Annual,1
980,1026,00000000-0000-0000-0000-000000000000,2025-03-02,2025-03-02,2025-03-14,2025-03-16,Unpaid,1
981,1341,00000000-0000-0000-0000-000000000000,2026-01-23,2026-01-23,2026-01-29,2026-01-29,Maternity/Paternity,1
982,21,00000000-0000-0000-0000-000000000000,2025-07-16,2025-07-16,2025-07-25,2025-07-29,Sick,1
983,533,00000000-0000-0000-0000-000000000000,2025-05-18,2025-05-18,2025-05-30,2025-06-04,Sick,1
984,310,00000000-0000-0000-0000-000000000000,2025-05-10,2025-05-10,2025-05-16,2025-05-20,Sick,0
985,1287,00000000-0000-0000-0000-000000000000,2026-03-24,2026-03-24,2026-04-01,2026-04-05,Sick,1
986,376,00000000-0000-0000-0000-000000000000,2025-01-13,2025-01-13,2025-01-21,2025-01-25,Annual,1
987,142,00000000-0000-0000-0000-000000000000,2025-10-10,2025-10-10,2025-10-13,2025-10-13,Annual,0
988,277,00000000-0000-0000-0000-000000000000,2025-03-24,2025-03-24,2025-03-31,2025-04-01,Sick,1
989,1176,00000000-0000-0000-0000-000000000000,2026-02-24,2026-02-24,2026-02-28,2026-03-02,Annual,0
990,369,00000000-0000-0000-0000-000000000000,2026-03-20,2026-03-20,2026-03-24,2026-03-31,Annual,1
991,1264,00000000-0000-0000-0000-000000000000,2025-08-11,2025-08-11,2025-08-20,2025-08-27,Annual,1
992,690,00000000-0000-0000-0000-000000000000,2025-10-27,2025-10-27,2025-10-29,2025-10-29,Annual,1
993,281,00000000-0000-0000-0000-000000000000,2026-03-23,2026-03-23,2026-04-01,2026-04-06,Maternity/Paternity,1
994,1435,00000000-0000-0000-0000-000000000000,2025-12-09,2025-12-09,2025-12-20,2025-12-26,Annual,1
995,1103,00000000-0000-0000-0000-000000000000,2025-09-02,2025-09-02,2025-09-15,2025-09-15,Annual,1
996,974,00000000-0000-0000-0000-000000000000,2026-01-05,2026-01-05,2026-01-18,2026-01-26,Annual,0
997,737,00000000-0000-0000-0000-000000000000,2025-04-20,2025-04-20,2025-05-03,2025-05-09,Annual,1
998,131,00000000-0000-0000-0000-000000000000,2025-05-25,2025-05-25,2025-06-04,2025-06-11,Annual,1
999,941,00000000-0000-0000-0000-000000000000,2025-09-26,2025-09-26,2025-10-01,2025-10-02,Unpaid,1
1000,446,00000000-0000-0000-0000-000000000000,2025-03-21,2025-03-21,2025-03-25,2025-03-25,Sick,1
1001,215,00000000-0000-0000-0000-000000000000,2025-09-01,2025-09-01,2025-09-09,2025-09-14,Sick,1
1002,1350,00000000-0000-0000-0000-000000000000,2025-07-12,2025-07-12,2025-07-17,2025-07-17,Annual,1
1003,1006,00000000-0000-0000-0000-000000000000,2026-01-30,2026-01-30,2026-02-07,2026-02-13,Maternity/Paternity,1
1004,267,00000000-0000-0000-0000-000000000000,2025-11-09,2025-11-09,2025-11-23,2025-11-26,Sick,1
1005,923,00000000-0000-0000-0000-000000000000,2026-02-25,2026-02-25,2026-03-04,2026-03-13,Annual,1
1006,674,00000000-0000-0000-0000-000000000000,2025-09-16,2025-09-16,2025-09-30,2025-10-04,Annual,1
1007,808,00000000-0000-0000-0000-000000000000,2025-08-27,2025-08-27,2025-09-04,2025-09-05,Annual,1
1008,1298,00000000-0000-0000-0000-000000000000,2026-02-01,2026-02-01,2026-02-09,2026-02-13,Annual,1
1009,1025,00000000-0000-0000-0000-000000000000,2025-04-07,2025-04-07,2025-04-11,2025-04-16,Annual,1
1010,230,00000000-0000-0000-0000-000000000000,2025-08-05,2025-08-05,2025-08-12,2025-08-19,Annual,1
1011,67,00000000-0000-0000-0000-000000000000,2025-04-01,2025-04-01,2025-04-14,2025-04-21,Annual,1
1012,612,00000000-0000-0000-0000-000000000000,2026-02-19,2026-02-19,2026-03-05,2026-03-11,Sick,1
1013,831,00000000-0000-0000-0000-000000000000,2025-09-26,2025-09-26,2025-10-05,2025-10-09,Unpaid,2
1014,1026,00000000-0000-0000-0000-000000000000,2025-02-13,2025-02-13,2025-02-25,2025-03-03,Annual,1
1015,1268,00000000-0000-0000-0000-000000000000,2026-03-07,2026-03-07,2026-03-17,2026-03-24,Sick,0
1016,746,00000000-0000-0000-0000-000000000000,2025-08-25,2025-08-25,2025-08-27,2025-08-31,Sick,1
1017,506,00000000-0000-0000-0000-000000000000,2026-02-08,2026-02-08,2026-02-22,2026-02-22,Annual,2
1018,661,00000000-0000-0000-0000-000000000000,2025-12-27,2025-12-27,2025-12-30,2026-01-04,Annual,1
1019,954,00000000-0000-0000-0000-000000000000,2025-12-10,2025-12-10,2025-12-14,2025-12-20,Annual,1
1020,375,00000000-0000-0000-0000-000000000000,2026-01-18,2026-01-18,2026-01-20,2026-01-20,Annual,1
1021,1160,00000000-0000-0000-0000-000000000000,2025-10-01,2025-10-01,2025-10-12,2025-10-21,Annual,1
1022,513,00000000-0000-0000-0000-000000000000,2025-07-05,2025-07-05,2025-07-19,2025-07-26,Sick,1
1023,1388,00000000-0000-0000-0000-000000000000,2025-04-17,2025-04-17,2025-04-22,2025-04-29,Sick,1
1024,92,00000000-0000-0000-0000-000000000000,2025-07-07,2025-07-07,2025-07-12,2025-07-13,Annual,1
1025,115,00000000-0000-0000-0000-000000000000,2025-07-08,2025-07-08,2025-07-11,2025-07-13,Annual,1
1026,291,00000000-0000-0000-0000-000000000000,2026-03-02,2026-03-02,2026-03-10,2026-03-19,Unpaid,1
1027,111,00000000-0000-0000-0000-000000000000,2025-11-18,2025-11-18,2025-11-27,2025-12-03,Sick,0
1028,150,00000000-0000-0000-0000-000000000000,2025-01-06,2025-01-06,2025-01-10,2025-01-17,Annual,1
1029,543,00000000-0000-0000-0000-000000000000,2025-10-14,2025-10-14,2025-10-28,2025-11-05,Sick,1
1030,692,00000000-0000-0000-0000-000000000000,2025-05-19,2025-05-19,2025-05-31,2025-06-07,Sick,1
1031,1107,00000000-0000-0000-0000-000000000000,2025-06-24,2025-06-24,2025-07-01,2025-07-09,Unpaid,1
1032,128,00000000-0000-0000-0000-000000000000,2025-06-14,2025-06-14,2025-06-24,2025-06-30,Sick,1
1033,487,00000000-0000-0000-0000-000000000000,2025-08-18,2025-08-18,2025-08-26,2025-09-04,Annual,1
1034,1407,00000000-0000-0000-0000-000000000000,2025-03-10,2025-03-10,2025-03-17,2025-03-22,Annual,1
1035,264,00000000-0000-0000-0000-000000000000,2025-07-09,2025-07-09,2025-07-15,2025-07-22,Sick,0
1036,873,00000000-0000-0000-0000-000000000000,2026-02-01,2026-02-01,2026-02-10,2026-02-19,Annual,1
1037,949,00000000-0000-0000-0000-000000000000,2025-06-11,2025-06-11,2025-06-17,2025-06-24,Maternity/Paternity,1
1038,413,00000000-0000-0000-0000-000000000000,2025-08-17,2025-08-17,2025-08-21,2025-08-30,Annual,1
1039,1239,00000000-0000-0000-0000-000000000000,2025-07-21,2025-07-21,2025-07-24,2025-07-30,Annual,1
1040,746,00000000-0000-0000-0000-000000000000,2026-03-08,2026-03-08,2026-03-17,2026-03-21,Annual,1
1041,1254,00000000-0000-0000-0000-000000000000,2025-09-23,2025-09-23,2025-10-07,2025-10-08,Annual,1
1042,1322,00000000-0000-0000-0000-000000000000,2025-09-04,2025-09-04,2025-09-12,2025-09-19,Annual,1
1043,404,00000000-0000-0000-0000-000000000000,2025-08-18,2025-08-18,2025-08-22,2025-08-30,Sick,1
1044,137,00000000-0000-0000-0000-000000000000,2025-01-19,2025-01-19,2025-01-31,2025-02-04,Annual,1
1045,461,00000000-0000-0000-0000-000000000000,2025-08-05,2025-08-05,2025-08-16,2025-08-18,Annual,1
1046,435,00000000-0000-0000-0000-000000000000,2025-08-04,2025-08-04,2025-08-17,2025-08-24,Unpaid,1
1047,1317,00000000-0000-0000-0000-000000000000,2025-04-16,2025-04-16,2025-04-23,2025-04-28,Annual,1
1048,117,00000000-0000-0000-0000-000000000000,2025-04-27,2025-04-27,2025-05-02,2025-05-09,Sick,1
1049,1138,00000000-0000-0000-0000-000000000000,2025-07-08,2025-07-08,2025-07-18,2025-07-21,Annual,1
1050,914,00000000-0000-0000-0000-000000000000,2025-03-19,2025-03-19,2025-03-28,2025-04-04,Maternity/Paternity,1
1051,913,00000000-0000-0000-0000-000000000000,2026-02-25,2026-02-25,2026-03-11,2026-03-14,Annual,1
1052,1137,00000000-0000-0000-0000-000000000000,2025-04-13,2025-04-13,2025-04-24,2025-05-01,Annual,1
1053,1155,00000000-0000-0000-0000-000000000000,2025-11-29,2025-11-29,2025-12-09,2025-12-17,Annual,1
1054,1415,00000000-0000-0000-0000-000000000000,2026-01-10,2026-01-10,2026-01-16,2026-01-23,Annual,1
1055,431,00000000-0000-0000-0000-000000000000,2025-10-25,2025-10-25,2025-11-01,2025-11-04,Annual,1
1056,1053,00000000-0000-0000-0000-000000000000,2025-11-19,2025-11-19,2025-11-30,2025-12-03,Annual,1
1057,483,00000000-0000-0000-0000-000000000000,2026-01-04,2026-01-04,2026-01-12,2026-01-15,Annual,1
1058,1344,00000000-0000-0000-0000-000000000000,2026-03-12,2026-03-12,2026-03-25,2026-04-03,Annual,2
1059,899,00000000-0000-0000-0000-000000000000,2025-03-14,2025-03-14,2025-03-20,2025-03-25,Annual,1
1060,286,00000000-0000-0000-0000-000000000000,2025-09-22,2025-09-22,2025-10-02,2025-10-05,Sick,1
1061,389,00000000-0000-0000-0000-000000000000,2025-08-03,2025-08-03,2025-08-15,2025-08-17,Sick,1
1062,536,00000000-0000-0000-0000-000000000000,2025-11-20,2025-11-20,2025-12-01,2025-12-10,Annual,1
1063,472,00000000-0000-0000-0000-000000000000,2025-11-22,2025-11-22,2025-12-05,2025-12-13,Annual,2
1064,620,00000000-0000-0000-0000-000000000000,2026-01-23,2026-01-23,2026-02-04,2026-02-05,Annual,1
1065,92,00000000-0000-0000-0000-000000000000,2026-02-28,2026-02-28,2026-03-14,2026-03-14,Maternity/Paternity,1
1066,329,00000000-0000-0000-0000-000000000000,2025-04-09,2025-04-09,2025-04-23,2025-05-02,Maternity/Paternity,1
1067,1452,00000000-0000-0000-0000-000000000000,2025-10-04,2025-10-04,2025-10-07,2025-10-10,Annual,1
1068,279,00000000-0000-0000-0000-000000000000,2025-07-25,2025-07-25,2025-07-31,2025-08-06,Annual,1
1069,1303,00000000-0000-0000-0000-000000000000,2025-11-05,2025-11-05,2025-11-15,2025-11-21,Annual,1
1070,503,00000000-0000-0000-0000-000000000000,2025-11-28,2025-11-28,2025-12-08,2025-12-08,Sick,0
1071,83,00000000-0000-0000-0000-000000000000,2025-01-15,2025-01-15,2025-01-28,2025-02-06,Annual,1
1072,311,00000000-0000-0000-0000-000000000000,2025-09-14,2025-09-14,2025-09-28,2025-09-30,Annual,1
1073,762,00000000-0000-0000-0000-000000000000,2025-10-17,2025-10-17,2025-10-22,2025-10-24,Annual,1
1074,192,00000000-0000-0000-0000-000000000000,2025-09-16,2025-09-16,2025-09-26,2025-10-03,Sick,1
1075,425,00000000-0000-0000-0000-000000000000,2025-06-06,2025-06-06,2025-06-08,2025-06-14,Sick,1
1076,1181,00000000-0000-0000-0000-000000000000,2025-06-15,2025-06-15,2025-06-20,2025-06-20,Annual,1
1077,360,00000000-0000-0000-0000-000000000000,2025-11-26,2025-11-26,2025-12-10,2025-12-19,Annual,2
1078,1206,00000000-0000-0000-0000-000000000000,2025-09-18,2025-09-18,2025-09-23,2025-10-02,Annual,1
1079,889,00000000-0000-0000-0000-000000000000,2025-11-19,2025-11-19,2025-11-27,2025-12-02,Sick,1
1080,1281,00000000-0000-0000-0000-000000000000,2026-01-19,2026-01-19,2026-01-22,2026-01-26,Annual,2
1081,1176,00000000-0000-0000-0000-000000000000,2025-04-20,2025-04-20,2025-05-03,2025-05-03,Annual,1
1082,1302,00000000-0000-0000-0000-000000000000,2025-07-07,2025-07-07,2025-07-15,2025-07-24,Annual,1
1083,292,00000000-0000-0000-0000-000000000000,2025-01-21,2025-01-21,2025-02-04,2025-02-13,Annual,1
1084,185,00000000-0000-0000-0000-000000000000,2025-08-27,2025-08-27,2025-09-10,2025-09-19,Unpaid,1
1085,687,00000000-0000-0000-0000-000000000000,2025-11-15,2025-11-15,2025-11-22,2025-11-25,Annual,1
1086,85,00000000-0000-0000-0000-000000000000,2025-09-17,2025-09-17,2025-09-28,2025-10-07,Annual,1
1087,361,00000000-0000-0000-0000-000000000000,2026-02-16,2026-02-16,2026-02-28,2026-03-02,Annual,1
1088,968,00000000-0000-0000-0000-000000000000,2025-04-14,2025-04-14,2025-04-18,2025-04-20,Maternity/Paternity,1
1089,751,00000000-0000-0000-0000-000000000000,2025-10-27,2025-10-27,2025-11-09,2025-11-11,Annual,1
1090,180,00000000-0000-0000-0000-000000000000,2026-03-13,2026-03-13,2026-03-16,2026-03-22,Annual,1
1091,975,00000000-0000-0000-0000-000000000000,2025-05-05,2025-05-05,2025-05-07,2025-05-15,Annual,1
1092,1154,00000000-0000-0000-0000-000000000000,2026-02-22,2026-02-22,2026-02-24,2026-02-27,Unpaid,1
1093,415,00000000-0000-0000-0000-000000000000,2026-01-17,2026-01-17,2026-01-19,2026-01-23,Annual,0
1094,733,00000000-0000-0000-0000-000000000000,2026-02-06,2026-02-06,2026-02-11,2026-02-11,Annual,1
1095,350,00000000-0000-0000-0000-000000000000,2025-12-06,2025-12-06,2025-12-18,2025-12-24,Annual,2
1096,1053,00000000-0000-0000-0000-000000000000,2026-03-12,2026-03-12,2026-03-26,2026-03-29,Sick,1
1097,525,00000000-0000-0000-0000-000000000000,2025-04-16,2025-04-16,2025-04-21,2025-04-23,Annual,1
1098,851,00000000-0000-0000-0000-000000000000,2025-05-07,2025-05-07,2025-05-21,2025-05-24,Annual,1
1099,116,00000000-0000-0000-0000-000000000000,2026-02-05,2026-02-05,2026-02-19,2026-02-23,Annual,0
1100,723,00000000-0000-0000-0000-000000000000,2025-03-05,2025-03-05,2025-03-13,2025-03-14,Annual,0
1101,815,00000000-0000-0000-0000-000000000000,2026-03-15,2026-03-15,2026-03-21,2026-03-21,Unpaid,1
1102,1269,00000000-0000-0000-0000-000000000000,2025-02-06,2025-02-06,2025-02-18,2025-02-19,Unpaid,1
1103,1012,00000000-0000-0000-0000-000000000000,2025-07-02,2025-07-02,2025-07-15,2025-07-15,Sick,1
1104,1269,00000000-0000-0000-0000-000000000000,2025-05-24,2025-05-24,2025-06-04,2025-06-08,Annual,1
1105,392,00000000-0000-0000-0000-000000000000,2025-03-10,2025-03-10,2025-03-16,2025-03-17,Sick,1
1106,788,00000000-0000-0000-0000-000000000000,2026-01-20,2026-01-20,2026-02-01,2026-02-05,Annual,1
1107,311,00000000-0000-0000-0000-000000000000,2025-11-19,2025-11-19,2025-11-29,2025-12-02,Unpaid,1
1108,333,00000000-0000-0000-0000-000000000000,2025-06-03,2025-06-03,2025-06-11,2025-06-14,Unpaid,2
1109,369,00000000-0000-0000-0000-000000000000,2025-01-13,2025-01-13,2025-01-27,2025-02-05,Sick,1
1110,124,00000000-0000-0000-0000-000000000000,2025-09-20,2025-09-20,2025-09-28,2025-09-29,Annual,1
1111,696,00000000-0000-0000-0000-000000000000,2026-03-27,2026-03-27,2026-04-08,2026-04-11,Sick,1
1112,957,00000000-0000-0000-0000-000000000000,2025-11-28,2025-11-28,2025-11-30,2025-12-07,Annual,1
1113,963,00000000-0000-0000-0000-000000000000,2025-11-10,2025-11-10,2025-11-15,2025-11-17,Sick,1
1114,1234,00000000-0000-0000-0000-000000000000,2025-02-12,2025-02-12,2025-02-19,2025-02-24,Annual,0
1115,734,00000000-0000-0000-0000-000000000000,2025-03-08,2025-03-08,2025-03-11,2025-03-19,Sick,1
1116,1082,00000000-0000-0000-0000-000000000000,2025-11-12,2025-11-12,2025-11-14,2025-11-16,Annual,1
1117,1272,00000000-0000-0000-0000-000000000000,2025-11-09,2025-11-09,2025-11-12,2025-11-14,Sick,1
1118,421,00000000-0000-0000-0000-000000000000,2025-04-19,2025-04-19,2025-04-26,2025-04-28,Annual,1
1119,680,00000000-0000-0000-0000-000000000000,2025-04-04,2025-04-04,2025-04-06,2025-04-09,Annual,1
1120,994,00000000-0000-0000-0000-000000000000,2025-12-14,2025-12-14,2025-12-26,2025-12-31,Sick,1
1121,196,00000000-0000-0000-0000-000000000000,2025-04-01,2025-04-01,2025-04-14,2025-04-21,Annual,1
1122,1302,00000000-0000-0000-0000-000000000000,2025-03-28,2025-03-28,2025-04-05,2025-04-14,Annual,1
1123,1134,00000000-0000-0000-0000-000000000000,2025-11-01,2025-11-01,2025-11-08,2025-11-14,Annual,1
1124,813,00000000-0000-0000-0000-000000000000,2026-03-01,2026-03-01,2026-03-12,2026-03-16,Annual,1
1125,695,00000000-0000-0000-0000-000000000000,2025-01-07,2025-01-07,2025-01-21,2025-01-30,Annual,1
1126,506,00000000-0000-0000-0000-000000000000,2025-11-04,2025-11-04,2025-11-17,2025-11-21,Annual,1
1127,671,00000000-0000-0000-0000-000000000000,2025-07-21,2025-07-21,2025-08-03,2025-08-07,Annual,0
1128,1026,00000000-0000-0000-0000-000000000000,2025-01-22,2025-01-22,2025-01-30,2025-02-07,Annual,1
1129,727,00000000-0000-0000-0000-000000000000,2025-03-12,2025-03-12,2025-03-17,2025-03-26,Annual,0
1130,515,00000000-0000-0000-0000-000000000000,2025-05-01,2025-05-01,2025-05-14,2025-05-14,Maternity/Paternity,1
1131,8,00000000-0000-0000-0000-000000000000,2026-03-10,2026-03-10,2026-03-21,2026-03-25,Sick,1
1132,172,00000000-0000-0000-0000-000000000000,2025-03-30,2025-03-30,2025-04-13,2025-04-14,Maternity/Paternity,1
1133,375,00000000-0000-0000-0000-000000000000,2025-01-01,2025-01-01,2025-01-13,2025-01-20,Annual,1
1134,95,00000000-0000-0000-0000-000000000000,2026-01-12,2026-01-12,2026-01-17,2026-01-19,Annual,1
1135,584,00000000-0000-0000-0000-000000000000,2026-02-28,2026-02-28,2026-03-11,2026-03-16,Annual,1
1136,864,00000000-0000-0000-0000-000000000000,2025-09-07,2025-09-07,2025-09-21,2025-09-27,Sick,0
1137,555,00000000-0000-0000-0000-000000000000,2025-09-30,2025-09-30,2025-10-02,2025-10-07,Annual,2
1138,682,00000000-0000-0000-0000-000000000000,2025-12-22,2025-12-22,2025-12-27,2026-01-02,Annual,1
1139,32,00000000-0000-0000-0000-000000000000,2025-05-30,2025-05-30,2025-06-10,2025-06-13,Maternity/Paternity,1
1140,797,00000000-0000-0000-0000-000000000000,2025-11-22,2025-11-22,2025-12-05,2025-12-06,Annual,1
1141,153,00000000-0000-0000-0000-000000000000,2025-12-28,2025-12-28,2026-01-11,2026-01-12,Annual,1
1142,1240,00000000-0000-0000-0000-000000000000,2025-05-11,2025-05-11,2025-05-22,2025-05-31,Annual,1
1143,663,00000000-0000-0000-0000-000000000000,2026-01-16,2026-01-16,2026-01-29,2026-02-02,Annual,0
1144,7,00000000-0000-0000-0000-000000000000,2025-06-04,2025-06-04,2025-06-13,2025-06-15,Annual,1
1145,1235,00000000-0000-0000-0000-000000000000,2025-08-23,2025-08-23,2025-08-26,2025-08-30,Annual,1
1146,347,00000000-0000-0000-0000-000000000000,2025-02-16,2025-02-16,2025-02-26,2025-03-03,Annual,1
1147,774,00000000-0000-0000-0000-000000000000,2025-03-28,2025-03-28,2025-04-09,2025-04-12,Sick,1
1148,205,00000000-0000-0000-0000-000000000000,2026-01-10,2026-01-10,2026-01-21,2026-01-28,Unpaid,1
1149,51,00000000-0000-0000-0000-000000000000,2026-01-24,2026-01-24,2026-02-07,2026-02-07,Maternity/Paternity,1
1150,551,00000000-0000-0000-0000-000000000000,2026-03-09,2026-03-09,2026-03-12,2026-03-15,Annual,1
1151,1466,00000000-0000-0000-0000-000000000000,2025-05-17,2025-05-17,2025-05-29,2025-06-05,Sick,1
1152,469,00000000-0000-0000-0000-000000000000,2025-09-20,2025-09-20,2025-10-01,2025-10-01,Annual,1
1153,211,00000000-0000-0000-0000-000000000000,2025-03-02,2025-03-02,2025-03-09,2025-03-17,Maternity/Paternity,1
1154,854,00000000-0000-0000-0000-000000000000,2026-01-21,2026-01-21,2026-01-29,2026-02-03,Annual,1
1155,330,00000000-0000-0000-0000-000000000000,2025-05-04,2025-05-04,2025-05-17,2025-05-25,Annual,1
1156,416,00000000-0000-0000-0000-000000000000,2025-09-15,2025-09-15,2025-09-24,2025-09-24,Maternity/Paternity,1
1157,202,00000000-0000-0000-0000-000000000000,2025-03-26,2025-03-26,2025-04-09,2025-04-17,Annual,1
1158,1390,00000000-0000-0000-0000-000000000000,2026-01-27,2026-01-27,2026-02-05,2026-02-09,Annual,1
1159,296,00000000-0000-0000-0000-000000000000,2025-12-23,2025-12-23,2025-12-27,2025-12-31,Annual,1
1160,1256,00000000-0000-0000-0000-000000000000,2025-08-30,2025-08-30,2025-09-06,2025-09-10,Annual,1
1161,1077,00000000-0000-0000-0000-000000000000,2025-06-04,2025-06-04,2025-06-09,2025-06-14,Annual,1
1162,1367,00000000-0000-0000-0000-000000000000,2025-06-12,2025-06-12,2025-06-23,2025-06-29,Unpaid,1
1163,758,00000000-0000-0000-0000-000000000000,2026-03-14,2026-03-14,2026-03-24,2026-04-01,Unpaid,0
1164,721,00000000-0000-0000-0000-000000000000,2025-01-12,2025-01-12,2025-01-20,2025-01-22,Annual,1
1165,622,00000000-0000-0000-0000-000000000000,2025-05-31,2025-05-31,2025-06-14,2025-06-23,Annual,1
1166,803,00000000-0000-0000-0000-000000000000,2025-09-13,2025-09-13,2025-09-15,2025-09-24,Sick,0
1167,403,00000000-0000-0000-0000-000000000000,2025-10-01,2025-10-01,2025-10-15,2025-10-22,Maternity/Paternity,1
1168,1447,00000000-0000-0000-0000-000000000000,2025-07-14,2025-07-14,2025-07-27,2025-08-01,Annual,1
1169,312,00000000-0000-0000-0000-000000000000,2025-07-12,2025-07-12,2025-07-14,2025-07-23,Unpaid,1
1170,1451,00000000-0000-0000-0000-000000000000,2025-01-23,2025-01-23,2025-02-04,2025-02-11,Annual,1
1171,212,00000000-0000-0000-0000-000000000000,2025-06-20,2025-06-20,2025-06-26,2025-07-02,Annual,1
1172,474,00000000-0000-0000-0000-000000000000,2026-03-17,2026-03-17,2026-03-21,2026-03-26,Sick,1
1173,236,00000000-0000-0000-0000-000000000000,2026-03-14,2026-03-14,2026-03-22,2026-03-27,Sick,1
1174,957,00000000-0000-0000-0000-000000000000,2026-03-15,2026-03-15,2026-03-29,2026-03-30,Annual,1
1175,564,00000000-0000-0000-0000-000000000000,2025-09-14,2025-09-14,2025-09-27,2025-09-29,Annual,1
1176,1219,00000000-0000-0000-0000-000000000000,2025-09-10,2025-09-10,2025-09-16,2025-09-18,Annual,1
1177,1290,00000000-0000-0000-0000-000000000000,2025-07-21,2025-07-21,2025-07-25,2025-08-02,Sick,1
1178,762,00000000-0000-0000-0000-000000000000,2025-12-06,2025-12-06,2025-12-16,2025-12-24,Annual,1
1179,1192,00000000-0000-0000-0000-000000000000,2025-06-09,2025-06-09,2025-06-17,2025-06-24,Sick,1
1180,449,00000000-0000-0000-0000-000000000000,2025-09-18,2025-09-18,2025-10-01,2025-10-07,Annual,1
1181,822,00000000-0000-0000-0000-000000000000,2025-10-28,2025-10-28,2025-11-01,2025-11-07,Annual,1
1182,1034,00000000-0000-0000-0000-000000000000,2026-02-04,2026-02-04,2026-02-09,2026-02-15,Annual,1
1183,1394,00000000-0000-0000-0000-000000000000,2025-10-10,2025-10-10,2025-10-18,2025-10-27,Annual,1
1184,229,00000000-0000-0000-0000-000000000000,2026-01-29,2026-01-29,2026-02-04,2026-02-08,Sick,1
1185,765,00000000-0000-0000-0000-000000000000,2025-03-11,2025-03-11,2025-03-15,2025-03-22,Annual,1
1186,1129,00000000-0000-0000-0000-000000000000,2025-02-27,2025-02-27,2025-03-02,2025-03-09,Annual,1
1187,772,00000000-0000-0000-0000-000000000000,2025-09-13,2025-09-13,2025-09-22,2025-09-27,Unpaid,1
1188,476,00000000-0000-0000-0000-000000000000,2026-02-06,2026-02-06,2026-02-13,2026-02-18,Annual,1
1189,1111,00000000-0000-0000-0000-000000000000,2025-06-09,2025-06-09,2025-06-17,2025-06-24,Annual,1
1190,674,00000000-0000-0000-0000-000000000000,2025-02-12,2025-02-12,2025-02-14,2025-02-19,Annual,2
1191,520,00000000-0000-0000-0000-000000000000,2025-05-13,2025-05-13,2025-05-15,2025-05-20,Annual,1
1192,296,00000000-0000-0000-0000-000000000000,2025-11-24,2025-11-24,2025-11-26,2025-12-02,Annual,1
1193,19,00000000-0000-0000-0000-000000000000,2025-05-07,2025-05-07,2025-05-21,2025-05-22,Annual,1
1194,908,00000000-0000-0000-0000-000000000000,2025-04-01,2025-04-01,2025-04-06,2025-04-10,Annual,1
1195,657,00000000-0000-0000-0000-000000000000,2026-01-27,2026-01-27,2026-02-06,2026-02-12,Annual,1
1196,1188,00000000-0000-0000-0000-000000000000,2025-06-16,2025-06-16,2025-06-29,2025-07-05,Annual,1
1197,1305,00000000-0000-0000-0000-000000000000,2025-09-20,2025-09-20,2025-09-29,2025-10-03,Maternity/Paternity,1
1198,710,00000000-0000-0000-0000-000000000000,2025-06-25,2025-06-25,2025-07-09,2025-07-14,Maternity/Paternity,1
1199,1458,00000000-0000-0000-0000-000000000000,2025-10-30,2025-10-30,2025-11-05,2025-11-10,Annual,1
1200,629,00000000-0000-0000-0000-000000000000,2025-01-12,2025-01-12,2025-01-16,2025-01-16,Sick,0
1201,104,00000000-0000-0000-0000-000000000000,2025-02-03,2025-02-03,2025-02-05,2025-02-06,Annual,1
1202,1462,00000000-0000-0000-0000-000000000000,2025-04-01,2025-04-01,2025-04-06,2025-04-06,Annual,1
1203,101,00000000-0000-0000-0000-000000000000,2025-09-07,2025-09-07,2025-09-21,2025-09-28,Sick,1
1204,1248,00000000-0000-0000-0000-000000000000,2025-09-10,2025-09-10,2025-09-19,2025-09-22,Annual,1
1205,590,00000000-0000-0000-0000-000000000000,2025-09-15,2025-09-15,2025-09-22,2025-09-27,Annual,1
1206,523,00000000-0000-0000-0000-000000000000,2025-11-27,2025-11-27,2025-12-11,2025-12-16,Annual,1
1207,1046,00000000-0000-0000-0000-000000000000,2025-04-29,2025-04-29,2025-05-07,2025-05-10,Maternity/Paternity,1
1208,1346,00000000-0000-0000-0000-000000000000,2026-02-01,2026-02-01,2026-02-07,2026-02-15,Annual,1
1209,1330,00000000-0000-0000-0000-000000000000,2025-08-01,2025-08-01,2025-08-08,2025-08-13,Annual,1
1210,570,00000000-0000-0000-0000-000000000000,2026-03-22,2026-03-22,2026-03-28,2026-03-28,Annual,1
1211,11,00000000-0000-0000-0000-000000000000,2025-10-23,2025-10-23,2025-11-01,2025-11-09,Annual,1
1212,694,00000000-0000-0000-0000-000000000000,2026-03-13,2026-03-13,2026-03-16,2026-03-17,Annual,1
1213,65,00000000-0000-0000-0000-000000000000,2025-12-30,2025-12-30,2026-01-13,2026-01-14,Sick,1
1214,583,00000000-0000-0000-0000-000000000000,2025-05-13,2025-05-13,2025-05-23,2025-05-29,Sick,1
1215,1007,00000000-0000-0000-0000-000000000000,2025-06-16,2025-06-16,2025-06-19,2025-06-27,Annual,0
1216,681,00000000-0000-0000-0000-000000000000,2025-06-12,2025-06-12,2025-06-19,2025-06-23,Unpaid,0
1217,1221,00000000-0000-0000-0000-000000000000,2025-01-17,2025-01-17,2025-01-29,2025-02-05,Annual,1
1218,196,00000000-0000-0000-0000-000000000000,2025-01-11,2025-01-11,2025-01-15,2025-01-15,Unpaid,1
1219,1332,00000000-0000-0000-0000-000000000000,2025-10-03,2025-10-03,2025-10-17,2025-10-20,Annual,1
1220,1423,00000000-0000-0000-0000-000000000000,2025-01-20,2025-01-20,2025-01-30,2025-02-05,Annual,1
1221,271,00000000-0000-0000-0000-000000000000,2025-09-21,2025-09-21,2025-10-02,2025-10-11,Sick,1
1222,535,00000000-0000-0000-0000-000000000000,2026-03-23,2026-03-23,2026-03-30,2026-04-05,Sick,1
1223,56,00000000-0000-0000-0000-000000000000,2026-03-15,2026-03-15,2026-03-23,2026-03-29,Unpaid,1
1224,87,00000000-0000-0000-0000-000000000000,2025-01-06,2025-01-06,2025-01-12,2025-01-18,Annual,0
1225,371,00000000-0000-0000-0000-000000000000,2025-05-08,2025-05-08,2025-05-22,2025-05-28,Sick,1
1226,553,00000000-0000-0000-0000-000000000000,2025-09-29,2025-09-29,2025-10-09,2025-10-14,Sick,1
1227,201,00000000-0000-0000-0000-000000000000,2025-07-29,2025-07-29,2025-08-02,2025-08-11,Annual,1
1228,1359,00000000-0000-0000-0000-000000000000,2025-06-19,2025-06-19,2025-06-27,2025-06-29,Annual,1
1229,842,00000000-0000-0000-0000-000000000000,2025-08-23,2025-08-23,2025-08-26,2025-09-03,Annual,2
1230,1216,00000000-0000-0000-0000-000000000000,2025-12-11,2025-12-11,2025-12-18,2025-12-18,Annual,1
1231,77,00000000-0000-0000-0000-000000000000,2025-12-01,2025-12-01,2025-12-05,2025-12-14,Sick,1
1232,813,00000000-0000-0000-0000-000000000000,2025-04-09,2025-04-09,2025-04-15,2025-04-17,Sick,1
1233,179,00000000-0000-0000-0000-000000000000,2025-05-26,2025-05-26,2025-05-31,2025-06-01,Sick,1
1234,1,00000000-0000-0000-0000-000000000000,2026-03-21,2026-03-21,2026-03-27,2026-03-28,Annual,1
1235,2,00000000-0000-0000-0000-000000000000,2025-10-12,2025-10-12,2025-10-26,2025-11-04,Annual,1
1236,1126,00000000-0000-0000-0000-000000000000,2025-07-04,2025-07-04,2025-07-09,2025-07-11,Unpaid,1
1237,421,00000000-0000-0000-0000-000000000000,2026-01-19,2026-01-19,2026-01-22,2026-01-26,Maternity/Paternity,1
1238,1439,00000000-0000-0000-0000-000000000000,2025-04-05,2025-04-05,2025-04-19,2025-04-21,Annual,1
1239,286,00000000-0000-0000-0000-000000000000,2025-10-31,2025-10-31,2025-11-12,2025-11-17,Maternity/Paternity,1
1240,30,00000000-0000-0000-0000-000000000000,2025-08-29,2025-08-29,2025-09-06,2025-09-07,Annual,1
1241,1432,00000000-0000-0000-0000-000000000000,2025-02-02,2025-02-02,2025-02-06,2025-02-12,Sick,1
1242,969,00000000-0000-0000-0000-000000000000,2025-01-02,2025-01-02,2025-01-14,2025-01-14,Annual,1
1243,1135,00000000-0000-0000-0000-000000000000,2025-02-09,2025-02-09,2025-02-12,2025-02-15,Unpaid,1
1244,255,00000000-0000-0000-0000-000000000000,2025-11-22,2025-11-22,2025-11-29,2025-12-08,Unpaid,1
1245,1012,00000000-0000-0000-0000-000000000000,2025-07-15,2025-07-15,2025-07-28,2025-08-06,Annual,1
1246,950,00000000-0000-0000-0000-000000000000,2026-03-10,2026-03-10,2026-03-23,2026-03-29,Annual,1
1247,418,00000000-0000-0000-0000-000000000000,2025-11-08,2025-11-08,2025-11-14,2025-11-22,Annual,0
1248,1213,00000000-0000-0000-0000-000000000000,2025-06-28,2025-06-28,2025-07-09,2025-07-10,Annual,1
1249,1235,00000000-0000-0000-0000-000000000000,2025-09-01,2025-09-01,2025-09-10,2025-09-19,Annual,1
1250,905,00000000-0000-0000-0000-000000000000,2025-07-26,2025-07-26,2025-08-09,2025-08-12,Annual,0
1251,522,00000000-0000-0000-0000-000000000000,2025-12-31,2025-12-31,2026-01-05,2026-01-13,Annual,2
1252,1044,00000000-0000-0000-0000-000000000000,2026-03-13,2026-03-13,2026-03-15,2026-03-19,Unpaid,1
1253,683,00000000-0000-0000-0000-000000000000,2025-12-05,2025-12-05,2025-12-11,2025-12-20,Annual,1
1254,886,00000000-0000-0000-0000-000000000000,2025-06-03,2025-06-03,2025-06-05,2025-06-12,Annual,1
1255,1171,00000000-0000-0000-0000-000000000000,2025-12-25,2025-12-25,2025-12-29,2025-12-31,Sick,1
1256,732,00000000-0000-0000-0000-000000000000,2025-01-22,2025-01-22,2025-01-28,2025-02-05,Annual,1
1257,941,00000000-0000-0000-0000-000000000000,2025-10-07,2025-10-07,2025-10-12,2025-10-18,Maternity/Paternity,1
1258,1314,00000000-0000-0000-0000-000000000000,2026-02-03,2026-02-03,2026-02-05,2026-02-09,Annual,1
1259,728,00000000-0000-0000-0000-000000000000,2025-07-19,2025-07-19,2025-07-24,2025-07-29,Sick,1
1260,736,00000000-0000-0000-0000-000000000000,2025-11-19,2025-11-19,2025-11-26,2025-12-05,Annual,1
1261,459,00000000-0000-0000-0000-000000000000,2025-05-13,2025-05-13,2025-05-18,2025-05-23,Sick,1
1262,519,00000000-0000-0000-0000-000000000000,2025-05-21,2025-05-21,2025-05-25,2025-05-28,Annual,1
1263,1245,00000000-0000-0000-0000-000000000000,2025-04-21,2025-04-21,2025-05-05,2025-05-10,Annual,1
1264,361,00000000-0000-0000-0000-000000000000,2025-04-05,2025-04-05,2025-04-14,2025-04-19,Annual,1
1265,686,00000000-0000-0000-0000-000000000000,2025-06-17,2025-06-17,2025-06-27,2025-06-30,Annual,1
1266,87,00000000-0000-0000-0000-000000000000,2025-04-22,2025-04-22,2025-04-25,2025-05-02,Annual,1
1267,123,00000000-0000-0000-0000-000000000000,2026-03-06,2026-03-06,2026-03-09,2026-03-12,Annual,1
1268,1460,00000000-0000-0000-0000-000000000000,2025-02-02,2025-02-02,2025-02-12,2025-02-18,Sick,1
1269,1180,00000000-0000-0000-0000-000000000000,2026-01-12,2026-01-12,2026-01-23,2026-01-25,Unpaid,1
1270,345,00000000-0000-0000-0000-000000000000,2026-02-23,2026-02-23,2026-03-03,2026-03-11,Annual,1
1271,381,00000000-0000-0000-0000-000000000000,2025-02-04,2025-02-04,2025-02-17,2025-02-23,Annual,1
1272,722,00000000-0000-0000-0000-000000000000,2025-05-28,2025-05-28,2025-06-08,2025-06-08,Annual,1
1273,1227,00000000-0000-0000-0000-000000000000,2025-03-19,2025-03-19,2025-03-28,2025-04-05,Annual,1
1274,668,00000000-0000-0000-0000-000000000000,2025-03-31,2025-03-31,2025-04-10,2025-04-10,Annual,0
1275,636,00000000-0000-0000-0000-000000000000,2025-11-03,2025-11-03,2025-11-07,2025-11-14,Annual,1
1276,763,00000000-0000-0000-0000-000000000000,2025-09-19,2025-09-19,2025-09-27,2025-10-06,Unpaid,1
1277,1153,00000000-0000-0000-0000-000000000000,2025-04-14,2025-04-14,2025-04-19,2025-04-22,Sick,1
1278,956,00000000-0000-0000-0000-000000000000,2025-03-17,2025-03-17,2025-03-20,2025-03-28,Annual,1
1279,499,00000000-0000-0000-0000-000000000000,2025-09-06,2025-09-06,2025-09-14,2025-09-23,Sick,1
1280,775,00000000-0000-0000-0000-000000000000,2026-02-16,2026-02-16,2026-02-26,2026-03-02,Annual,1
1281,481,00000000-0000-0000-0000-000000000000,2025-12-23,2025-12-23,2025-12-26,2026-01-04,Annual,1
1282,884,00000000-0000-0000-0000-000000000000,2025-05-14,2025-05-14,2025-05-22,2025-05-22,Sick,1
1283,1123,00000000-0000-0000-0000-000000000000,2025-09-27,2025-09-27,2025-10-02,2025-10-02,Annual,1
1284,787,00000000-0000-0000-0000-000000000000,2025-03-25,2025-03-25,2025-04-08,2025-04-14,Sick,0
1285,252,00000000-0000-0000-0000-000000000000,2025-07-19,2025-07-19,2025-07-23,2025-07-27,Annual,2
1286,628,00000000-0000-0000-0000-000000000000,2025-05-24,2025-05-24,2025-06-04,2025-06-13,Annual,1
1287,581,00000000-0000-0000-0000-000000000000,2025-05-03,2025-05-03,2025-05-05,2025-05-14,Annual,1
1288,687,00000000-0000-0000-0000-000000000000,2025-09-29,2025-09-29,2025-10-05,2025-10-11,Unpaid,1
1289,956,00000000-0000-0000-0000-000000000000,2025-09-14,2025-09-14,2025-09-26,2025-10-03,Annual,1
1290,90,00000000-0000-0000-0000-000000000000,2025-10-23,2025-10-23,2025-10-30,2025-10-30,Annual,1
1291,635,00000000-0000-0000-0000-000000000000,2025-03-03,2025-03-03,2025-03-15,2025-03-15,Maternity/Paternity,0
1292,1422,00000000-0000-0000-0000-000000000000,2025-01-15,2025-01-15,2025-01-19,2025-01-20,Sick,2
1293,1031,00000000-0000-0000-0000-000000000000,2025-06-28,2025-06-28,2025-07-08,2025-07-15,Annual,1
1294,1283,00000000-0000-0000-0000-000000000000,2025-09-23,2025-09-23,2025-10-02,2025-10-04,Annual,1
1295,212,00000000-0000-0000-0000-000000000000,2025-12-01,2025-12-01,2025-12-11,2025-12-15,Annual,1
1296,1010,00000000-0000-0000-0000-000000000000,2025-10-13,2025-10-13,2025-10-27,2025-11-03,Annual,0
1297,828,00000000-0000-0000-0000-000000000000,2025-12-26,2025-12-26,2026-01-06,2026-01-12,Sick,1
1298,679,00000000-0000-0000-0000-000000000000,2025-04-28,2025-04-28,2025-05-01,2025-05-03,Sick,1
1299,146,00000000-0000-0000-0000-000000000000,2025-05-08,2025-05-08,2025-05-14,2025-05-19,Annual,1
1300,568,00000000-0000-0000-0000-000000000000,2025-07-30,2025-07-30,2025-08-13,2025-08-17,Sick,1
1301,633,00000000-0000-0000-0000-000000000000,2025-06-06,2025-06-06,2025-06-10,2025-06-16,Sick,1
1302,1366,00000000-0000-0000-0000-000000000000,2025-03-03,2025-03-03,2025-03-09,2025-03-16,Annual,1
1303,1327,00000000-0000-0000-0000-000000000000,2025-06-03,2025-06-03,2025-06-10,2025-06-19,Sick,1
1304,242,00000000-0000-0000-0000-000000000000,2026-03-12,2026-03-12,2026-03-18,2026-03-21,Sick,1
1305,1119,00000000-0000-0000-0000-000000000000,2025-02-18,2025-02-18,2025-03-02,2025-03-10,Unpaid,1
1306,1410,00000000-0000-0000-0000-000000000000,2026-02-05,2026-02-05,2026-02-17,2026-02-20,Sick,1
1307,1142,00000000-0000-0000-0000-000000000000,2025-09-24,2025-09-24,2025-10-03,2025-10-11,Annual,1
1308,728,00000000-0000-0000-0000-000000000000,2025-08-27,2025-08-27,2025-08-29,2025-08-30,Annual,0
1309,972,00000000-0000-0000-0000-000000000000,2025-06-29,2025-06-29,2025-07-10,2025-07-16,Annual,1
1310,1305,00000000-0000-0000-0000-000000000000,2025-11-09,2025-11-09,2025-11-22,2025-11-23,Annual,1
1311,268,00000000-0000-0000-0000-000000000000,2025-05-05,2025-05-05,2025-05-07,2025-05-07,Annual,2
1312,634,00000000-0000-0000-0000-000000000000,2025-02-17,2025-02-17,2025-02-28,2025-03-07,Maternity/Paternity,1
1313,442,00000000-0000-0000-0000-000000000000,2026-01-14,2026-01-14,2026-01-17,2026-01-21,Unpaid,1
1314,453,00000000-0000-0000-0000-000000000000,2025-10-01,2025-10-01,2025-10-09,2025-10-12,Annual,1
1315,1137,00000000-0000-0000-0000-000000000000,2025-11-02,2025-11-02,2025-11-12,2025-11-12,Unpaid,1
1316,1418,00000000-0000-0000-0000-000000000000,2025-02-05,2025-02-05,2025-02-13,2025-02-18,Annual,1
1317,1318,00000000-0000-0000-0000-000000000000,2025-02-23,2025-02-23,2025-03-04,2025-03-12,Annual,1
1318,72,00000000-0000-0000-0000-000000000000,2025-01-05,2025-01-05,2025-01-16,2025-01-17,Annual,1
1319,112,00000000-0000-0000-0000-000000000000,2026-03-17,2026-03-17,2026-03-24,2026-03-27,Unpaid,1
1320,818,00000000-0000-0000-0000-000000000000,2025-07-06,2025-07-06,2025-07-12,2025-07-14,Annual,1
1321,238,00000000-0000-0000-0000-000000000000,2025-01-03,2025-01-03,2025-01-13,2025-01-20,Annual,1
1322,144,00000000-0000-0000-0000-000000000000,2025-07-06,2025-07-06,2025-07-17,2025-07-21,Sick,2
1323,484,00000000-0000-0000-0000-000000000000,2025-11-29,2025-11-29,2025-12-03,2025-12-08,Sick,1
1324,504,00000000-0000-0000-0000-000000000000,2025-03-02,2025-03-02,2025-03-11,2025-03-18,Annual,1
1325,65,00000000-0000-0000-0000-000000000000,2025-07-13,2025-07-13,2025-07-17,2025-07-18,Annual,2
1326,691,00000000-0000-0000-0000-000000000000,2025-02-17,2025-02-17,2025-02-20,2025-02-21,Unpaid,1
1327,37,00000000-0000-0000-0000-000000000000,2025-01-20,2025-01-20,2025-02-01,2025-02-02,Annual,1
1328,909,00000000-0000-0000-0000-000000000000,2025-08-17,2025-08-17,2025-08-25,2025-08-26,Sick,1
1329,1411,00000000-0000-0000-0000-000000000000,2025-05-28,2025-05-28,2025-06-06,2025-06-12,Annual,1
1330,19,00000000-0000-0000-0000-000000000000,2025-07-11,2025-07-11,2025-07-16,2025-07-19,Annual,1
1331,1146,00000000-0000-0000-0000-000000000000,2026-01-13,2026-01-13,2026-01-26,2026-02-02,Sick,1
1332,739,00000000-0000-0000-0000-000000000000,2025-12-13,2025-12-13,2025-12-24,2025-12-24,Annual,1
1333,319,00000000-0000-0000-0000-000000000000,2025-03-20,2025-03-20,2025-03-30,2025-04-05,Annual,0
1334,1311,00000000-0000-0000-0000-000000000000,2025-12-20,2025-12-20,2025-12-24,2025-12-27,Annual,1
1335,198,00000000-0000-0000-0000-000000000000,2025-02-13,2025-02-13,2025-02-20,2025-02-24,Annual,1
1336,308,00000000-0000-0000-0000-000000000000,2025-12-26,2025-12-26,2025-12-28,2026-01-05,Sick,1
1337,893,00000000-0000-0000-0000-000000000000,2025-08-14,2025-08-14,2025-08-27,2025-09-03,Annual,0
1338,670,00000000-0000-0000-0000-000000000000,2025-08-10,2025-08-10,2025-08-15,2025-08-22,Unpaid,0
1339,513,00000000-0000-0000-0000-000000000000,2025-05-04,2025-05-04,2025-05-18,2025-05-21,Sick,1
1340,1211,00000000-0000-0000-0000-000000000000,2025-05-03,2025-05-03,2025-05-06,2025-05-15,Maternity/Paternity,1
1341,720,00000000-0000-0000-0000-000000000000,2026-03-04,2026-03-04,2026-03-14,2026-03-16,Annual,0
1342,327,00000000-0000-0000-0000-000000000000,2026-03-06,2026-03-06,2026-03-17,2026-03-20,Annual,1
1343,752,00000000-0000-0000-0000-000000000000,2025-07-28,2025-07-28,2025-08-06,2025-08-13,Sick,1
1344,922,00000000-0000-0000-0000-000000000000,2025-08-11,2025-08-11,2025-08-14,2025-08-14,Sick,1
1345,7,00000000-0000-0000-0000-000000000000,2025-12-31,2025-12-31,2026-01-08,2026-01-16,Sick,1
1346,902,00000000-0000-0000-0000-000000000000,2025-01-13,2025-01-13,2025-01-24,2025-01-28,Maternity/Paternity,2
1347,1009,00000000-0000-0000-0000-000000000000,2025-05-02,2025-05-02,2025-05-16,2025-05-25,Sick,1
1348,721,00000000-0000-0000-0000-000000000000,2025-05-22,2025-05-22,2025-05-30,2025-06-08,Annual,1
1349,827,00000000-0000-0000-0000-000000000000,2026-01-22,2026-01-22,2026-02-05,2026-02-08,Annual,1
1350,1131,00000000-0000-0000-0000-000000000000,2025-05-28,2025-05-28,2025-06-10,2025-06-10,Annual,1
1351,525,00000000-0000-0000-0000-000000000000,2025-10-05,2025-10-05,2025-10-13,2025-10-18,Annual,0
1352,772,00000000-0000-0000-0000-000000000000,2025-12-25,2025-12-25,2026-01-04,2026-01-07,Sick,1
1353,336,00000000-0000-0000-0000-000000000000,2026-03-04,2026-03-04,2026-03-10,2026-03-19,Annual,1
1354,1371,00000000-0000-0000-0000-000000000000,2025-08-24,2025-08-24,2025-09-01,2025-09-05,Annual,1
1355,5,00000000-0000-0000-0000-000000000000,2025-08-04,2025-08-04,2025-08-17,2025-08-21,Annual,0
1356,1443,00000000-0000-0000-0000-000000000000,2025-12-03,2025-12-03,2025-12-13,2025-12-19,Annual,1
1357,691,00000000-0000-0000-0000-000000000000,2025-12-25,2025-12-25,2026-01-06,2026-01-11,Maternity/Paternity,1
1358,60,00000000-0000-0000-0000-000000000000,2025-06-16,2025-06-16,2025-06-21,2025-06-28,Maternity/Paternity,1
1359,550,00000000-0000-0000-0000-000000000000,2025-04-30,2025-04-30,2025-05-04,2025-05-06,Annual,1
1360,1305,00000000-0000-0000-0000-000000000000,2026-02-24,2026-02-24,2026-03-01,2026-03-10,Sick,1
1361,1461,00000000-0000-0000-0000-000000000000,2026-03-11,2026-03-11,2026-03-21,2026-03-30,Annual,1
1362,133,00000000-0000-0000-0000-000000000000,2025-05-07,2025-05-07,2025-05-09,2025-05-13,Annual,1
1363,1419,00000000-0000-0000-0000-000000000000,2025-07-25,2025-07-25,2025-08-03,2025-08-08,Annual,1
1364,1305,00000000-0000-0000-0000-000000000000,2025-12-18,2025-12-18,2025-12-31,2026-01-07,Maternity/Paternity,2
1365,12,00000000-0000-0000-0000-000000000000,2025-08-17,2025-08-17,2025-08-28,2025-09-01,Annual,1
1366,1267,00000000-0000-0000-0000-000000000000,2025-09-07,2025-09-07,2025-09-20,2025-09-20,Annual,1
1367,689,00000000-0000-0000-0000-000000000000,2025-01-05,2025-01-05,2025-01-17,2025-01-26,Sick,1
1368,310,00000000-0000-0000-0000-000000000000,2026-01-15,2026-01-15,2026-01-22,2026-01-22,Annual,1
1369,1371,00000000-0000-0000-0000-000000000000,2025-03-21,2025-03-21,2025-04-01,2025-04-09,Unpaid,1
1370,431,00000000-0000-0000-0000-000000000000,2026-02-01,2026-02-01,2026-02-04,2026-02-10,Annual,1
1371,1260,00000000-0000-0000-0000-000000000000,2025-12-08,2025-12-08,2025-12-15,2025-12-17,Unpaid,1
1372,45,00000000-0000-0000-0000-000000000000,2025-11-23,2025-11-23,2025-11-25,2025-11-25,Sick,1
1373,1417,00000000-0000-0000-0000-000000000000,2025-02-19,2025-02-19,2025-03-05,2025-03-11,Annual,1
1374,220,00000000-0000-0000-0000-000000000000,2026-03-09,2026-03-09,2026-03-15,2026-03-17,Annual,1
1375,624,00000000-0000-0000-0000-000000000000,2025-09-18,2025-09-18,2025-09-26,2025-09-29,Annual,1
1376,232,00000000-0000-0000-0000-000000000000,2025-03-14,2025-03-14,2025-03-21,2025-03-25,Annual,1
1377,268,00000000-0000-0000-0000-000000000000,2025-10-10,2025-10-10,2025-10-17,2025-10-18,Sick,0
1378,1148,00000000-0000-0000-0000-000000000000,2026-02-01,2026-02-01,2026-02-10,2026-02-12,Sick,1
1379,1382,00000000-0000-0000-0000-000000000000,2025-09-09,2025-09-09,2025-09-15,2025-09-22,Annual,1
1380,604,00000000-0000-0000-0000-000000000000,2025-09-30,2025-09-30,2025-10-09,2025-10-18,Annual,1
1381,1315,00000000-0000-0000-0000-000000000000,2025-08-21,2025-08-21,2025-08-31,2025-09-01,Annual,2
1382,20,00000000-0000-0000-0000-000000000000,2026-01-17,2026-01-17,2026-01-26,2026-02-03,Sick,1
1383,1314,00000000-0000-0000-0000-000000000000,2026-02-22,2026-02-22,2026-03-05,2026-03-06,Annual,1
1384,180,00000000-0000-0000-0000-000000000000,2025-10-20,2025-10-20,2025-10-23,2025-11-01,Annual,1
1385,384,00000000-0000-0000-0000-000000000000,2025-05-31,2025-05-31,2025-06-05,2025-06-08,Annual,1
1386,461,00000000-0000-0000-0000-000000000000,2025-05-01,2025-05-01,2025-05-07,2025-05-10,Annual,1
1387,1092,00000000-0000-0000-0000-000000000000,2025-11-07,2025-11-07,2025-11-20,2025-11-22,Annual,1
1388,1294,00000000-0000-0000-0000-000000000000,2025-06-24,2025-06-24,2025-07-04,2025-07-12,Annual,1
1389,627,00000000-0000-0000-0000-000000000000,2025-06-04,2025-06-04,2025-06-14,2025-06-18,Annual,0
1390,1424,00000000-0000-0000-0000-000000000000,2025-10-04,2025-10-04,2025-10-11,2025-10-14,Maternity/Paternity,1
1391,688,00000000-0000-0000-0000-000000000000,2025-11-08,2025-11-08,2025-11-17,2025-11-17,Annual,1
1392,1333,00000000-0000-0000-0000-000000000000,2025-07-30,2025-07-30,2025-08-08,2025-08-15,Annual,1
1393,926,00000000-0000-0000-0000-000000000000,2025-12-11,2025-12-11,2025-12-17,2025-12-25,Annual,1
1394,637,00000000-0000-0000-0000-000000000000,2025-02-27,2025-02-27,2025-03-13,2025-03-14,Unpaid,1
1395,716,00000000-0000-0000-0000-000000000000,2026-03-16,2026-03-16,2026-03-18,2026-03-20,Annual,1
1396,86,00000000-0000-0000-0000-000000000000,2025-03-17,2025-03-17,2025-03-30,2025-04-04,Annual,1
1397,844,00000000-0000-0000-0000-000000000000,2025-03-13,2025-03-13,2025-03-15,2025-03-21,Annual,1
1398,376,00000000-0000-0000-0000-000000000000,2025-10-24,2025-10-24,2025-11-06,2025-11-09,Annual,1
1399,806,00000000-0000-0000-0000-000000000000,2025-07-22,2025-07-22,2025-08-03,2025-08-10,Annual,1
1400,1424,00000000-0000-0000-0000-000000000000,2025-02-25,2025-02-25,2025-02-27,2025-03-05,Annual,1
1401,523,00000000-0000-0000-0000-000000000000,2025-01-02,2025-01-02,2025-01-09,2025-01-11,Annual,1
1402,992,00000000-0000-0000-0000-000000000000,2025-04-17,2025-04-17,2025-04-23,2025-04-28,Annual,1
1403,572,00000000-0000-0000-0000-000000000000,2025-10-18,2025-10-18,2025-10-24,2025-10-30,Annual,1
1404,973,00000000-0000-0000-0000-000000000000,2025-05-24,2025-05-24,2025-06-07,2025-06-16,Sick,1
1405,960,00000000-0000-0000-0000-000000000000,2025-09-11,2025-09-11,2025-09-25,2025-09-26,Sick,0
1406,980,00000000-0000-0000-0000-000000000000,2025-10-20,2025-10-20,2025-10-25,2025-10-26,Sick,1
1407,377,00000000-0000-0000-0000-000000000000,2025-01-15,2025-01-15,2025-01-29,2025-01-31,Annual,1
1408,5,00000000-0000-0000-0000-000000000000,2025-01-05,2025-01-05,2025-01-19,2025-01-22,Annual,0
1409,1340,00000000-0000-0000-0000-000000000000,2026-02-24,2026-02-24,2026-02-26,2026-03-01,Unpaid,2
1410,1439,00000000-0000-0000-0000-000000000000,2025-08-08,2025-08-08,2025-08-13,2025-08-16,Annual,1
1411,106,00000000-0000-0000-0000-000000000000,2026-02-19,2026-02-19,2026-03-01,2026-03-07,Annual,1
1412,564,00000000-0000-0000-0000-000000000000,2025-09-01,2025-09-01,2025-09-13,2025-09-22,Unpaid,1
1413,1120,00000000-0000-0000-0000-000000000000,2025-08-04,2025-08-04,2025-08-16,2025-08-19,Annual,1
1414,416,00000000-0000-0000-0000-000000000000,2025-04-01,2025-04-01,2025-04-06,2025-04-07,Unpaid,1
1415,1035,00000000-0000-0000-0000-000000000000,2025-03-04,2025-03-04,2025-03-14,2025-03-20,Annual,1
1416,466,00000000-0000-0000-0000-000000000000,2025-08-25,2025-08-25,2025-09-03,2025-09-07,Unpaid,1
1417,1327,00000000-0000-0000-0000-000000000000,2025-02-02,2025-02-02,2025-02-06,2025-02-06,Annual,1
1418,1192,00000000-0000-0000-0000-000000000000,2025-08-28,2025-08-28,2025-09-10,2025-09-13,Annual,1
1419,766,00000000-0000-0000-0000-000000000000,2025-04-30,2025-04-30,2025-05-05,2025-05-14,Unpaid,1
1420,219,00000000-0000-0000-0000-000000000000,2025-08-06,2025-08-06,2025-08-15,2025-08-15,Annual,1
1421,972,00000000-0000-0000-0000-000000000000,2026-01-29,2026-01-29,2026-02-10,2026-02-18,Annual,1
1422,343,00000000-0000-0000-0000-000000000000,2026-01-16,2026-01-16,2026-01-29,2026-02-03,Annual,2
1423,224,00000000-0000-0000-0000-000000000000,2026-01-11,2026-01-11,2026-01-21,2026-01-24,Maternity/Paternity,0
1424,507,00000000-0000-0000-0000-000000000000,2026-01-03,2026-01-03,2026-01-16,2026-01-18,Annual,1
1425,659,00000000-0000-0000-0000-000000000000,2025-02-08,2025-02-08,2025-02-17,2025-02-19,Annual,0
1426,116,00000000-0000-0000-0000-000000000000,2025-04-10,2025-04-10,2025-04-24,2025-05-01,Sick,1
1427,0,00000000-0000-0000-0000-000000000000,2025-10-17,2025-10-17,2025-10-31,2025-11-03,Annual,1
1428,367,00000000-0000-0000-0000-000000000000,2025-12-17,2025-12-17,2025-12-22,2025-12-27,Annual,1
1429,73,00000000-0000-0000-0000-000000000000,2025-08-03,2025-08-03,2025-08-05,2025-08-13,Annual,1
1430,280,00000000-0000-0000-0000-000000000000,2026-01-10,2026-01-10,2026-01-12,2026-01-19,Annual,1
1431,1433,00000000-0000-0000-0000-000000000000,2025-09-27,2025-09-27,2025-10-04,2025-10-05,Annual,1
1432,545,00000000-0000-0000-0000-000000000000,2025-08-02,2025-08-02,2025-08-07,2025-08-15,Annual,1
1433,1396,00000000-0000-0000-0000-000000000000,2026-02-03,2026-02-03,2026-02-11,2026-02-19,Annual,1
1434,298,00000000-0000-0000-0000-000000000000,2025-08-06,2025-08-06,2025-08-12,2025-08-16,Annual,2
1435,541,00000000-0000-0000-0000-000000000000,2025-11-09,2025-11-09,2025-11-15,2025-11-18,Unpaid,1
1436,1299,00000000-0000-0000-0000-000000000000,2026-02-26,2026-02-26,2026-03-08,2026-03-17,Annual,1
1437,776,00000000-0000-0000-0000-000000000000,2025-05-30,2025-05-30,2025-06-05,2025-06-07,Annual,1
1438,1417,00000000-0000-0000-0000-000000000000,2025-09-28,2025-09-28,2025-10-03,2025-10-12,Annual,1
1439,144,00000000-0000-0000-0000-000000000000,2025-04-17,2025-04-17,2025-04-20,2025-04-24,Annual,1
1440,544,00000000-0000-0000-0000-000000000000,2025-08-31,2025-08-31,2025-09-04,2025-09-08,Maternity/Paternity,1
1441,767,00000000-0000-0000-0000-000000000000,2025-01-04,2025-01-04,2025-01-07,2025-01-12,Sick,1
1442,0,00000000-0000-0000-0000-000000000000,2025-03-27,2025-03-27,2025-04-05,2025-04-06,Annual,1
1443,934,00000000-0000-0000-0000-000000000000,2025-01-09,2025-01-09,2025-01-21,2025-01-23,Annual,1
1444,1028,00000000-0000-0000-0000-000000000000,2025-09-22,2025-09-22,2025-09-26,2025-09-30,Sick,1
1445,520,00000000-0000-0000-0000-000000000000,2025-09-28,2025-09-28,2025-10-01,2025-10-08,Annual,0
1446,1159,00000000-0000-0000-0000-000000000000,2025-09-15,2025-09-15,2025-09-28,2025-09-28,Annual,1
1447,164,00000000-0000-0000-0000-000000000000,2025-08-25,2025-08-25,2025-08-28,2025-08-29,Annual,1
1448,206,00000000-0000-0000-0000-000000000000,2025-06-02,2025-06-02,2025-06-10,2025-06-10,Sick,0
1449,196,00000000-0000-0000-0000-000000000000,2025-10-10,2025-10-10,2025-10-18,2025-10-21,Annual,1
1450,221,00000000-0000-0000-0000-000000000000,2026-02-28,2026-02-28,2026-03-08,2026-03-17,Sick,1
1451,130,00000000-0000-0000-0000-000000000000,2025-12-09,2025-12-09,2025-12-13,2025-12-17,Annual,1
1452,955,00000000-0000-0000-0000-000000000000,2025-08-28,2025-08-28,2025-09-04,2025-09-12,Sick,2
1453,878,00000000-0000-0000-0000-000000000000,2025-12-08,2025-12-08,2025-12-16,2025-12-20,Annual,0
1454,637,00000000-0000-0000-0000-000000000000,2025-08-24,2025-08-24,2025-09-06,2025-09-15,Annual,1
1455,104,00000000-0000-0000-0000-000000000000,2026-02-07,2026-02-07,2026-02-09,2026-02-09,Annual,1
1456,504,00000000-0000-0000-0000-000000000000,2025-01-14,2025-01-14,2025-01-25,2025-01-25,Sick,1
1457,570,00000000-0000-0000-0000-000000000000,2025-01-07,2025-01-07,2025-01-13,2025-01-22,Maternity/Paternity,1
1458,1120,00000000-0000-0000-0000-000000000000,2025-02-17,2025-02-17,2025-03-02,2025-03-05,Sick,1
1459,810,00000000-0000-0000-0000-000000000000,2025-03-21,2025-03-21,2025-04-03,2025-04-08,Annual,2
1460,1105,00000000-0000-0000-0000-000000000000,2025-09-03,2025-09-03,2025-09-15,2025-09-15,Unpaid,1
1461,766,00000000-0000-0000-0000-000000000000,2025-04-06,2025-04-06,2025-04-13,2025-04-13,Annual,1
1462,1375,00000000-0000-0000-0000-000000000000,2025-09-15,2025-09-15,2025-09-21,2025-09-25,Annual,2
1463,481,00000000-0000-0000-0000-000000000000,2025-10-18,2025-10-18,2025-10-20,2025-10-27,Annual,1
1464,185,00000000-0000-0000-0000-000000000000,2025-10-27,2025-10-27,2025-11-02,2025-11-09,Annual,1
1465,631,00000000-0000-0000-0000-000000000000,2025-04-22,2025-04-22,2025-05-02,2025-05-10,Unpaid,1
1466,1116,00000000-0000-0000-0000-000000000000,2025-11-27,2025-11-27,2025-12-05,2025-12-06,Annual,1
1467,576,00000000-0000-0000-0000-000000000000,2025-08-02,2025-08-02,2025-08-08,2025-08-11,Annual,1
1468,245,00000000-0000-0000-0000-000000000000,2025-05-03,2025-05-03,2025-05-13,2025-05-21,Annual,1
1469,991,00000000-0000-0000-0000-000000000000,2026-03-23,2026-03-23,2026-04-04,2026-04-09,Annual,1
1470,747,00000000-0000-0000-0000-000000000000,2025-06-13,2025-06-13,2025-06-25,2025-07-02,Annual,1
1471,196,00000000-0000-0000-0000-000000000000,2025-05-24,2025-05-24,2025-05-30,2025-06-02,Annual,0
1472,150,00000000-0000-0000-0000-000000000000,2025-02-25,2025-02-25,2025-03-11,2025-03-14,Annual,2
1473,1081,00000000-0000-0000-0000-000000000000,2026-01-10,2026-01-10,2026-01-23,2026-02-01,Annual,2
1474,831,00000000-0000-0000-0000-000000000000,2025-02-03,2025-02-03,2025-02-14,2025-02-17,Sick,1
1475,1189,00000000-0000-0000-0000-000000000000,2025-10-30,2025-10-30,2025-11-05,2025-11-06,Sick,1
1476,814,00000000-0000-0000-0000-000000000000,2026-02-28,2026-02-28,2026-03-14,2026-03-17,Annual,1
1477,1198,00000000-0000-0000-0000-000000000000,2026-02-16,2026-02-16,2026-02-19,2026-02-24,Annual,1
1478,523,00000000-0000-0000-0000-000000000000,2026-01-07,2026-01-07,2026-01-10,2026-01-11,Annual,1
1479,266,00000000-0000-0000-0000-000000000000,2025-05-12,2025-05-12,2025-05-24,2025-05-27,Annual,1
1480,195,00000000-0000-0000-0000-000000000000,2025-11-16,2025-11-16,2025-11-18,2025-11-24,Sick,2
1481,1320,00000000-0000-0000-0000-000000000000,2025-01-14,2025-01-14,2025-01-23,2025-01-24,Maternity/Paternity,2
1482,491,00000000-0000-0000-0000-000000000000,2025-10-29,2025-10-29,2025-11-04,2025-11-11,Annual,1
1483,25,00000000-0000-0000-0000-000000000000,2025-09-15,2025-09-15,2025-09-19,2025-09-21,Annual,1
1484,130,00000000-0000-0000-0000-000000000000,2025-11-16,2025-11-16,2025-11-27,2025-11-29,Unpaid,2
1485,69,00000000-0000-0000-0000-000000000000,2026-02-03,2026-02-03,2026-02-07,2026-02-12,Maternity/Paternity,1
1486,1396,00000000-0000-0000-0000-000000000000,2025-05-16,2025-05-16,2025-05-18,2025-05-27,Unpaid,1
1487,1469,00000000-0000-0000-0000-000000000000,2025-10-23,2025-10-23,2025-11-01,2025-11-03,Annual,1
1488,862,00000000-0000-0000-0000-000000000000,2026-03-02,2026-03-02,2026-03-06,2026-03-07,Annual,1
1489,493,00000000-0000-0000-0000-000000000000,2025-01-17,2025-01-17,2025-01-27,2025-02-05,Sick,1
1490,368,00000000-0000-0000-0000-000000000000,2026-03-09,2026-03-09,2026-03-22,2026-03-31,Annual,1
1491,495,00000000-0000-0000-0000-000000000000,2025-12-08,2025-12-08,2025-12-10,2025-12-13,Annual,1
1492,844,00000000-0000-0000-0000-000000000000,2025-06-26,2025-06-26,2025-07-01,2025-07-09,Annual,1
1493,1184,00000000-0000-0000-0000-000000000000,2025-06-22,2025-06-22,2025-07-05,2025-07-12,Annual,0
1494,59,00000000-0000-0000-0000-000000000000,2026-02-28,2026-02-28,2026-03-14,2026-03-17,Sick,1
1495,1216,00000000-0000-0000-0000-000000000000,2025-01-28,2025-01-28,2025-02-05,2025-02-13,Annual,0
1496,291,00000000-0000-0000-0000-000000000000,2025-09-15,2025-09-15,2025-09-21,2025-09-24,Annual,1
1497,483,00000000-0000-0000-0000-000000000000,2025-01-27,2025-01-27,2025-02-05,2025-02-07,Annual,1
1498,1046,00000000-0000-0000-0000-000000000000,2026-03-13,2026-03-13,2026-03-23,2026-03-23,Annual,1
1499,303,00000000-0000-0000-0000-000000000000,2026-03-18,2026-03-18,2026-03-30,2026-04-08,Unpaid,0
1500,1302,00000000-0000-0000-0000-000000000000,2026-03-08,2026-03-08,2026-03-15,2026-03-21,Unpaid,1
1501,247,00000000-0000-0000-0000-000000000000,2026-02-20,2026-02-20,2026-03-03,2026-03-07,Sick,1
1502,736,00000000-0000-0000-0000-000000000000,2025-01-04,2025-01-04,2025-01-08,2025-01-13,Annual,1
1503,558,00000000-0000-0000-0000-000000000000,2025-11-20,2025-11-20,2025-11-24,2025-11-24,Annual,0
1504,983,00000000-0000-0000-0000-000000000000,2025-03-18,2025-03-18,2025-03-23,2025-03-26,Annual,0
1505,194,00000000-0000-0000-0000-000000000000,2025-08-15,2025-08-15,2025-08-23,2025-08-26,Maternity/Paternity,1
1506,221,00000000-0000-0000-0000-000000000000,2025-10-10,2025-10-10,2025-10-13,2025-10-17,Unpaid,1
1507,298,00000000-0000-0000-0000-000000000000,2025-08-08,2025-08-08,2025-08-13,2025-08-15,Annual,1
1508,368,00000000-0000-0000-0000-000000000000,2025-11-06,2025-11-06,2025-11-08,2025-11-11,Annual,1
1509,1074,00000000-0000-0000-0000-000000000000,2026-03-25,2026-03-25,2026-04-06,2026-04-10,Unpaid,0
1510,879,00000000-0000-0000-0000-000000000000,2025-12-28,2025-12-28,2026-01-06,2026-01-09,Sick,1
1511,1350,00000000-0000-0000-0000-000000000000,2025-11-15,2025-11-15,2025-11-26,2025-11-26,Annual,1
1512,556,00000000-0000-0000-0000-000000000000,2026-01-14,2026-01-14,2026-01-20,2026-01-28,Annual,1
1513,777,00000000-0000-0000-0000-000000000000,2025-08-21,2025-08-21,2025-08-27,2025-08-28,Sick,1
1514,1120,00000000-0000-0000-0000-000000000000,2025-12-10,2025-12-10,2025-12-12,2025-12-13,Annual,1
1515,550,00000000-0000-0000-0000-000000000000,2025-12-15,2025-12-15,2025-12-21,2025-12-21,Unpaid,1
1516,163,00000000-0000-0000-0000-000000000000,2026-01-16,2026-01-16,2026-01-25,2026-02-02,Annual,1
1517,1091,00000000-0000-0000-0000-000000000000,2025-11-27,2025-11-27,2025-12-08,2025-12-17,Annual,1
1518,284,00000000-0000-0000-0000-000000000000,2025-12-14,2025-12-14,2025-12-20,2025-12-28,Sick,1
1519,789,00000000-0000-0000-0000-000000000000,2025-01-29,2025-01-29,2025-02-06,2025-02-11,Unpaid,1
1520,889,00000000-0000-0000-0000-000000000000,2025-07-01,2025-07-01,2025-07-14,2025-07-16,Annual,1
1521,156,00000000-0000-0000-0000-000000000000,2025-05-12,2025-05-12,2025-05-24,2025-05-26,Sick,0
1522,1053,00000000-0000-0000-0000-000000000000,2025-03-29,2025-03-29,2025-04-01,2025-04-08,Annual,1
1523,873,00000000-0000-0000-0000-000000000000,2026-01-31,2026-01-31,2026-02-06,2026-02-06,Annual,1
1524,148,00000000-0000-0000-0000-000000000000,2025-01-29,2025-01-29,2025-02-08,2025-02-11,Annual,1
1525,261,00000000-0000-0000-0000-000000000000,2025-10-09,2025-10-09,2025-10-19,2025-10-19,Sick,2
1526,607,00000000-0000-0000-0000-000000000000,2025-04-22,2025-04-22,2025-04-28,2025-05-04,Annual,1
1527,235,00000000-0000-0000-0000-000000000000,2025-10-14,2025-10-14,2025-10-23,2025-10-30,Maternity/Paternity,1
1528,1412,00000000-0000-0000-0000-000000000000,2025-01-24,2025-01-24,2025-02-04,2025-02-11,Annual,1
1529,434,00000000-0000-0000-0000-000000000000,2026-02-25,2026-02-25,2026-03-10,2026-03-15,Annual,1
1530,370,00000000-0000-0000-0000-000000000000,2025-12-20,2025-12-20,2025-12-23,2025-12-27,Annual,1
1531,1102,00000000-0000-0000-0000-000000000000,2025-05-15,2025-05-15,2025-05-19,2025-05-19,Annual,2
1532,511,00000000-0000-0000-0000-000000000000,2025-04-09,2025-04-09,2025-04-15,2025-04-21,Annual,0
1533,64,00000000-0000-0000-0000-000000000000,2025-12-01,2025-12-01,2025-12-03,2025-12-08,Annual,1
1534,466,00000000-0000-0000-0000-000000000000,2025-04-20,2025-04-20,2025-05-02,2025-05-05,Annual,2
1535,871,00000000-0000-0000-0000-000000000000,2025-09-22,2025-09-22,2025-10-05,2025-10-10,Maternity/Paternity,1
1536,775,00000000-0000-0000-0000-000000000000,2025-12-14,2025-12-14,2025-12-17,2025-12-25,Annual,1
1537,1464,00000000-0000-0000-0000-000000000000,2026-02-12,2026-02-12,2026-02-23,2026-02-25,Sick,1
1538,843,00000000-0000-0000-0000-000000000000,2025-12-07,2025-12-07,2025-12-15,2025-12-19,Annual,2
1539,19,00000000-0000-0000-0000-000000000000,2025-05-17,2025-05-17,2025-05-28,2025-05-28,Annual,1
1540,24,00000000-0000-0000-0000-000000000000,2025-04-26,2025-04-26,2025-05-10,2025-05-18,Unpaid,0
1541,1449,00000000-0000-0000-0000-000000000000,2025-10-19,2025-10-19,2025-10-29,2025-11-07,Sick,1
1542,754,00000000-0000-0000-0000-000000000000,2025-08-05,2025-08-05,2025-08-14,2025-08-17,Annual,1
1543,741,00000000-0000-0000-0000-000000000000,2025-01-27,2025-01-27,2025-02-04,2025-02-06,Annual,1
1544,1151,00000000-0000-0000-0000-000000000000,2025-02-13,2025-02-13,2025-02-25,2025-02-27,Annual,1
1545,1303,00000000-0000-0000-0000-000000000000,2025-12-30,2025-12-30,2026-01-04,2026-01-12,Annual,1
1546,1443,00000000-0000-0000-0000-000000000000,2025-02-12,2025-02-12,2025-02-17,2025-02-24,Annual,1
1547,843,00000000-0000-0000-0000-000000000000,2025-08-03,2025-08-03,2025-08-16,2025-08-23,Annual,1
1548,96,00000000-0000-0000-0000-000000000000,2025-09-06,2025-09-06,2025-09-17,2025-09-21,Annual,1
1549,1312,00000000-0000-0000-0000-000000000000,2025-11-23,2025-11-23,2025-11-30,2025-12-05,Unpaid,1
1550,445,00000000-0000-0000-0000-000000000000,2026-02-10,2026-02-10,2026-02-18,2026-02-20,Annual,1
1551,663,00000000-0000-0000-0000-000000000000,2025-10-01,2025-10-01,2025-10-10,2025-10-11,Annual,0
1552,616,00000000-0000-0000-0000-000000000000,2025-11-01,2025-11-01,2025-11-08,2025-11-09,Maternity/Paternity,1
1553,1322,00000000-0000-0000-0000-000000000000,2025-07-18,2025-07-18,2025-07-28,2025-07-31,Unpaid,1
1554,1442,00000000-0000-0000-0000-000000000000,2025-06-24,2025-06-24,2025-06-30,2025-07-05,Unpaid,0
1555,494,00000000-0000-0000-0000-000000000000,2025-09-17,2025-09-17,2025-09-23,2025-09-25,Annual,1
1556,129,00000000-0000-0000-0000-000000000000,2025-11-14,2025-11-14,2025-11-22,2025-12-01,Sick,1
1557,28,00000000-0000-0000-0000-000000000000,2025-04-29,2025-04-29,2025-05-01,2025-05-09,Annual,1
1558,149,00000000-0000-0000-0000-000000000000,2025-01-22,2025-01-22,2025-02-03,2025-02-11,Annual,2
1559,766,00000000-0000-0000-0000-000000000000,2025-06-27,2025-06-27,2025-07-01,2025-07-10,Annual,1
1560,1101,00000000-0000-0000-0000-000000000000,2025-04-05,2025-04-05,2025-04-17,2025-04-20,Annual,1
1561,60,00000000-0000-0000-0000-000000000000,2025-02-25,2025-02-25,2025-03-11,2025-03-13,Annual,1
1562,868,00000000-0000-0000-0000-000000000000,2025-03-21,2025-03-21,2025-03-26,2025-03-27,Annual,0
1563,631,00000000-0000-0000-0000-000000000000,2025-06-15,2025-06-15,2025-06-26,2025-06-26,Sick,1
1564,1180,00000000-0000-0000-0000-000000000000,2025-08-31,2025-08-31,2025-09-04,2025-09-13,Annual,1
1565,755,00000000-0000-0000-0000-000000000000,2025-09-07,2025-09-07,2025-09-19,2025-09-27,Annual,1
1566,1272,00000000-0000-0000-0000-000000000000,2026-03-23,2026-03-23,2026-04-02,2026-04-06,Sick,1
1567,1267,00000000-0000-0000-0000-000000000000,2025-07-08,2025-07-08,2025-07-18,2025-07-26,Sick,1
1568,1459,00000000-0000-0000-0000-000000000000,2026-02-01,2026-02-01,2026-02-13,2026-02-22,Annual,1
1569,62,00000000-0000-0000-0000-000000000000,2025-07-23,2025-07-23,2025-07-26,2025-07-29,Annual,1
1570,413,00000000-0000-0000-0000-000000000000,2025-07-02,2025-07-02,2025-07-04,2025-07-06,Sick,1
1571,257,00000000-0000-0000-0000-000000000000,2026-03-04,2026-03-04,2026-03-09,2026-03-11,Unpaid,1
1572,238,00000000-0000-0000-0000-000000000000,2025-04-09,2025-04-09,2025-04-12,2025-04-21,Sick,0
1573,125,00000000-0000-0000-0000-000000000000,2025-11-22,2025-11-22,2025-11-26,2025-12-04,Annual,1
1574,301,00000000-0000-0000-0000-000000000000,2025-04-12,2025-04-12,2025-04-18,2025-04-19,Annual,1
1575,530,00000000-0000-0000-0000-000000000000,2025-03-26,2025-03-26,2025-04-01,2025-04-05,Annual,1
1576,1102,00000000-0000-0000-0000-000000000000,2025-10-30,2025-10-30,2025-11-03,2025-11-03,Annual,2
1577,566,00000000-0000-0000-0000-000000000000,2025-12-05,2025-12-05,2025-12-11,2025-12-20,Unpaid,2
1578,882,00000000-0000-0000-0000-000000000000,2025-12-25,2025-12-25,2026-01-03,2026-01-08,Sick,0
1579,18,00000000-0000-0000-0000-000000000000,2026-01-01,2026-01-01,2026-01-09,2026-01-13,Annual,1
1580,212,00000000-0000-0000-0000-000000000000,2025-10-12,2025-10-12,2025-10-21,2025-10-30,Annual,1
1581,159,00000000-0000-0000-0000-000000000000,2025-04-17,2025-04-17,2025-04-27,2025-05-02,Annual,1
1582,1040,00000000-0000-0000-0000-000000000000,2025-08-20,2025-08-20,2025-09-03,2025-09-03,Unpaid,1
1583,1055,00000000-0000-0000-0000-000000000000,2025-06-25,2025-06-25,2025-07-06,2025-07-13,Sick,1
1584,280,00000000-0000-0000-0000-000000000000,2025-06-21,2025-06-21,2025-07-02,2025-07-07,Annual,1
1585,339,00000000-0000-0000-0000-000000000000,2025-08-20,2025-08-20,2025-08-22,2025-08-27,Unpaid,1
1586,583,00000000-0000-0000-0000-000000000000,2026-01-24,2026-01-24,2026-02-01,2026-02-03,Sick,1
1587,913,00000000-0000-0000-0000-000000000000,2025-01-28,2025-01-28,2025-02-07,2025-02-07,Annual,1
1588,585,00000000-0000-0000-0000-000000000000,2025-04-25,2025-04-25,2025-04-30,2025-05-09,Maternity/Paternity,1
1589,668,00000000-0000-0000-0000-000000000000,2025-03-13,2025-03-13,2025-03-23,2025-03-28,Annual,1
1590,1416,00000000-0000-0000-0000-000000000000,2026-03-25,2026-03-25,2026-04-06,2026-04-10,Annual,0
1591,927,00000000-0000-0000-0000-000000000000,2026-01-10,2026-01-10,2026-01-23,2026-01-28,Maternity/Paternity,1
1592,1288,00000000-0000-0000-0000-000000000000,2025-04-02,2025-04-02,2025-04-15,2025-04-20,Sick,1
1593,38,00000000-0000-0000-0000-000000000000,2025-04-24,2025-04-24,2025-05-03,2025-05-09,Annual,1
1594,1079,00000000-0000-0000-0000-000000000000,2025-04-29,2025-04-29,2025-05-01,2025-05-08,Sick,1
1595,1014,00000000-0000-0000-0000-000000000000,2026-01-29,2026-01-29,2026-02-12,2026-02-18,Sick,1
1596,589,00000000-0000-0000-0000-000000000000,2025-06-23,2025-06-23,2025-07-05,2025-07-05,Maternity/Paternity,1
1597,1462,00000000-0000-0000-0000-000000000000,2025-09-15,2025-09-15,2025-09-29,2025-09-29,Sick,1
1598,647,00000000-0000-0000-0000-000000000000,2025-11-17,2025-11-17,2025-11-27,2025-12-06,Sick,1
1599,114,00000000-0000-0000-0000-000000000000,2025-11-09,2025-11-09,2025-11-17,2025-11-24,Annual,1
1600,1273,00000000-0000-0000-0000-000000000000,2025-03-24,2025-03-24,2025-03-28,2025-04-02,Sick,1
1601,855,00000000-0000-0000-0000-000000000000,2025-04-16,2025-04-16,2025-04-29,2025-05-04,Sick,1
1602,380,00000000-0000-0000-0000-000000000000,2025-04-04,2025-04-04,2025-04-18,2025-04-26,Sick,1
1603,17,00000000-0000-0000-0000-000000000000,2025-03-06,2025-03-06,2025-03-09,2025-03-14,Annual,1
1604,404,00000000-0000-0000-0000-000000000000,2025-06-11,2025-06-11,2025-06-19,2025-06-21,Sick,0
1605,1411,00000000-0000-0000-0000-000000000000,2026-01-21,2026-01-21,2026-01-27,2026-02-05,Annual,0
1606,273,00000000-0000-0000-0000-000000000000,2025-06-02,2025-06-02,2025-06-10,2025-06-13,Unpaid,1
1607,238,00000000-0000-0000-0000-000000000000,2025-10-19,2025-10-19,2025-10-23,2025-10-24,Annual,1
1608,1185,00000000-0000-0000-0000-000000000000,2025-04-11,2025-04-11,2025-04-23,2025-04-25,Annual,2
1609,945,00000000-0000-0000-0000-000000000000,2025-02-01,2025-02-01,2025-02-05,2025-02-14,Annual,1
1610,1200,00000000-0000-0000-0000-000000000000,2025-12-07,2025-12-07,2025-12-10,2025-12-19,Annual,0
1611,720,00000000-0000-0000-0000-000000000000,2025-09-06,2025-09-06,2025-09-14,2025-09-17,Annual,1
1612,1055,00000000-0000-0000-0000-000000000000,2025-05-02,2025-05-02,2025-05-06,2025-05-14,Sick,1
1613,925,00000000-0000-0000-0000-000000000000,2025-06-03,2025-06-03,2025-06-12,2025-06-19,Sick,0
1614,1338,00000000-0000-0000-0000-000000000000,2026-03-19,2026-03-19,2026-03-29,2026-04-02,Annual,1
1615,166,00000000-0000-0000-0000-000000000000,2026-01-12,2026-01-12,2026-01-16,2026-01-17,Maternity/Paternity,1
1616,595,00000000-0000-0000-0000-000000000000,2026-02-18,2026-02-18,2026-03-02,2026-03-10,Annual,1
1617,1247,00000000-0000-0000-0000-000000000000,2025-05-09,2025-05-09,2025-05-22,2025-05-27,Annual,2
1618,743,00000000-0000-0000-0000-000000000000,2025-10-14,2025-10-14,2025-10-19,2025-10-23,Annual,1
1619,952,00000000-0000-0000-0000-000000000000,2025-05-10,2025-05-10,2025-05-14,2025-05-23,Unpaid,1
1620,318,00000000-0000-0000-0000-000000000000,2026-03-21,2026-03-21,2026-03-30,2026-04-05,Annual,1
1621,660,00000000-0000-0000-0000-000000000000,2025-02-17,2025-02-17,2025-02-25,2025-02-27,Annual,1
1622,748,00000000-0000-0000-0000-000000000000,2025-05-26,2025-05-26,2025-05-29,2025-06-07,Maternity/Paternity,1
1623,1005,00000000-0000-0000-0000-000000000000,2025-01-12,2025-01-12,2025-01-23,2025-01-26,Sick,1
1624,325,00000000-0000-0000-0000-000000000000,2025-04-04,2025-04-04,2025-04-10,2025-04-17,Annual,1
1625,516,00000000-0000-0000-0000-000000000000,2026-01-03,2026-01-03,2026-01-11,2026-01-18,Sick,1
1626,1167,00000000-0000-0000-0000-000000000000,2025-05-05,2025-05-05,2025-05-19,2025-05-19,Annual,2
1627,90,00000000-0000-0000-0000-000000000000,2025-03-21,2025-03-21,2025-04-02,2025-04-06,Unpaid,1
1628,509,00000000-0000-0000-0000-000000000000,2025-06-12,2025-06-12,2025-06-16,2025-06-18,Annual,0
1629,579,00000000-0000-0000-0000-000000000000,2025-03-10,2025-03-10,2025-03-18,2025-03-20,Annual,1
1630,1019,00000000-0000-0000-0000-000000000000,2025-09-01,2025-09-01,2025-09-09,2025-09-15,Annual,1
1631,1398,00000000-0000-0000-0000-000000000000,2025-05-30,2025-05-30,2025-06-07,2025-06-07,Annual,1
1632,117,00000000-0000-0000-0000-000000000000,2026-02-13,2026-02-13,2026-02-18,2026-02-18,Sick,1
1633,331,00000000-0000-0000-0000-000000000000,2025-12-28,2025-12-28,2025-12-30,2026-01-08,Unpaid,1
1634,1296,00000000-0000-0000-0000-000000000000,2025-10-28,2025-10-28,2025-11-02,2025-11-11,Annual,1
1635,264,00000000-0000-0000-0000-000000000000,2025-03-02,2025-03-02,2025-03-13,2025-03-17,Maternity/Paternity,0
1636,1413,00000000-0000-0000-0000-000000000000,2025-05-24,2025-05-24,2025-06-07,2025-06-14,Annual,1
1637,378,00000000-0000-0000-0000-000000000000,2025-12-31,2025-12-31,2026-01-11,2026-01-12,Annual,1
1638,999,00000000-0000-0000-0000-000000000000,2025-09-20,2025-09-20,2025-09-28,2025-10-04,Annual,1
1639,318,00000000-0000-0000-0000-000000000000,2025-12-26,2025-12-26,2025-12-28,2026-01-03,Annual,1
1640,105,00000000-0000-0000-0000-000000000000,2025-06-10,2025-06-10,2025-06-15,2025-06-22,Unpaid,1
1641,631,00000000-0000-0000-0000-000000000000,2025-04-07,2025-04-07,2025-04-16,2025-04-22,Annual,1
1642,460,00000000-0000-0000-0000-000000000000,2026-02-23,2026-02-23,2026-02-28,2026-03-04,Annual,2
1643,972,00000000-0000-0000-0000-000000000000,2025-10-28,2025-10-28,2025-11-01,2025-11-01,Unpaid,1
1644,346,00000000-0000-0000-0000-000000000000,2026-01-08,2026-01-08,2026-01-12,2026-01-16,Sick,1
1645,1076,00000000-0000-0000-0000-000000000000,2025-05-07,2025-05-07,2025-05-19,2025-05-24,Unpaid,1
1646,440,00000000-0000-0000-0000-000000000000,2025-10-02,2025-10-02,2025-10-16,2025-10-20,Sick,1
1647,96,00000000-0000-0000-0000-000000000000,2025-04-23,2025-04-23,2025-05-02,2025-05-02,Annual,1
1648,390,00000000-0000-0000-0000-000000000000,2026-01-14,2026-01-14,2026-01-20,2026-01-22,Unpaid,2
1649,31,00000000-0000-0000-0000-000000000000,2025-09-25,2025-09-25,2025-09-29,2025-10-03,Annual,1
1650,607,00000000-0000-0000-0000-000000000000,2025-03-15,2025-03-15,2025-03-17,2025-03-18,Sick,0
1651,513,00000000-0000-0000-0000-000000000000,2025-12-23,2025-12-23,2025-12-30,2026-01-02,Unpaid,1
1652,404,00000000-0000-0000-0000-000000000000,2025-03-31,2025-03-31,2025-04-07,2025-04-14,Unpaid,1
1653,944,00000000-0000-0000-0000-000000000000,2025-10-31,2025-10-31,2025-11-04,2025-11-13,Sick,1
1654,361,00000000-0000-0000-0000-000000000000,2026-02-21,2026-02-21,2026-02-25,2026-03-04,Annual,1
1655,945,00000000-0000-0000-0000-000000000000,2025-01-14,2025-01-14,2025-01-25,2025-01-29,Sick,1
1656,869,00000000-0000-0000-0000-000000000000,2025-04-22,2025-04-22,2025-05-05,2025-05-12,Annual,1
1657,102,00000000-0000-0000-0000-000000000000,2025-07-23,2025-07-23,2025-08-06,2025-08-06,Annual,1
1658,562,00000000-0000-0000-0000-000000000000,2025-04-26,2025-04-26,2025-05-10,2025-05-13,Sick,2
1659,948,00000000-0000-0000-0000-000000000000,2025-07-02,2025-07-02,2025-07-10,2025-07-17,Sick,2
1660,1089,00000000-0000-0000-0000-000000000000,2025-10-05,2025-10-05,2025-10-08,2025-10-13,Sick,1
1661,507,00000000-0000-0000-0000-000000000000,2025-06-27,2025-06-27,2025-06-29,2025-07-02,Annual,1
1662,1424,00000000-0000-0000-0000-000000000000,2025-03-27,2025-03-27,2025-03-29,2025-04-01,Annual,1
1663,104,00000000-0000-0000-0000-000000000000,2025-03-03,2025-03-03,2025-03-06,2025-03-08,Annual,0
1664,205,00000000-0000-0000-0000-000000000000,2025-05-16,2025-05-16,2025-05-28,2025-05-28,Annual,1
1665,990,00000000-0000-0000-0000-000000000000,2025-05-24,2025-05-24,2025-05-30,2025-06-08,Annual,1
1666,973,00000000-0000-0000-0000-000000000000,2025-01-02,2025-01-02,2025-01-15,2025-01-24,Annual,1
1667,820,00000000-0000-0000-0000-000000000000,2025-06-10,2025-06-10,2025-06-20,2025-06-24,Sick,1
1668,112,00000000-0000-0000-0000-000000000000,2025-12-01,2025-12-01,2025-12-10,2025-12-18,Annual,1
1669,121,00000000-0000-0000-0000-000000000000,2026-02-28,2026-02-28,2026-03-05,2026-03-10,Sick,2
1670,1148,00000000-0000-0000-0000-000000000000,2025-04-30,2025-04-30,2025-05-05,2025-05-11,Sick,1
1671,811,00000000-0000-0000-0000-000000000000,2025-06-15,2025-06-15,2025-06-17,2025-06-20,Sick,1
1672,122,00000000-0000-0000-0000-000000000000,2025-09-07,2025-09-07,2025-09-21,2025-09-22,Sick,1
1673,376,00000000-0000-0000-0000-000000000000,2025-12-25,2025-12-25,2026-01-01,2026-01-07,Annual,1
1674,34,00000000-0000-0000-0000-000000000000,2025-02-17,2025-02-17,2025-02-20,2025-02-27,Sick,1
1675,588,00000000-0000-0000-0000-000000000000,2025-04-03,2025-04-03,2025-04-12,2025-04-20,Annual,1
1676,734,00000000-0000-0000-0000-000000000000,2026-01-02,2026-01-02,2026-01-15,2026-01-22,Sick,1
1677,446,00000000-0000-0000-0000-000000000000,2025-06-28,2025-06-28,2025-07-01,2025-07-08,Annual,1
1678,410,00000000-0000-0000-0000-000000000000,2025-05-29,2025-05-29,2025-06-12,2025-06-17,Annual,1
1679,433,00000000-0000-0000-0000-000000000000,2026-03-07,2026-03-07,2026-03-18,2026-03-24,Unpaid,1
1680,200,00000000-0000-0000-0000-000000000000,2025-05-14,2025-05-14,2025-05-28,2025-06-05,Annual,1
1681,119,00000000-0000-0000-0000-000000000000,2025-07-21,2025-07-21,2025-07-29,2025-08-01,Annual,1
1682,258,00000000-0000-0000-0000-000000000000,2025-02-07,2025-02-07,2025-02-21,2025-02-21,Unpaid,1
1683,1326,00000000-0000-0000-0000-000000000000,2026-03-04,2026-03-04,2026-03-06,2026-03-14,Unpaid,1
1684,735,00000000-0000-0000-0000-000000000000,2025-01-19,2025-01-19,2025-02-01,2025-02-09,Sick,1
1685,572,00000000-0000-0000-0000-000000000000,2025-01-27,2025-01-27,2025-02-10,2025-02-17,Sick,1
1686,142,00000000-0000-0000-0000-000000000000,2025-08-04,2025-08-04,2025-08-12,2025-08-13,Annual,1
1687,490,00000000-0000-0000-0000-000000000000,2025-06-22,2025-06-22,2025-06-25,2025-07-03,Sick,1
1688,375,00000000-0000-0000-0000-000000000000,2025-12-25,2025-12-25,2026-01-06,2026-01-12,Annual,1
1689,817,00000000-0000-0000-0000-000000000000,2025-09-04,2025-09-04,2025-09-16,2025-09-24,Annual,1
1690,1443,00000000-0000-0000-0000-000000000000,2025-04-15,2025-04-15,2025-04-29,2025-05-08,Sick,1
1691,233,00000000-0000-0000-0000-000000000000,2025-06-06,2025-06-06,2025-06-20,2025-06-28,Annual,1
1692,161,00000000-0000-0000-0000-000000000000,2025-01-19,2025-01-19,2025-01-28,2025-01-30,Annual,1
1693,78,00000000-0000-0000-0000-000000000000,2025-08-06,2025-08-06,2025-08-13,2025-08-15,Maternity/Paternity,1
1694,984,00000000-0000-0000-0000-000000000000,2025-02-14,2025-02-14,2025-02-21,2025-02-22,Annual,1
1695,491,00000000-0000-0000-0000-000000000000,2026-02-22,2026-02-22,2026-02-24,2026-02-25,Annual,1
1696,324,00000000-0000-0000-0000-000000000000,2026-03-23,2026-03-23,2026-04-03,2026-04-10,Annual,1
1697,1239,00000000-0000-0000-0000-000000000000,2025-09-04,2025-09-04,2025-09-09,2025-09-12,Annual,1
1698,473,00000000-0000-0000-0000-000000000000,2025-03-05,2025-03-05,2025-03-15,2025-03-16,Sick,1
1699,215,00000000-0000-0000-0000-000000000000,2025-12-10,2025-12-10,2025-12-16,2025-12-17,Sick,0
1700,845,00000000-0000-0000-0000-000000000000,2026-02-18,2026-02-18,2026-02-27,2026-03-04,Sick,1
1701,298,00000000-0000-0000-0000-000000000000,2026-03-26,2026-03-26,2026-04-06,2026-04-13,Maternity/Paternity,1
1702,557,00000000-0000-0000-0000-000000000000,2025-11-03,2025-11-03,2025-11-15,2025-11-22,Sick,1
1703,1087,00000000-0000-0000-0000-000000000000,2025-08-19,2025-08-19,2025-08-29,2025-08-29,Annual,1
1704,409,00000000-0000-0000-0000-000000000000,2025-03-24,2025-03-24,2025-04-07,2025-04-15,Annual,1
1705,388,00000000-0000-0000-0000-000000000000,2025-01-25,2025-01-25,2025-02-03,2025-02-07,Sick,1
1706,304,00000000-0000-0000-0000-000000000000,2025-06-29,2025-06-29,2025-07-13,2025-07-15,Annual,0
1707,969,00000000-0000-0000-0000-000000000000,2025-03-10,2025-03-10,2025-03-19,2025-03-25,Annual,1
1708,708,00000000-0000-0000-0000-000000000000,2025-10-18,2025-10-18,2025-10-20,2025-10-24,Annual,1
1709,1421,00000000-0000-0000-0000-000000000000,2025-12-30,2025-12-30,2026-01-06,2026-01-10,Annual,2
1710,238,00000000-0000-0000-0000-000000000000,2025-03-22,2025-03-22,2025-03-24,2025-03-28,Annual,1
1711,1025,00000000-0000-0000-0000-000000000000,2025-07-26,2025-07-26,2025-08-09,2025-08-18,Annual,1
1712,1080,00000000-0000-0000-0000-000000000000,2025-02-07,2025-02-07,2025-02-18,2025-02-27,Annual,0
1713,856,00000000-0000-0000-0000-000000000000,2026-02-16,2026-02-16,2026-03-01,2026-03-07,Annual,1
1714,155,00000000-0000-0000-0000-000000000000,2025-10-05,2025-10-05,2025-10-13,2025-10-15,Annual,1
1715,343,00000000-0000-0000-0000-000000000000,2025-07-21,2025-07-21,2025-08-04,2025-08-11,Annual,2
1716,955,00000000-0000-0000-0000-000000000000,2025-02-12,2025-02-12,2025-02-16,2025-02-20,Maternity/Paternity,1
1717,558,00000000-0000-0000-0000-000000000000,2025-04-03,2025-04-03,2025-04-13,2025-04-17,Annual,1
1718,258,00000000-0000-0000-0000-000000000000,2025-10-02,2025-10-02,2025-10-04,2025-10-13,Annual,1
1719,896,00000000-0000-0000-0000-000000000000,2026-01-03,2026-01-03,2026-01-16,2026-01-25,Sick,2
1720,1359,00000000-0000-0000-0000-000000000000,2026-02-12,2026-02-12,2026-02-21,2026-02-25,Unpaid,0
1721,1065,00000000-0000-0000-0000-000000000000,2025-04-25,2025-04-25,2025-05-02,2025-05-08,Annual,0
1722,673,00000000-0000-0000-0000-000000000000,2025-11-08,2025-11-08,2025-11-16,2025-11-25,Sick,1
1723,52,00000000-0000-0000-0000-000000000000,2026-02-20,2026-02-20,2026-02-28,2026-03-09,Annual,2
1724,1383,00000000-0000-0000-0000-000000000000,2025-10-18,2025-10-18,2025-10-31,2025-11-01,Unpaid,1
1725,673,00000000-0000-0000-0000-000000000000,2025-01-02,2025-01-02,2025-01-06,2025-01-09,Annual,1
1726,248,00000000-0000-0000-0000-000000000000,2025-03-22,2025-03-22,2025-03-31,2025-04-03,Sick,1
1727,480,00000000-0000-0000-0000-000000000000,2026-01-01,2026-01-01,2026-01-14,2026-01-14,Sick,0
1728,1311,00000000-0000-0000-0000-000000000000,2025-04-25,2025-04-25,2025-04-27,2025-04-27,Annual,1
1729,755,00000000-0000-0000-0000-000000000000,2025-06-08,2025-06-08,2025-06-16,2025-06-22,Annual,1
1730,808,00000000-0000-0000-0000-000000000000,2026-01-16,2026-01-16,2026-01-26,2026-01-30,Annual,1
1731,1062,00000000-0000-0000-0000-000000000000,2025-03-12,2025-03-12,2025-03-19,2025-03-27,Annual,2
1732,656,00000000-0000-0000-0000-000000000000,2025-06-17,2025-06-17,2025-06-25,2025-06-28,Unpaid,1
1733,489,00000000-0000-0000-0000-000000000000,2025-08-17,2025-08-17,2025-08-26,2025-08-31,Annual,2
1734,349,00000000-0000-0000-0000-000000000000,2025-04-09,2025-04-09,2025-04-20,2025-04-23,Annual,1
1735,1108,00000000-0000-0000-0000-000000000000,2026-01-25,2026-01-25,2026-02-01,2026-02-07,Unpaid,1
1736,1212,00000000-0000-0000-0000-000000000000,2025-02-01,2025-02-01,2025-02-03,2025-02-03,Maternity/Paternity,1
1737,877,00000000-0000-0000-0000-000000000000,2026-02-22,2026-02-22,2026-03-07,2026-03-15,Annual,1
1738,524,00000000-0000-0000-0000-000000000000,2025-09-24,2025-09-24,2025-10-02,2025-10-03,Sick,1
1739,1052,00000000-0000-0000-0000-000000000000,2026-03-07,2026-03-07,2026-03-15,2026-03-24,Maternity/Paternity,1
1740,77,00000000-0000-0000-0000-000000000000,2025-02-23,2025-02-23,2025-03-08,2025-03-09,Maternity/Paternity,1
1741,1007,00000000-0000-0000-0000-000000000000,2025-03-05,2025-03-05,2025-03-14,2025-03-16,Annual,1
1742,159,00000000-0000-0000-0000-000000000000,2025-12-05,2025-12-05,2025-12-16,2025-12-21,Sick,1
1743,404,00000000-0000-0000-0000-000000000000,2025-07-01,2025-07-01,2025-07-10,2025-07-11,Sick,1
1744,777,00000000-0000-0000-0000-000000000000,2025-10-19,2025-10-19,2025-10-29,2025-11-04,Sick,0
1745,292,00000000-0000-0000-0000-000000000000,2025-05-27,2025-05-27,2025-06-10,2025-06-16,Sick,1
1746,1249,00000000-0000-0000-0000-000000000000,2025-11-10,2025-11-10,2025-11-16,2025-11-21,Annual,2
1747,655,00000000-0000-0000-0000-000000000000,2025-12-11,2025-12-11,2025-12-17,2025-12-21,Annual,1
1748,405,00000000-0000-0000-0000-000000000000,2025-07-08,2025-07-08,2025-07-21,2025-07-26,Unpaid,1
1749,502,00000000-0000-0000-0000-000000000000,2025-11-19,2025-11-19,2025-11-26,2025-11-28,Maternity/Paternity,1
1750,0,00000000-0000-0000-0000-000000000000,2025-09-30,2025-09-30,2025-10-11,2025-10-15,Annual,0
1751,462,00000000-0000-0000-0000-000000000000,2025-01-24,2025-01-24,2025-02-06,2025-02-14,Sick,1
1752,1388,00000000-0000-0000-0000-000000000000,2025-08-07,2025-08-07,2025-08-18,2025-08-27,Annual,1
1753,898,00000000-0000-0000-0000-000000000000,2025-06-02,2025-06-02,2025-06-07,2025-06-08,Annual,1
1754,849,00000000-0000-0000-0000-000000000000,2026-01-31,2026-01-31,2026-02-07,2026-02-11,Annual,1
1755,1059,00000000-0000-0000-0000-000000000000,2025-08-14,2025-08-14,2025-08-26,2025-09-03,Unpaid,1
1756,335,00000000-0000-0000-0000-000000000000,2025-08-14,2025-08-14,2025-08-26,2025-09-02,Annual,1
1757,445,00000000-0000-0000-0000-000000000000,2025-05-16,2025-05-16,2025-05-23,2025-05-30,Annual,1
1758,485,00000000-0000-0000-0000-000000000000,2025-09-30,2025-09-30,2025-10-14,2025-10-23,Annual,1
1759,396,00000000-0000-0000-0000-000000000000,2025-06-18,2025-06-18,2025-07-01,2025-07-07,Annual,1
1760,96,00000000-0000-0000-0000-000000000000,2025-11-10,2025-11-10,2025-11-16,2025-11-24,Annual,0
1761,293,00000000-0000-0000-0000-000000000000,2025-09-22,2025-09-22,2025-09-27,2025-09-28,Annual,1
1762,1287,00000000-0000-0000-0000-000000000000,2025-12-27,2025-12-27,2026-01-04,2026-01-13,Sick,1
1763,347,00000000-0000-0000-0000-000000000000,2025-11-08,2025-11-08,2025-11-10,2025-11-13,Sick,1
1764,1263,00000000-0000-0000-0000-000000000000,2025-05-31,2025-05-31,2025-06-04,2025-06-04,Annual,1
1765,3,00000000-0000-0000-0000-000000000000,2025-12-02,2025-12-02,2025-12-09,2025-12-13,Annual,1
1766,669,00000000-0000-0000-0000-000000000000,2025-05-04,2025-05-04,2025-05-18,2025-05-23,Annual,1
1767,1220,00000000-0000-0000-0000-000000000000,2025-11-27,2025-11-27,2025-12-09,2025-12-11,Sick,0
1768,370,00000000-0000-0000-0000-000000000000,2025-05-28,2025-05-28,2025-06-03,2025-06-03,Annual,1
1769,808,00000000-0000-0000-0000-000000000000,2026-01-26,2026-01-26,2026-02-06,2026-02-10,Annual,1
1770,591,00000000-0000-0000-0000-000000000000,2025-08-15,2025-08-15,2025-08-29,2025-09-02,Sick,1
1771,336,00000000-0000-0000-0000-000000000000,2026-02-11,2026-02-11,2026-02-19,2026-02-20,Annual,1
1772,1029,00000000-0000-0000-0000-000000000000,2025-12-15,2025-12-15,2025-12-23,2025-12-27,Sick,2
1773,1289,00000000-0000-0000-0000-000000000000,2025-11-02,2025-11-02,2025-11-16,2025-11-17,Annual,1
1774,177,00000000-0000-0000-0000-000000000000,2025-03-26,2025-03-26,2025-04-02,2025-04-03,Annual,0
1775,1168,00000000-0000-0000-0000-000000000000,2026-03-24,2026-03-24,2026-04-07,2026-04-12,Annual,1
1776,238,00000000-0000-0000-0000-000000000000,2025-10-10,2025-10-10,2025-10-15,2025-10-23,Sick,1
1777,1316,00000000-0000-0000-0000-000000000000,2025-05-10,2025-05-10,2025-05-23,2025-05-28,Annual,1
1778,1126,00000000-0000-0000-0000-000000000000,2025-09-18,2025-09-18,2025-09-30,2025-10-01,Annual,1
1779,932,00000000-0000-0000-0000-000000000000,2025-04-15,2025-04-15,2025-04-29,2025-05-02,Sick,0
1780,622,00000000-0000-0000-0000-000000000000,2025-03-07,2025-03-07,2025-03-09,2025-03-14,Unpaid,1
1781,599,00000000-0000-0000-0000-000000000000,2025-04-07,2025-04-07,2025-04-12,2025-04-20,Annual,0
1782,1328,00000000-0000-0000-0000-000000000000,2025-08-23,2025-08-23,2025-09-01,2025-09-03,Unpaid,0
1783,1305,00000000-0000-0000-0000-000000000000,2025-10-30,2025-10-30,2025-11-07,2025-11-15,Annual,0
1784,393,00000000-0000-0000-0000-000000000000,2025-03-09,2025-03-09,2025-03-19,2025-03-24,Sick,1
1785,863,00000000-0000-0000-0000-000000000000,2025-05-01,2025-05-01,2025-05-05,2025-05-07,Annual,1
1786,741,00000000-0000-0000-0000-000000000000,2025-08-30,2025-08-30,2025-09-01,2025-09-04,Annual,1
1787,970,00000000-0000-0000-0000-000000000000,2026-03-16,2026-03-16,2026-03-20,2026-03-20,Annual,1
1788,1464,00000000-0000-0000-0000-000000000000,2025-10-13,2025-10-13,2025-10-21,2025-10-22,Sick,1
1789,10,00000000-0000-0000-0000-000000000000,2026-03-04,2026-03-04,2026-03-09,2026-03-09,Annual,0
1790,1010,00000000-0000-0000-0000-000000000000,2025-04-16,2025-04-16,2025-04-19,2025-04-26,Annual,1
1791,1074,00000000-0000-0000-0000-000000000000,2025-09-25,2025-09-25,2025-10-08,2025-10-16,Annual,1
1792,1402,00000000-0000-0000-0000-000000000000,2025-06-13,2025-06-13,2025-06-24,2025-06-24,Sick,0
1793,809,00000000-0000-0000-0000-000000000000,2025-09-24,2025-09-24,2025-09-26,2025-10-02,Annual,0
1794,1285,00000000-0000-0000-0000-000000000000,2025-02-26,2025-02-26,2025-03-05,2025-03-06,Annual,1
1795,232,00000000-0000-0000-0000-000000000000,2025-12-11,2025-12-11,2025-12-16,2025-12-21,Unpaid,2
1796,401,00000000-0000-0000-0000-000000000000,2025-05-17,2025-05-17,2025-05-31,2025-06-05,Annual,1
1797,1345,00000000-0000-0000-0000-000000000000,2025-05-28,2025-05-28,2025-06-06,2025-06-14,Annual,1
1798,197,00000000-0000-0000-0000-000000000000,2025-09-30,2025-09-30,2025-10-05,2025-10-13,Annual,0
1799,506,00000000-0000-0000-0000-000000000000,2025-04-01,2025-04-01,2025-04-05,2025-04-07,Annual,1
1800,77,00000000-0000-0000-0000-000000000000,2025-06-25,2025-06-25,2025-06-28,2025-07-02,Sick,1
1801,251,00000000-0000-0000-0000-000000000000,2026-01-15,2026-01-15,2026-01-29,2026-02-05,Unpaid,2
1802,752,00000000-0000-0000-0000-000000000000,2025-12-26,2025-12-26,2026-01-06,2026-01-14,Annual,1
1803,417,00000000-0000-0000-0000-000000000000,2025-07-16,2025-07-16,2025-07-22,2025-07-25,Annual,2
1804,22,00000000-0000-0000-0000-000000000000,2025-04-22,2025-04-22,2025-05-06,2025-05-08,Maternity/Paternity,1
1805,1109,00000000-0000-0000-0000-000000000000,2025-10-05,2025-10-05,2025-10-07,2025-10-12,Annual,2
1806,1433,00000000-0000-0000-0000-000000000000,2025-03-13,2025-03-13,2025-03-20,2025-03-23,Annual,1
1807,748,00000000-0000-0000-0000-000000000000,2025-05-09,2025-05-09,2025-05-12,2025-05-13,Annual,1
1808,1210,00000000-0000-0000-0000-000000000000,2025-03-05,2025-03-05,2025-03-16,2025-03-20,Annual,2
1809,762,00000000-0000-0000-0000-000000000000,2026-02-20,2026-02-20,2026-03-02,2026-03-05,Sick,1
1810,943,00000000-0000-0000-0000-000000000000,2025-08-30,2025-08-30,2025-09-06,2025-09-13,Annual,1
1811,269,00000000-0000-0000-0000-000000000000,2025-04-03,2025-04-03,2025-04-14,2025-04-17,Annual,0
1812,384,00000000-0000-0000-0000-000000000000,2025-03-03,2025-03-03,2025-03-11,2025-03-13,Sick,1
1813,457,00000000-0000-0000-0000-000000000000,2025-02-08,2025-02-08,2025-02-21,2025-02-22,Annual,0
1814,1201,00000000-0000-0000-0000-000000000000,2026-03-11,2026-03-11,2026-03-14,2026-03-17,Annual,2
1815,155,00000000-0000-0000-0000-000000000000,2025-04-29,2025-04-29,2025-05-08,2025-05-16,Annual,1
1816,1292,00000000-0000-0000-0000-000000000000,2025-06-07,2025-06-07,2025-06-16,2025-06-22,Annual,1
1817,79,00000000-0000-0000-0000-000000000000,2026-01-29,2026-01-29,2026-02-09,2026-02-10,Maternity/Paternity,1
1818,904,00000000-0000-0000-0000-000000000000,2025-12-31,2025-12-31,2026-01-14,2026-01-19,Maternity/Paternity,1
1819,1047,00000000-0000-0000-0000-000000000000,2025-02-07,2025-02-07,2025-02-10,2025-02-17,Unpaid,2
1820,117,00000000-0000-0000-0000-000000000000,2025-02-11,2025-02-11,2025-02-18,2025-02-27,Annual,1
1821,876,00000000-0000-0000-0000-000000000000,2025-05-15,2025-05-15,2025-05-25,2025-05-29,Unpaid,1
1822,1312,00000000-0000-0000-0000-000000000000,2025-06-06,2025-06-06,2025-06-12,2025-06-12,Annual,1
1823,437,00000000-0000-0000-0000-000000000000,2026-02-26,2026-02-26,2026-03-01,2026-03-09,Annual,1
1824,1342,00000000-0000-0000-0000-000000000000,2025-08-04,2025-08-04,2025-08-12,2025-08-12,Annual,1
1825,398,00000000-0000-0000-0000-000000000000,2025-11-25,2025-11-25,2025-12-03,2025-12-09,Annual,1
1826,959,00000000-0000-0000-0000-000000000000,2025-12-20,2025-12-20,2025-12-22,2025-12-31,Annual,1
1827,852,00000000-0000-0000-0000-000000000000,2025-06-30,2025-06-30,2025-07-06,2025-07-14,Annual,1
1828,1284,00000000-0000-0000-0000-000000000000,2025-12-20,2025-12-20,2025-12-25,2025-12-31,Annual,1
1829,637,00000000-0000-0000-0000-000000000000,2025-05-22,2025-05-22,2025-05-30,2025-06-02,Unpaid,1
1830,137,00000000-0000-0000-0000-000000000000,2025-10-11,2025-10-11,2025-10-24,2025-11-02,Annual,1
1831,1177,00000000-0000-0000-0000-000000000000,2025-07-27,2025-07-27,2025-08-06,2025-08-08,Annual,1
1832,1301,00000000-0000-0000-0000-000000000000,2025-01-25,2025-01-25,2025-01-30,2025-02-04,Sick,1
1833,610,00000000-0000-0000-0000-000000000000,2025-12-10,2025-12-10,2025-12-13,2025-12-18,Annual,1
1834,236,00000000-0000-0000-0000-000000000000,2025-07-23,2025-07-23,2025-08-05,2025-08-09,Annual,1
1835,670,00000000-0000-0000-0000-000000000000,2025-06-06,2025-06-06,2025-06-13,2025-06-17,Unpaid,1
1836,1336,00000000-0000-0000-0000-000000000000,2025-07-25,2025-07-25,2025-08-01,2025-08-04,Annual,1
1837,1050,00000000-0000-0000-0000-000000000000,2025-01-27,2025-01-27,2025-02-05,2025-02-14,Annual,1
1838,1359,00000000-0000-0000-0000-000000000000,2025-08-02,2025-08-02,2025-08-05,2025-08-09,Unpaid,0
1839,795,00000000-0000-0000-0000-000000000000,2025-02-07,2025-02-07,2025-02-20,2025-02-20,Annual,1
1840,173,00000000-0000-0000-0000-000000000000,2025-04-04,2025-04-04,2025-04-16,2025-04-24,Annual,1
1841,1461,00000000-0000-0000-0000-000000000000,2025-04-24,2025-04-24,2025-04-28,2025-04-30,Annual,1
1842,1197,00000000-0000-0000-0000-000000000000,2025-09-12,2025-09-12,2025-09-22,2025-09-25,Annual,1
1843,1036,00000000-0000-0000-0000-000000000000,2025-01-30,2025-01-30,2025-02-09,2025-02-18,Maternity/Paternity,1
1844,842,00000000-0000-0000-0000-000000000000,2025-08-13,2025-08-13,2025-08-15,2025-08-17,Sick,1
1845,355,00000000-0000-0000-0000-000000000000,2025-08-31,2025-08-31,2025-09-04,2025-09-11,Annual,0
1846,224,00000000-0000-0000-0000-000000000000,2025-07-19,2025-07-19,2025-07-29,2025-08-02,Annual,1
1847,1361,00000000-0000-0000-0000-000000000000,2025-04-09,2025-04-09,2025-04-15,2025-04-16,Annual,1
1848,73,00000000-0000-0000-0000-000000000000,2025-12-18,2025-12-18,2025-12-20,2025-12-26,Annual,1
1849,214,00000000-0000-0000-0000-000000000000,2025-05-12,2025-05-12,2025-05-26,2025-06-02,Unpaid,1
1850,552,00000000-0000-0000-0000-000000000000,2026-02-16,2026-02-16,2026-02-25,2026-02-27,Annual,1
1851,692,00000000-0000-0000-0000-000000000000,2026-01-15,2026-01-15,2026-01-22,2026-01-22,Sick,1
1852,643,00000000-0000-0000-0000-000000000000,2025-10-04,2025-10-04,2025-10-16,2025-10-17,Sick,1
1853,688,00000000-0000-0000-0000-000000000000,2025-07-31,2025-07-31,2025-08-11,2025-08-11,Annual,1
1854,47,00000000-0000-0000-0000-000000000000,2025-11-24,2025-11-24,2025-12-06,2025-12-10,Annual,0
1855,96,00000000-0000-0000-0000-000000000000,2025-03-21,2025-03-21,2025-03-30,2025-04-07,Unpaid,1
1856,1203,00000000-0000-0000-0000-000000000000,2025-03-22,2025-03-22,2025-03-27,2025-03-28,Annual,1
1857,656,00000000-0000-0000-0000-000000000000,2025-03-13,2025-03-13,2025-03-27,2025-03-30,Unpaid,1
1858,1109,00000000-0000-0000-0000-000000000000,2026-02-17,2026-02-17,2026-02-26,2026-03-06,Annual,1
1859,62,00000000-0000-0000-0000-000000000000,2025-06-30,2025-06-30,2025-07-05,2025-07-11,Sick,1
1860,1205,00000000-0000-0000-0000-000000000000,2025-04-04,2025-04-04,2025-04-10,2025-04-12,Annual,1
1861,1160,00000000-0000-0000-0000-000000000000,2025-02-20,2025-02-20,2025-02-22,2025-03-02,Annual,1
1862,1159,00000000-0000-0000-0000-000000000000,2025-12-15,2025-12-15,2025-12-20,2025-12-26,Maternity/Paternity,1
1863,1320,00000000-0000-0000-0000-000000000000,2025-08-27,2025-08-27,2025-09-03,2025-09-04,Sick,1
1864,151,00000000-0000-0000-0000-000000000000,2025-10-06,2025-10-06,2025-10-16,2025-10-21,Annual,1
1865,619,00000000-0000-0000-0000-000000000000,2026-02-14,2026-02-14,2026-02-19,2026-02-21,Sick,1
1866,550,00000000-0000-0000-0000-000000000000,2025-02-18,2025-02-18,2025-02-28,2025-03-04,Sick,1
1867,119,00000000-0000-0000-0000-000000000000,2026-01-19,2026-01-19,2026-02-01,2026-02-05,Sick,1
1868,1467,00000000-0000-0000-0000-000000000000,2025-03-03,2025-03-03,2025-03-06,2025-03-10,Annual,0
1869,846,00000000-0000-0000-0000-000000000000,2025-04-18,2025-04-18,2025-04-24,2025-04-25,Annual,1
1870,878,00000000-0000-0000-0000-000000000000,2025-05-18,2025-05-18,2025-05-26,2025-05-30,Maternity/Paternity,1
1871,1131,00000000-0000-0000-0000-000000000000,2025-04-05,2025-04-05,2025-04-18,2025-04-19,Annual,1
1872,391,00000000-0000-0000-0000-000000000000,2025-10-01,2025-10-01,2025-10-10,2025-10-16,Annual,0
1873,450,00000000-0000-0000-0000-000000000000,2025-06-20,2025-06-20,2025-07-04,2025-07-04,Sick,1
1874,1016,00000000-0000-0000-0000-000000000000,2025-07-26,2025-07-26,2025-08-07,2025-08-13,Annual,1
1875,437,00000000-0000-0000-0000-000000000000,2026-01-15,2026-01-15,2026-01-26,2026-01-29,Annual,1
1876,594,00000000-0000-0000-0000-000000000000,2025-10-16,2025-10-16,2025-10-28,2025-11-03,Annual,0
1877,1116,00000000-0000-0000-0000-000000000000,2025-08-04,2025-08-04,2025-08-08,2025-08-12,Annual,1
1878,505,00000000-0000-0000-0000-000000000000,2025-12-13,2025-12-13,2025-12-15,2025-12-15,Maternity/Paternity,1
1879,598,00000000-0000-0000-0000-000000000000,2025-08-25,2025-08-25,2025-09-01,2025-09-01,Unpaid,1
1880,1118,00000000-0000-0000-0000-000000000000,2025-05-25,2025-05-25,2025-06-02,2025-06-08,Annual,1
1881,179,00000000-0000-0000-0000-000000000000,2025-08-19,2025-08-19,2025-08-30,2025-08-30,Maternity/Paternity,2
1882,1280,00000000-0000-0000-0000-000000000000,2025-09-19,2025-09-19,2025-09-29,2025-10-06,Annual,1
1883,107,00000000-0000-0000-0000-000000000000,2025-07-23,2025-07-23,2025-07-30,2025-07-30,Annual,1
1884,177,00000000-0000-0000-0000-000000000000,2025-09-20,2025-09-20,2025-10-01,2025-10-07,Annual,1
1885,810,00000000-0000-0000-0000-000000000000,2025-02-02,2025-02-02,2025-02-16,2025-02-22,Annual,1
1886,868,00000000-0000-0000-0000-000000000000,2025-07-29,2025-07-29,2025-08-03,2025-08-11,Sick,1
1887,549,00000000-0000-0000-0000-000000000000,2025-05-31,2025-05-31,2025-06-08,2025-06-08,Annual,1
1888,823,00000000-0000-0000-0000-000000000000,2025-12-06,2025-12-06,2025-12-20,2025-12-26,Annual,1
1889,987,00000000-0000-0000-0000-000000000000,2025-12-24,2025-12-24,2026-01-01,2026-01-07,Annual,1
1890,527,00000000-0000-0000-0000-000000000000,2025-11-05,2025-11-05,2025-11-15,2025-11-19,Annual,1
1891,1302,00000000-0000-0000-0000-000000000000,2025-11-12,2025-11-12,2025-11-21,2025-11-25,Annual,0
1892,26,00000000-0000-0000-0000-000000000000,2025-10-22,2025-10-22,2025-10-24,2025-10-30,Annual,1
1893,1117,00000000-0000-0000-0000-000000000000,2026-01-01,2026-01-01,2026-01-12,2026-01-13,Unpaid,1
1894,394,00000000-0000-0000-0000-000000000000,2025-08-01,2025-08-01,2025-08-04,2025-08-04,Annual,0
1895,642,00000000-0000-0000-0000-000000000000,2025-02-17,2025-02-17,2025-03-02,2025-03-09,Annual,1
1896,413,00000000-0000-0000-0000-000000000000,2025-03-23,2025-03-23,2025-04-05,2025-04-08,Annual,0
1897,830,00000000-0000-0000-0000-000000000000,2026-03-12,2026-03-12,2026-03-16,2026-03-21,Annual,0
1898,776,00000000-0000-0000-0000-000000000000,2025-03-01,2025-03-01,2025-03-04,2025-03-10,Maternity/Paternity,1
1899,1463,00000000-0000-0000-0000-000000000000,2025-11-30,2025-11-30,2025-12-06,2025-12-06,Annual,1
1900,406,00000000-0000-0000-0000-000000000000,2025-02-01,2025-02-01,2025-02-03,2025-02-11,Annual,1
1901,724,00000000-0000-0000-0000-000000000000,2025-02-18,2025-02-18,2025-02-25,2025-02-27,Annual,1
1902,365,00000000-0000-0000-0000-000000000000,2026-02-15,2026-02-15,2026-02-25,2026-03-06,Annual,1
1903,330,00000000-0000-0000-0000-000000000000,2025-07-27,2025-07-27,2025-08-08,2025-08-09,Annual,1
1904,977,00000000-0000-0000-0000-000000000000,2025-08-23,2025-08-23,2025-09-06,2025-09-15,Annual,1
1905,273,00000000-0000-0000-0000-000000000000,2025-06-19,2025-06-19,2025-06-27,2025-07-03,Annual,1
1906,896,00000000-0000-0000-0000-000000000000,2026-01-24,2026-01-24,2026-01-26,2026-01-31,Annual,1
1907,790,00000000-0000-0000-0000-000000000000,2025-09-08,2025-09-08,2025-09-17,2025-09-23,Annual,1
1908,1049,00000000-0000-0000-0000-000000000000,2026-03-19,2026-03-19,2026-03-26,2026-04-04,Unpaid,0
1909,1052,00000000-0000-0000-0000-000000000000,2025-03-02,2025-03-02,2025-03-09,2025-03-12,Sick,1
1910,1140,00000000-0000-0000-0000-000000000000,2025-01-25,2025-01-25,2025-01-31,2025-02-02,Sick,1
1911,373,00000000-0000-0000-0000-000000000000,2025-04-08,2025-04-08,2025-04-21,2025-04-28,Annual,1
1912,578,00000000-0000-0000-0000-000000000000,2025-12-16,2025-12-16,2025-12-29,2026-01-03,Unpaid,1
1913,1188,00000000-0000-0000-0000-000000000000,2025-05-24,2025-05-24,2025-05-28,2025-05-29,Sick,1
1914,593,00000000-0000-0000-0000-000000000000,2025-03-28,2025-03-28,2025-03-30,2025-04-07,Annual,1
1915,402,00000000-0000-0000-0000-000000000000,2025-07-08,2025-07-08,2025-07-20,2025-07-27,Annual,1
1916,973,00000000-0000-0000-0000-000000000000,2025-08-21,2025-08-21,2025-08-27,2025-09-04,Annual,1
1917,1016,00000000-0000-0000-0000-000000000000,2025-03-31,2025-03-31,2025-04-04,2025-04-04,Annual,1
1918,1231,00000000-0000-0000-0000-000000000000,2025-12-26,2025-12-26,2025-12-29,2025-12-31,Annual,1
1919,502,00000000-0000-0000-0000-000000000000,2025-12-23,2025-12-23,2025-12-31,2026-01-08,Annual,0
1920,245,00000000-0000-0000-0000-000000000000,2026-03-10,2026-03-10,2026-03-14,2026-03-14,Unpaid,1
1921,1450,00000000-0000-0000-0000-000000000000,2025-07-01,2025-07-01,2025-07-04,2025-07-10,Annual,1
1922,1307,00000000-0000-0000-0000-000000000000,2025-09-29,2025-09-29,2025-10-03,2025-10-12,Annual,1
1923,54,00000000-0000-0000-0000-000000000000,2025-11-17,2025-11-17,2025-11-20,2025-11-27,Annual,1
1924,174,00000000-0000-0000-0000-000000000000,2025-11-14,2025-11-14,2025-11-21,2025-11-22,Sick,1
1925,620,00000000-0000-0000-0000-000000000000,2025-11-05,2025-11-05,2025-11-13,2025-11-19,Sick,1
1926,1293,00000000-0000-0000-0000-000000000000,2026-02-15,2026-02-15,2026-02-20,2026-02-21,Maternity/Paternity,1
1927,550,00000000-0000-0000-0000-000000000000,2026-01-04,2026-01-04,2026-01-18,2026-01-20,Annual,0
1928,1273,00000000-0000-0000-0000-000000000000,2026-01-23,2026-01-23,2026-01-29,2026-02-06,Annual,0
1929,951,00000000-0000-0000-0000-000000000000,2025-07-19,2025-07-19,2025-07-21,2025-07-30,Annual,1
1930,1377,00000000-0000-0000-0000-000000000000,2025-03-12,2025-03-12,2025-03-14,2025-03-23,Sick,1
1931,1397,00000000-0000-0000-0000-000000000000,2025-12-12,2025-12-12,2025-12-25,2026-01-01,Annual,1
1932,331,00000000-0000-0000-0000-000000000000,2025-05-21,2025-05-21,2025-06-02,2025-06-05,Unpaid,1
1933,1379,00000000-0000-0000-0000-000000000000,2025-06-03,2025-06-03,2025-06-08,2025-06-12,Annual,1
1934,211,00000000-0000-0000-0000-000000000000,2026-01-06,2026-01-06,2026-01-18,2026-01-20,Annual,1
1935,417,00000000-0000-0000-0000-000000000000,2025-05-31,2025-05-31,2025-06-06,2025-06-15,Annual,1
1936,133,00000000-0000-0000-0000-000000000000,2025-05-31,2025-05-31,2025-06-10,2025-06-16,Annual,1
1937,351,00000000-0000-0000-0000-000000000000,2025-10-03,2025-10-03,2025-10-17,2025-10-17,Annual,1
1938,182,00000000-0000-0000-0000-000000000000,2025-11-26,2025-11-26,2025-12-03,2025-12-09,Annual,1
1939,1262,00000000-0000-0000-0000-000000000000,2025-08-23,2025-08-23,2025-08-25,2025-08-25,Annual,1
1940,857,00000000-0000-0000-0000-000000000000,2026-02-10,2026-02-10,2026-02-12,2026-02-19,Annual,0
1941,1234,00000000-0000-0000-0000-000000000000,2025-10-03,2025-10-03,2025-10-10,2025-10-19,Annual,1
1942,1192,00000000-0000-0000-0000-000000000000,2025-06-28,2025-06-28,2025-07-10,2025-07-13,Annual,1
1943,822,00000000-0000-0000-0000-000000000000,2025-05-25,2025-05-25,2025-05-30,2025-06-04,Annual,1
1944,1353,00000000-0000-0000-0000-000000000000,2025-10-15,2025-10-15,2025-10-26,2025-10-27,Unpaid,1
1945,1303,00000000-0000-0000-0000-000000000000,2025-12-11,2025-12-11,2025-12-18,2025-12-26,Annual,1
1946,423,00000000-0000-0000-0000-000000000000,2026-03-19,2026-03-19,2026-03-31,2026-04-05,Annual,1
1947,1307,00000000-0000-0000-0000-000000000000,2025-01-08,2025-01-08,2025-01-18,2025-01-23,Sick,1
1948,560,00000000-0000-0000-0000-000000000000,2025-08-15,2025-08-15,2025-08-21,2025-08-29,Sick,1
1949,180,00000000-0000-0000-0000-000000000000,2025-12-22,2025-12-22,2026-01-03,2026-01-05,Annual,1
1950,1009,00000000-0000-0000-0000-000000000000,2026-01-29,2026-01-29,2026-02-12,2026-02-15,Sick,1
1951,210,00000000-0000-0000-0000-000000000000,2025-08-08,2025-08-08,2025-08-17,2025-08-24,Annual,2
1952,965,00000000-0000-0000-0000-000000000000,2026-02-06,2026-02-06,2026-02-19,2026-02-21,Maternity/Paternity,0
1953,140,00000000-0000-0000-0000-000000000000,2026-03-26,2026-03-26,2026-04-04,2026-04-09,Sick,1
1954,801,00000000-0000-0000-0000-000000000000,2025-08-30,2025-08-30,2025-09-02,2025-09-02,Annual,1
1955,197,00000000-0000-0000-0000-000000000000,2025-12-10,2025-12-10,2025-12-22,2025-12-29,Maternity/Paternity,2
1956,227,00000000-0000-0000-0000-000000000000,2025-01-04,2025-01-04,2025-01-13,2025-01-13,Sick,1
1957,843,00000000-0000-0000-0000-000000000000,2025-10-18,2025-10-18,2025-10-29,2025-10-29,Annual,1
1958,785,00000000-0000-0000-0000-000000000000,2025-10-11,2025-10-11,2025-10-15,2025-10-19,Annual,1
1959,840,00000000-0000-0000-0000-000000000000,2025-01-20,2025-01-20,2025-01-25,2025-01-29,Annual,1
1960,1278,00000000-0000-0000-0000-000000000000,2025-01-07,2025-01-07,2025-01-11,2025-01-12,Unpaid,1
1961,1403,00000000-0000-0000-0000-000000000000,2026-01-23,2026-01-23,2026-01-30,2026-02-01,Sick,1
1962,541,00000000-0000-0000-0000-000000000000,2025-02-17,2025-02-17,2025-03-02,2025-03-10,Unpaid,1
1963,655,00000000-0000-0000-0000-000000000000,2025-05-02,2025-05-02,2025-05-15,2025-05-20,Annual,1
1964,1433,00000000-0000-0000-0000-000000000000,2025-01-02,2025-01-02,2025-01-15,2025-01-18,Annual,0
1965,476,00000000-0000-0000-0000-000000000000,2025-08-10,2025-08-10,2025-08-19,2025-08-20,Annual,1
1966,552,00000000-0000-0000-0000-000000000000,2025-06-04,2025-06-04,2025-06-16,2025-06-24,Unpaid,1
1967,713,00000000-0000-0000-0000-000000000000,2026-01-10,2026-01-10,2026-01-22,2026-01-29,Annual,2
1968,780,00000000-0000-0000-0000-000000000000,2025-02-19,2025-02-19,2025-03-02,2025-03-09,Sick,2
1969,417,00000000-0000-0000-0000-000000000000,2025-02-24,2025-02-24,2025-03-09,2025-03-18,Annual,1
1970,82,00000000-0000-0000-0000-000000000000,2025-05-25,2025-05-25,2025-06-06,2025-06-08,Annual,1
1971,985,00000000-0000-0000-0000-000000000000,2025-03-13,2025-03-13,2025-03-20,2025-03-24,Maternity/Paternity,1
1972,1451,00000000-0000-0000-0000-000000000000,2025-09-29,2025-09-29,2025-10-08,2025-10-12,Sick,1
1973,300,00000000-0000-0000-0000-000000000000,2025-02-28,2025-02-28,2025-03-06,2025-03-07,Sick,1
1974,1101,00000000-0000-0000-0000-000000000000,2025-03-16,2025-03-16,2025-03-19,2025-03-21,Annual,1
1975,339,00000000-0000-0000-0000-000000000000,2025-10-05,2025-10-05,2025-10-10,2025-10-18,Annual,1
1976,1238,00000000-0000-0000-0000-000000000000,2025-09-21,2025-09-21,2025-10-01,2025-10-01,Annual,1
1977,919,00000000-0000-0000-0000-000000000000,2026-01-01,2026-01-01,2026-01-05,2026-01-10,Annual,1
1978,518,00000000-0000-0000-0000-000000000000,2025-05-07,2025-05-07,2025-05-13,2025-05-13,Annual,1
1979,242,00000000-0000-0000-0000-000000000000,2026-02-16,2026-02-16,2026-03-01,2026-03-06,Sick,1
1980,435,00000000-0000-0000-0000-000000000000,2026-03-12,2026-03-12,2026-03-16,2026-03-16,Sick,1
1981,921,00000000-0000-0000-0000-000000000000,2025-04-10,2025-04-10,2025-04-15,2025-04-21,Annual,1
1982,1350,00000000-0000-0000-0000-000000000000,2025-11-02,2025-11-02,2025-11-05,2025-11-09,Maternity/Paternity,1
1983,910,00000000-0000-0000-0000-000000000000,2025-04-14,2025-04-14,2025-04-20,2025-04-22,Maternity/Paternity,1
1984,1162,00000000-0000-0000-0000-000000000000,2025-01-28,2025-01-28,2025-02-09,2025-02-17,Unpaid,1
1985,1405,00000000-0000-0000-0000-000000000000,2025-01-12,2025-01-12,2025-01-14,2025-01-17,Annual,1
1986,518,00000000-0000-0000-0000-000000000000,2025-12-16,2025-12-16,2025-12-28,2026-01-06,Annual,1
1987,752,00000000-0000-0000-0000-000000000000,2025-06-17,2025-06-17,2025-06-30,2025-07-08,Annual,1
1988,1033,00000000-0000-0000-0000-000000000000,2025-09-24,2025-09-24,2025-10-03,2025-10-09,Sick,1
1989,1087,00000000-0000-0000-0000-000000000000,2025-10-13,2025-10-13,2025-10-25,2025-10-25,Maternity/Paternity,1
1990,1390,00000000-0000-0000-0000-000000000000,2025-01-14,2025-01-14,2025-01-23,2025-01-27,Annual,1
1991,1369,00000000-0000-0000-0000-000000000000,2026-03-16,2026-03-16,2026-03-21,2026-03-25,Annual,1
1992,362,00000000-0000-0000-0000-000000000000,2025-08-08,2025-08-08,2025-08-19,2025-08-23,Annual,1
1993,105,00000000-0000-0000-0000-000000000000,2025-10-17,2025-10-17,2025-10-31,2025-11-09,Annual,1
1994,715,00000000-0000-0000-0000-000000000000,2026-01-02,2026-01-02,2026-01-11,2026-01-20,Annual,1
1995,627,00000000-0000-0000-0000-000000000000,2025-06-10,2025-06-10,2025-06-22,2025-07-01,Annual,0
1996,420,00000000-0000-0000-0000-000000000000,2025-12-09,2025-12-09,2025-12-18,2025-12-23,Sick,1
1997,1258,00000000-0000-0000-0000-000000000000,2025-01-08,2025-01-08,2025-01-17,2025-01-20,Sick,1
1998,580,00000000-0000-0000-0000-000000000000,2025-01-01,2025-01-01,2025-01-13,2025-01-17,Annual,1
1999,882,00000000-0000-0000-0000-000000000000,2025-08-16,2025-08-16,2025-08-27,2025-09-03,Annual,1
